case_id,reason_code,product_category,payment_method,order_value,time_to_dispute_days,days_remaining_to_respond,delivery_confirmed,communication_logs_present,device_ip_match_score,listing_accuracy_score,customer_prior_disputes,customer_account_age_days,_true_win_prob_debug_only,merchant_won
90b53ba6-0656-4acd-9f0d-ddf9472e60ea,not_as_described,groceries,netbanking,2093.32,1,10,not_shipped,False,0.62,0.536,0,41,0.247,False
97f75f3a-0204-4401-9077-6d47ffadaa65,not_as_described,electronics,card,2698.06,13,16,in_transit,True,0.521,0.425,0,133,0.3349,False
b56931ac-6222-4be0-9cec-d202f72f785b,item_not_received,electronics,upi,1463.87,12,18,in_transit,True,0.499,0.515,1,164,0.2949,True
2f6cc00b-2c4a-4962-a24c-87c7806a7db6,not_as_described,groceries,upi,664.21,22,10,delivered_no_signature,False,0.719,0.8,0,1026,0.7064,True
144bead8-545f-4fed-8716-f196d772ad68,duplicate_charge,beauty,card,1354.38,2,14,signed_confirmation,True,0.327,0.568,0,217,0.4357,True
aceb09d2-67be-4c94-a669-c271859ffad4,fraud_card_not_present,digital_goods,wallet,397.45,21,21,not_shipped,False,0.665,0.884,1,278,0.3453,False
d1888c36-f257-42db-987f-14d2f278ba14,item_not_received,apparel,upi,723.85,2,14,signed_confirmation,True,0.654,0.612,0,661,0.8508,False
b0aee55c-2b47-4e1c-b662-5e25cd11ea69,item_not_received,digital_goods,card,5415.7,3,17,not_shipped,False,0.156,0.341,0,1366,0.0202,False
7dc69a9d-c197-443f-a33e-d412f56afc5d,item_not_received,apparel,upi,1009.54,2,14,not_shipped,True,0.102,0.574,0,227,0.0685,False
f96a7cb7-5075-41e7-9fb5-f589deea7983,fraud_card_not_present,apparel,wallet,1048.72,15,10,in_transit,False,0.512,0.52,1,61,0.7144,True
0cf12727-496a-4650-94d2-0c98861800d8,fraud_card_not_present,digital_goods,netbanking,3180.66,3,13,in_transit,False,0.437,0.942,1,121,0.2658,False
8655d764-1060-47a5-b420-897dad282245,not_as_described,home_goods,card,1393.62,11,3,signed_confirmation,False,0.625,0.549,0,289,0.9085,True
43e4bda7-2f1a-4102-9e34-daea27286b3f,subscription_not_cancelled,home_goods,upi,527.61,1,17,signed_confirmation,False,0.395,0.346,1,125,0.1959,False
f05d4b94-e82f-4343-9cab-74698edcb762,duplicate_charge,beauty,card,644.57,1,3,in_transit,True,0.374,0.64,0,93,0.8329,True
885c4c16-26e7-4333-aa6c-54e4dcad6443,item_not_received,home_goods,upi,897.92,6,7,signed_confirmation,True,0.649,0.442,1,1076,0.5585,False
1c450061-3c4b-4665-b074-3fbc9644023f,subscription_not_cancelled,apparel,netbanking,1138.36,18,21,in_transit,True,0.237,0.525,0,174,0.9123,True
0c293685-e4cf-4772-94f2-753d22c30494,item_not_received,home_goods,card,348.07,4,7,not_shipped,False,0.687,0.724,0,526,0.0307,False
66723a37-06b2-470a-9d1a-d68074794d47,duplicate_charge,beauty,upi,1764.78,25,3,signed_confirmation,False,0.594,0.852,1,2148,0.419,False
b479e981-3421-4569-9e9e-3b33983069ec,item_not_received,digital_goods,upi,957.98,23,10,delivered_no_signature,False,0.746,0.762,0,384,0.6358,True
10a4d423-2427-47b5-90a9-05e83e286623,item_not_received,groceries,card,1267.82,32,7,signed_confirmation,True,0.844,0.516,1,438,0.8009,True
a295f347-670a-4c62-8df6-eebab608c7f5,not_as_described,electronics,card,2917.83,14,15,signed_confirmation,False,0.256,0.542,2,13,0.5505,True
6953d3d1-0467-45e2-9cd0-130f49b903eb,fraud_card_not_present,digital_goods,upi,1878.96,39,4,delivered_no_signature,True,0.889,0.492,2,663,0.4778,True
352c12ed-a134-4ab8-9f1f-7e29717f0d50,item_not_received,groceries,upi,422.56,3,16,delivered_no_signature,True,0.199,0.588,1,84,0.6049,False
77e16daf-f4a6-481d-ac28-bcb8b96377a2,item_not_received,groceries,upi,1206.88,2,17,not_shipped,True,0.236,0.608,0,15,0.1329,False
66217719-6a7e-45b4-ac57-7c416596b17b,item_not_received,home_goods,upi,1190.96,11,13,signed_confirmation,False,0.313,0.695,1,39,0.7561,True
38d34c0e-fdff-429a-9989-0266b467caba,item_not_received,groceries,card,1097.48,23,14,in_transit,False,0.652,0.367,1,83,0.351,True
f8fcb5e6-b0cd-4c1b-9600-4d2a1c03442f,item_not_received,electronics,card,149.65,41,16,signed_confirmation,True,0.112,0.839,1,154,0.8661,True
f8ed2501-98ed-463d-a9c5-a9b56eaa0417,fraud_card_not_present,digital_goods,wallet,374.98,6,18,not_shipped,True,0.493,0.715,1,233,0.3971,False
38c519ed-2d86-411a-9b83-6b3d542732d4,not_as_described,home_goods,card,196.8,34,11,delivered_no_signature,False,0.412,0.643,2,1451,0.3285,False
b412f5df-ff8c-4a89-9cf4-ef7be5af9262,item_not_received,groceries,upi,403.46,9,11,not_shipped,False,0.234,0.475,0,327,0.035,False
01b22b3d-8134-435b-bce9-c3d71fdf5c73,subscription_not_cancelled,home_goods,upi,715.32,11,14,delivered_no_signature,False,0.322,0.37,1,589,0.1776,True
7adff451-4f59-4752-8c9e-620e8d238e39,not_as_described,beauty,wallet,1115.99,16,11,signed_confirmation,False,0.801,0.932,0,459,0.3377,False
9c3961c4-9b6e-4383-8784-540466359ac5,duplicate_charge,home_goods,netbanking,1115.97,2,16,delivered_no_signature,False,0.634,0.314,1,1223,0.4656,False
6a9df640-9111-4b45-8eda-71773aa2b274,item_not_received,electronics,netbanking,329.62,1,6,signed_confirmation,False,0.591,0.896,1,143,0.9615,True
6b0e127a-d937-4a78-b453-7b5c7bf52e0c,fraud_card_not_present,groceries,upi,1053.27,4,1,signed_confirmation,False,0.566,0.238,1,471,0.3564,True
724d331d-a38d-4cfc-a512-14eab275a919,item_not_received,apparel,netbanking,1269.77,1,4,in_transit,False,0.434,0.409,2,637,0.5519,False
9c06533e-5725-4215-9311-8013913dcf06,fraud_card_not_present,apparel,card,377.18,4,1,delivered_no_signature,True,0.462,0.354,0,5,0.6581,False
98ed520a-f246-49bb-96e5-66b65b479c9f,fraud_card_not_present,electronics,upi,219.83,9,11,in_transit,False,0.93,0.409,0,845,0.7365,True
009ff001-1758-4fc9-bd96-1b454b3ad101,fraud_card_not_present,apparel,wallet,1035.16,1,3,signed_confirmation,True,0.032,0.167,0,1650,0.2019,False
6f5d2e53-2945-423e-bcfa-d0c82b570162,subscription_not_cancelled,groceries,upi,4476.75,7,10,in_transit,True,0.406,0.655,0,105,0.395,False
14d5aa9d-80aa-42ef-9d66-71ef76113870,not_as_described,home_goods,netbanking,3027.71,1,7,signed_confirmation,False,0.821,0.45,2,176,0.4787,True
a527094e-e068-493c-8003-c7ce73531fcc,not_as_described,electronics,upi,179.82,1,7,delivered_no_signature,True,0.809,0.453,2,668,0.5655,False
83752156-3642-46f5-825a-3499043375a3,item_not_received,digital_goods,card,1188.33,7,9,delivered_no_signature,True,0.12,0.954,1,454,0.8714,True
14552fe3-3a44-40f8-ae9f-ad7d8bbb0dbf,duplicate_charge,beauty,card,637.9,6,12,in_transit,True,0.771,0.638,0,873,0.8752,True
bf8e7ba2-023e-4899-b3d7-a30379edbbdd,not_as_described,groceries,upi,2033.96,2,20,signed_confirmation,True,0.755,0.736,0,192,0.6086,True
7525a996-51c9-454c-9401-a0e52f788202,fraud_card_not_present,electronics,wallet,950.23,5,11,signed_confirmation,True,0.461,0.889,0,258,0.4611,True
cf809a3c-599f-4d6d-9341-16edee07f597,duplicate_charge,home_goods,upi,621.7,8,13,signed_confirmation,False,0.284,0.693,1,831,0.2913,True
62ef4a81-df5e-4f75-b8cd-210fd62514bf,duplicate_charge,groceries,card,1480.34,4,4,delivered_no_signature,False,0.51,0.544,0,102,0.5435,True
66fe2562-a1ad-4266-a7ba-35e1ad4c1e28,item_not_received,digital_goods,card,1344.12,15,3,not_shipped,True,0.621,0.584,0,179,0.0697,False
15204923-2cb0-4384-a286-006dd373b927,subscription_not_cancelled,electronics,upi,190.35,6,18,not_shipped,True,0.448,0.359,0,569,0.7144,False
711171ae-d7b9-49ce-a2ed-78f0d325f2b7,item_not_received,beauty,upi,926.26,3,2,delivered_no_signature,True,0.799,0.47,0,124,0.8267,False
8e5b521d-f5a8-4645-b78d-e16f7d2d8223,fraud_card_not_present,beauty,netbanking,683.78,32,10,signed_confirmation,False,0.774,0.691,1,131,0.7198,True
c28ff2ce-94c1-429c-a607-83988bff4450,fraud_card_not_present,apparel,upi,1773.35,1,15,signed_confirmation,True,0.629,0.685,2,259,0.1117,False
2ee775bc-a51f-440b-9371-790b6b32d776,not_as_described,home_goods,upi,2300.72,11,6,signed_confirmation,False,0.588,0.407,0,31,0.4736,True
c0eb48f6-1b70-499b-b1d5-5e9a0badf460,fraud_card_not_present,digital_goods,wallet,379.91,10,20,delivered_no_signature,False,0.803,0.615,0,108,0.5635,False
d2bb37c9-6709-4b8f-853d-f52158dfb774,fraud_card_not_present,digital_goods,card,1352.24,17,1,signed_confirmation,False,0.639,0.416,0,582,0.6432,False
fd848e6e-52a5-45a3-9ace-7efdabb9dbc2,not_as_described,digital_goods,netbanking,1616.34,6,3,delivered_no_signature,False,0.649,0.481,0,67,0.5824,True
44eea251-0a35-45ac-8eae-40d7d9619de0,duplicate_charge,home_goods,netbanking,2902.15,10,18,delivered_no_signature,False,0.243,0.697,0,5,0.4139,False
95a34758-6420-467b-9495-da236eabecf6,fraud_card_not_present,digital_goods,netbanking,821.72,4,14,in_transit,False,0.245,0.758,1,909,0.0516,False
0db068c4-d86b-48dc-8259-f1b392937ed1,not_as_described,beauty,card,635.35,4,3,in_transit,True,0.757,0.394,0,73,0.4458,True
6b52324b-2888-4f2b-8f5d-378b0b1957e0,not_as_described,electronics,upi,8198.3,25,12,signed_confirmation,True,0.276,0.746,0,430,0.3964,False
1816b547-d6b7-4a39-8473-fce7b4c652b8,not_as_described,beauty,card,260.15,8,2,delivered_no_signature,True,0.309,0.418,1,96,0.2786,False
cda6e80d-1cce-4d58-92e8-59d02d2af2af,fraud_card_not_present,electronics,netbanking,489.41,5,3,signed_confirmation,True,0.652,0.789,1,650,0.5435,False
17b3fee5-b7c0-4227-bf6b-6bfe91954766,item_not_received,electronics,card,1438.79,10,21,not_shipped,False,0.808,0.77,0,141,0.248,False
afd6fa21-f75f-4a62-9ca1-c63dde2f4cc8,not_as_described,groceries,card,2299.36,19,8,not_shipped,False,0.309,0.636,0,641,0.7762,True
1d37b572-09e9-4177-8157-feef2ff636b8,not_as_described,beauty,card,600.38,17,9,signed_confirmation,False,0.511,0.725,0,17,0.8493,True
d4ba6226-ae7f-44c8-b3a0-cacb41cad9fb,fraud_card_not_present,digital_goods,netbanking,146.54,14,16,signed_confirmation,False,0.075,0.71,0,694,0.1188,False
ae92ad96-cb59-4ece-9c1b-241941dc0baa,fraud_card_not_present,beauty,netbanking,137.56,9,13,delivered_no_signature,False,0.02,0.421,0,362,0.6808,True
d70810fd-f6b6-485a-b498-df7cc8448755,item_not_received,groceries,upi,452.84,10,10,signed_confirmation,False,0.488,0.916,1,326,0.9583,True
0e6d3c3c-1a0a-4b02-adee-f6e70a66f498,not_as_described,beauty,upi,437.86,5,19,signed_confirmation,False,0.236,0.766,1,49,0.8973,True
6b0ddedc-49eb-48f4-96b0-d66bb44def37,item_not_received,electronics,upi,714.39,17,20,signed_confirmation,False,0.58,0.629,3,903,0.8668,True
7e5cb49f-618d-4f7e-aa6a-55c6355c6aaa,duplicate_charge,apparel,upi,68.01,10,21,signed_confirmation,True,0.743,0.246,0,81,0.9496,True
5afbfb51-7344-4f32-a370-a4c090c9ee0e,item_not_received,groceries,wallet,2602.63,1,20,signed_confirmation,True,0.336,0.692,2,150,0.9822,True
f53c7050-67aa-4c2f-ad4d-00294822f464,subscription_not_cancelled,beauty,upi,743.62,6,8,signed_confirmation,False,0.191,0.848,0,235,0.5129,True
c3b09801-5353-4329-85a2-463702dd65de,subscription_not_cancelled,electronics,upi,493.65,2,11,delivered_no_signature,True,0.179,0.632,1,364,0.6186,False
eeb7b6dd-34e9-4f29-a3da-8f6075af12b4,not_as_described,apparel,upi,2135.95,14,8,signed_confirmation,False,0.869,0.344,1,1466,0.3853,True
631fecb5-37f3-466c-b642-dfca3abc75c6,subscription_not_cancelled,home_goods,card,1346.12,7,4,in_transit,False,0.484,0.766,1,108,0.2202,False
bee489c3-af9f-4d5f-87b9-a17b48829cbb,not_as_described,electronics,card,539.33,6,18,signed_confirmation,True,0.899,0.809,0,132,0.3742,False
dcfb9bfe-9a27-4d43-93f2-f70f1b5a8444,subscription_not_cancelled,digital_goods,upi,157.42,23,11,not_shipped,False,0.705,0.645,1,367,0.6368,False
1e83130b-b586-4ddb-8cef-2b438dd4925f,subscription_not_cancelled,home_goods,netbanking,1912.05,12,19,signed_confirmation,False,0.624,0.79,0,293,0.3991,True
a31b1b64-84a7-4203-a89f-432cadf2faa5,fraud_card_not_present,apparel,card,630.91,5,18,delivered_no_signature,False,0.559,0.704,1,534,0.2095,True
442fbae9-ed99-4951-a964-60bb3dbb71f9,item_not_received,digital_goods,card,2619.29,8,21,in_transit,True,0.937,0.755,1,661,0.4627,True
38d598d4-7892-475a-8929-af2f5ce53ffb,subscription_not_cancelled,electronics,upi,854.54,3,6,delivered_no_signature,True,0.349,0.53,0,16,0.4885,True
58054dba-2975-45fe-a603-315ee17112b7,fraud_card_not_present,digital_goods,card,452.97,1,18,delivered_no_signature,False,0.506,0.64,1,36,0.503,False
9cc410ab-f70b-45a6-bfea-9fa597dc1e15,not_as_described,beauty,netbanking,747.4,12,10,in_transit,False,0.746,0.631,1,500,0.3884,False
feaf1066-3bf7-4fa6-951c-2c9bb014900c,fraud_card_not_present,digital_goods,wallet,1766.26,16,17,not_shipped,True,0.292,0.597,0,335,0.2858,False
2f219d8b-e681-44df-a5bc-2ed4a338f1df,not_as_described,apparel,upi,1246.47,12,8,signed_confirmation,True,0.148,0.658,1,238,0.6357,False
2c73abb2-9514-4bd8-a7ef-616034768d87,not_as_described,home_goods,card,1298.79,41,19,signed_confirmation,True,0.637,0.065,1,281,0.2906,False
3fcf8bbd-96ed-4f12-bc90-8400679b4a36,item_not_received,electronics,wallet,1006.2,8,3,signed_confirmation,True,0.518,0.8,1,700,0.846,True
4f901ae5-7012-44af-a5ea-6e85cdfc8307,item_not_received,beauty,card,2045.02,8,15,signed_confirmation,False,0.292,0.551,1,96,0.6848,False
20d91648-4606-4217-b375-a6671c57db4b,item_not_received,beauty,card,1581.16,8,12,delivered_no_signature,False,0.674,0.464,0,433,0.9529,True
a77874c5-ba43-48a8-8a41-ae74c52185a5,duplicate_charge,digital_goods,upi,279.83,10,12,delivered_no_signature,False,0.436,0.608,1,75,0.7579,True
27fceca3-f3f0-484a-85f2-b3e99dc34fa9,fraud_card_not_present,groceries,upi,169.53,1,10,delivered_no_signature,True,0.392,0.552,1,301,0.5972,False
8e25eb71-f06a-4a1f-8cc5-7013ec5b5b69,fraud_card_not_present,home_goods,card,1046.45,22,7,not_shipped,False,0.385,0.326,3,205,0.1553,False
94665403-bf05-42d9-901f-cd108365a753,item_not_received,groceries,card,3396.33,3,14,signed_confirmation,True,0.864,0.691,0,268,0.8365,True
fffbee31-0429-41b7-8f97-a74d9f275720,fraud_card_not_present,beauty,card,2297.02,2,13,delivered_no_signature,False,0.156,0.52,0,93,0.2557,False
f9abf17f-2ccc-49dc-a3eb-0b96a890144c,not_as_described,beauty,upi,1731.68,10,21,signed_confirmation,True,0.709,0.463,2,740,0.3493,True
d80c6809-2d70-47c0-be0c-8bf5785383c6,fraud_card_not_present,beauty,upi,1349.81,2,5,in_transit,False,0.697,0.389,2,58,0.0389,False
5e1ca7ee-7800-450d-aeed-d60cd0562f61,not_as_described,digital_goods,upi,674.82,34,9,signed_confirmation,False,0.118,0.374,0,247,0.2434,False
a49cf372-903d-4d59-bd29-96c0996abdc9,fraud_card_not_present,beauty,card,315.53,2,19,delivered_no_signature,False,0.928,0.474,0,592,0.7689,True
740475c7-a8d8-43fa-8b05-a27789f2f9f5,duplicate_charge,home_goods,netbanking,2032.98,15,11,delivered_no_signature,True,0.585,0.451,0,97,0.7339,True
856afd8b-6ef9-4cd5-ad6c-929f5ac4e9c7,fraud_card_not_present,home_goods,card,1795.2,3,13,signed_confirmation,True,0.695,0.633,0,433,0.3767,False
0dad1aac-2c1b-4288-9d19-82bbfb00c014,subscription_not_cancelled,apparel,upi,971.73,1,1,in_transit,False,0.483,0.69,1,457,0.8202,True
1e8dc50a-1a05-4273-b058-5c37de59ca8b,fraud_card_not_present,apparel,wallet,1036.25,20,2,signed_confirmation,False,0.737,0.865,1,1077,0.8175,True
b9bf2d07-46cd-4776-a16a-1af28dd39e97,item_not_received,apparel,card,1742.63,5,1,signed_confirmation,False,0.437,0.701,0,58,0.608,True
66a106c2-db65-41ee-9114-de42ad78ba42,fraud_card_not_present,home_goods,card,1517.47,7,16,delivered_no_signature,False,0.695,0.596,0,40,0.31,True
feba1a5f-a88a-47aa-a732-73a253b6a87b,fraud_card_not_present,home_goods,card,282.16,6,1,signed_confirmation,True,0.251,0.504,0,182,0.5562,False
3ee3e13f-f121-4052-8b02-58e8f15c683e,duplicate_charge,digital_goods,card,977.63,16,19,signed_confirmation,False,0.691,0.347,0,197,0.6707,True
e00a7905-a330-42ba-af82-0369f606eeb6,item_not_received,digital_goods,card,711.03,29,6,signed_confirmation,False,0.625,0.59,1,151,0.7994,False
b4f1abdd-b70a-4d21-bcd7-8aa661e82dfc,duplicate_charge,digital_goods,netbanking,654.34,2,21,signed_confirmation,False,0.753,0.785,1,68,0.5505,False
2c7d8d04-2a07-4755-95a4-928e3c95584a,fraud_card_not_present,digital_goods,netbanking,1542.04,9,20,delivered_no_signature,False,0.258,0.499,2,318,0.1007,False
df0db680-e59c-4e4f-8bdb-a84a1d90fefa,fraud_card_not_present,groceries,card,1384.27,2,19,signed_confirmation,False,0.957,0.297,0,127,0.589,True
94beaca5-2abb-4688-a9a5-81cf0c43f285,item_not_received,apparel,card,909.29,21,5,signed_confirmation,False,0.36,0.491,0,306,0.9018,True
5892879f-3f86-42d8-ab7b-465479ff653f,fraud_card_not_present,digital_goods,card,907.01,24,12,delivered_no_signature,False,0.501,0.4,2,417,0.126,False
61293857-9d2a-4077-b8c9-3253919e275f,fraud_card_not_present,home_goods,netbanking,827.85,5,2,signed_confirmation,False,0.205,0.669,2,329,0.0383,False
6dcdcb88-3b9e-4207-8f2b-99ec98306d1a,item_not_received,home_goods,card,2383.03,33,11,not_shipped,True,0.439,0.626,0,15,0.0938,False
16cd5475-8c4e-403f-8719-c196832b64d8,fraud_card_not_present,electronics,upi,150.55,3,5,signed_confirmation,False,0.485,0.96,0,544,0.4792,False
d99430d2-873d-44cb-bbfd-f6204338c77f,fraud_card_not_present,beauty,netbanking,568.69,1,19,signed_confirmation,False,0.28,0.644,0,966,0.5919,False
2b4077bf-373e-46ce-a3cf-441fd7874dca,fraud_card_not_present,home_goods,card,703.9,5,9,signed_confirmation,True,0.409,0.638,0,23,0.5245,True
3e60a9af-787b-4107-84dd-718503ce0779,not_as_described,apparel,card,2308.95,3,21,delivered_no_signature,False,0.055,0.349,1,715,0.4719,False
12f584f9-353d-4ed5-a988-f5fe9d4c1579,fraud_card_not_present,groceries,card,2666.01,20,12,delivered_no_signature,False,0.142,0.866,0,172,0.3118,True
837e65a1-1d38-4033-a60e-5d07017f6d71,subscription_not_cancelled,beauty,card,478.61,11,16,in_transit,False,0.728,0.399,2,529,0.4792,False
4106be47-3d75-4419-94ef-09bf69dda22e,item_not_received,electronics,card,502.81,11,2,delivered_no_signature,False,0.725,0.97,0,480,0.2551,False
a6e56e8d-2302-4ea3-91fa-fd962e92aa89,duplicate_charge,digital_goods,upi,508.33,13,13,in_transit,False,0.533,0.829,0,39,0.7697,False
c012a071-3266-4a29-ace6-cf09feba5760,item_not_received,beauty,netbanking,370.63,5,17,signed_confirmation,False,0.715,0.776,2,33,0.8841,False
ff0efe59-ef95-4554-a677-59b0f3f04d0b,item_not_received,home_goods,upi,521.06,3,14,signed_confirmation,True,0.465,0.283,2,90,0.7435,True
7f173ca0-2628-435e-aa51-8c1144a758a4,not_as_described,groceries,upi,697.8,20,14,delivered_no_signature,False,0.515,0.721,0,48,0.3666,False
2411c40b-f4d6-4c11-9456-dd2ec1ed9edf,item_not_received,electronics,wallet,548.25,4,14,signed_confirmation,True,0.469,0.657,0,25,0.8871,False
7729570e-1451-4128-a6f6-2850b96aa934,fraud_card_not_present,groceries,upi,3269.51,17,12,delivered_no_signature,False,0.677,0.199,0,156,0.4754,True
b482be9f-bc08-4eb3-b420-0b62fe3770d0,item_not_received,beauty,netbanking,767.03,2,17,signed_confirmation,False,0.111,0.539,0,311,0.9694,True
cf41bed8-4337-4792-9e7a-f533b3ac8333,not_as_described,electronics,netbanking,607.73,13,8,in_transit,True,0.036,0.45,1,15,0.1776,False
01f3af58-f44c-4c8b-894a-da1f37517faa,fraud_card_not_present,beauty,upi,1058.52,16,2,delivered_no_signature,False,0.146,0.681,0,667,0.6455,False
27ebb98a-b00a-4c32-9499-4fd2071b8de9,not_as_described,apparel,wallet,1370.38,25,18,delivered_no_signature,False,0.947,0.546,0,435,0.2581,False
e0353f78-1dfc-4ef4-8db8-fa0a3e9597b6,fraud_card_not_present,home_goods,upi,1884.37,7,13,signed_confirmation,False,0.227,0.873,0,154,0.4038,False
36089e89-dda2-4fb6-a6dd-7a23c12b33f6,fraud_card_not_present,home_goods,card,973.74,23,15,signed_confirmation,False,0.57,0.447,0,104,0.3796,False
2a26c0d4-1d01-42c7-99ef-7c3aa9e2d576,item_not_received,groceries,card,565.51,8,19,not_shipped,True,0.214,0.718,1,271,0.0765,False
a70ba3e1-1fcb-49e0-b78c-46392390791b,duplicate_charge,apparel,card,703.28,1,3,signed_confirmation,False,0.644,0.578,1,759,0.7606,False
e1786127-ee86-47c3-8c56-ba31232ba61e,fraud_card_not_present,home_goods,upi,723.58,5,4,delivered_no_signature,False,0.347,0.71,1,697,0.534,False
6f116ecd-590d-44ec-acf5-b1a78c4e84c2,item_not_received,electronics,netbanking,68.35,1,15,in_transit,False,0.825,0.596,0,299,0.6276,True
5e04016d-1191-416a-ad3a-08112f92f5ef,not_as_described,apparel,upi,397.69,4,15,in_transit,True,0.755,0.162,0,415,0.267,True
1995ba1e-d913-4087-8161-c77771cc837c,item_not_received,groceries,card,588.23,2,16,in_transit,False,0.871,0.648,1,854,0.1041,False
898cc721-f69f-4eca-9ba5-7153fe60a43b,item_not_received,apparel,netbanking,174.3,2,5,delivered_no_signature,False,0.704,0.449,0,913,0.8805,True
a6569542-e59e-4e92-b515-06666672a94c,not_as_described,beauty,card,977.52,4,5,signed_confirmation,False,0.429,0.414,0,34,0.3368,False
b023e35e-cf80-475f-809b-b1b0eb94df70,fraud_card_not_present,beauty,upi,415.73,1,9,delivered_no_signature,False,0.665,0.664,0,36,0.7644,True
81809480-7d62-43bf-8ef5-0cb67bf64f68,item_not_received,apparel,card,1649.75,3,5,signed_confirmation,True,0.878,0.658,1,171,0.9472,True
f80fed73-e249-4146-aa02-43c43dcc86bb,subscription_not_cancelled,digital_goods,upi,538.64,9,12,delivered_no_signature,False,0.263,0.67,1,531,0.9366,True
cd2b1518-0851-434f-888e-b29ea53a7899,not_as_described,groceries,upi,951.59,3,5,delivered_no_signature,True,0.257,0.562,0,149,0.7734,False
8c1c2d24-a1a9-4279-a036-a5f8d2246e6f,duplicate_charge,beauty,upi,1019.93,21,4,delivered_no_signature,True,0.705,0.391,0,608,0.4903,True
b84be187-6748-4e41-80e0-2c5d6e9429d3,item_not_received,apparel,card,2510.73,5,14,in_transit,False,0.401,0.415,0,52,0.188,True
6e2ed072-78f9-4212-8f20-65b8be3cec5d,not_as_described,groceries,netbanking,2015.66,3,17,delivered_no_signature,False,0.297,0.529,1,20,0.5049,True
eedb0ea2-3a7a-406a-83d4-5d2438eb7a94,duplicate_charge,digital_goods,upi,1313.2,21,17,not_shipped,True,0.69,0.164,0,1169,0.4965,True
22f539e9-d14a-4d7d-b19d-1db5af63eb20,duplicate_charge,digital_goods,card,212.73,8,2,signed_confirmation,True,0.61,0.874,2,787,0.9206,True
29228668-8d85-4090-ae66-9eaa54b6d871,duplicate_charge,groceries,upi,3229.44,2,13,signed_confirmation,True,0.466,0.911,1,22,0.9076,True
d8090d5f-4c0c-4d0c-8b2a-6e23e7245fef,not_as_described,electronics,wallet,592.13,16,19,delivered_no_signature,True,0.692,0.734,0,381,0.2388,False
3ee354c1-eb29-4578-9b6d-4235a8222c4d,item_not_received,beauty,card,770.19,7,1,signed_confirmation,False,0.182,0.631,1,605,0.6777,True
7be200f2-d721-4c57-8f28-446369013879,item_not_received,digital_goods,card,576.5,8,14,signed_confirmation,True,0.364,0.474,1,324,0.7621,True
fcea9abd-a53b-4957-ac98-f3dcbf46aa8f,not_as_described,groceries,netbanking,1046.76,12,16,signed_confirmation,True,0.742,0.513,0,5,0.2519,False
7e60f36f-ad04-4f24-964d-db5602e07823,fraud_card_not_present,digital_goods,card,1103.8,1,4,not_shipped,True,0.234,0.621,0,182,0.5372,False
b7094189-2c3e-416c-bc68-b1c54b3eadd7,not_as_described,groceries,upi,561.15,25,21,signed_confirmation,True,0.484,0.29,1,403,0.3631,True
8ce06a36-5c8a-4a44-8015-c9fa5210abd3,item_not_received,digital_goods,upi,1060.99,11,15,signed_confirmation,True,0.525,0.779,0,98,0.6745,True
d55dfce4-d8f5-46b8-8763-319e1ca8feab,not_as_described,beauty,upi,757.24,16,17,signed_confirmation,True,0.479,0.555,1,961,0.4893,True
9714d71c-6a72-4080-b149-91a346049e1c,fraud_card_not_present,electronics,card,478.95,6,11,not_shipped,True,0.557,0.762,0,176,0.3946,False
c5150805-73dd-4ffe-ad95-32f5491dbd2f,subscription_not_cancelled,groceries,card,1578.77,2,12,in_transit,True,0.249,0.522,0,117,0.6934,False
ad007e6a-dc02-4b8a-871f-1a209329d773,fraud_card_not_present,beauty,upi,745.61,14,21,delivered_no_signature,False,0.509,0.503,0,692,0.5018,True
e162357a-aa99-4fd7-8136-52fa6795ddaa,fraud_card_not_present,electronics,card,274.45,12,10,delivered_no_signature,False,0.932,0.807,2,27,0.4284,False
07a17141-7f99-439e-bf46-cbdadf69f761,fraud_card_not_present,electronics,wallet,1467.35,18,20,signed_confirmation,True,0.422,0.592,1,164,0.6751,True
c852003c-6ddd-4b5b-a0d8-e719a29a15aa,fraud_card_not_present,electronics,card,1221.46,4,20,signed_confirmation,True,0.673,0.737,0,177,0.4822,False
4839c7aa-82d4-44df-b38d-00e093160111,not_as_described,apparel,card,159.95,1,9,signed_confirmation,False,0.145,0.678,1,288,0.3752,False
7ebf6459-4d90-4108-b992-fd2ef4a290e7,fraud_card_not_present,digital_goods,netbanking,531.29,2,10,delivered_no_signature,False,0.364,0.567,1,56,0.331,True
69b9909a-eb7f-4d1d-9fa1-7a2343a78f67,not_as_described,apparel,card,491.28,33,21,signed_confirmation,True,0.309,0.643,0,39,0.633,True
30cd755c-6c29-48b8-8180-05d5e7959ad9,not_as_described,beauty,upi,719.0,1,3,signed_confirmation,False,0.203,0.312,0,150,0.4721,False
dadaf2b2-2890-40c8-8a67-2996114c94eb,duplicate_charge,home_goods,upi,78.77,10,12,signed_confirmation,False,0.295,0.561,1,747,0.592,True
f61be5f8-12b0-4f50-a5d4-07bc43daa290,duplicate_charge,electronics,upi,891.18,1,15,not_shipped,False,0.263,0.818,2,278,0.2812,False
e002b041-b083-41ba-a379-a46893c2388a,item_not_received,groceries,upi,1542.23,9,10,signed_confirmation,False,0.271,0.902,1,578,0.872,True
de36e67b-2c6a-4f6b-8827-437d400ddb96,not_as_described,beauty,netbanking,145.44,12,1,in_transit,False,0.353,0.774,1,897,0.6141,True
0bad4d9a-3162-49b2-acaa-9a75eb744319,subscription_not_cancelled,groceries,wallet,3175.19,13,15,in_transit,False,0.576,0.807,0,132,0.4395,False
09b1f9c4-c760-429e-99e1-c6f8dcfd78ae,item_not_received,digital_goods,card,216.33,1,2,delivered_no_signature,False,0.686,0.562,0,292,0.7598,False
4911962d-57cf-4035-9365-d4b7f8bcf76e,fraud_card_not_present,apparel,netbanking,2085.49,6,18,delivered_no_signature,True,0.49,0.578,0,416,0.7759,False
3115b128-ab93-49c9-8a9f-81e0ec6aa2e9,item_not_received,groceries,card,973.17,3,18,signed_confirmation,False,0.236,0.771,0,910,0.8982,True
a9210fa3-7abb-4d43-b293-087a0438ff9a,item_not_received,electronics,upi,1343.38,3,11,signed_confirmation,False,0.112,0.654,0,368,0.8994,False
65c61fe7-205c-4962-8148-6c2db2d3c6bf,fraud_card_not_present,groceries,card,392.13,8,4,delivered_no_signature,True,0.073,0.697,1,336,0.1282,False
30af60c2-a738-416f-b20a-ad80042b5e38,item_not_received,home_goods,upi,706.44,2,19,signed_confirmation,False,0.496,0.599,0,28,0.8969,True
bdcaf128-ea76-4aab-8154-e3b9c51565bd,fraud_card_not_present,home_goods,card,770.56,8,16,in_transit,True,0.155,0.726,0,116,0.3203,False
5d5b7f5c-7627-4ff1-89a8-5474b9a2000f,fraud_card_not_present,apparel,card,963.53,18,9,delivered_no_signature,True,0.443,0.33,0,380,0.3856,False
20073aab-1046-47f0-a5cb-d9ab2bbfdc33,item_not_received,electronics,card,7911.12,16,4,delivered_no_signature,True,0.402,0.752,0,467,0.6936,True
fbe4682f-1b61-41f8-89f7-e4748af77ef3,item_not_received,beauty,card,1228.3,12,15,delivered_no_signature,False,0.326,0.419,2,361,0.5663,False
948b2002-13cd-46a4-97ff-7045b24ff5cf,item_not_received,home_goods,upi,267.35,6,18,delivered_no_signature,False,0.709,0.545,1,245,0.7467,False
ec6bd8c0-9c7a-43ac-b2b2-78b170227b38,item_not_received,electronics,upi,901.33,27,2,signed_confirmation,True,0.859,0.402,1,2172,0.9668,True
4eddf4f6-7a18-470e-b1c8-360f67b98211,fraud_card_not_present,digital_goods,upi,507.79,8,17,delivered_no_signature,False,0.544,0.777,1,157,0.2784,True
3ad4c7d7-2869-4090-9b90-d9149fdb896b,item_not_received,home_goods,wallet,857.97,5,20,delivered_no_signature,True,0.627,0.509,0,22,0.5345,True
3d08af3c-788b-4402-b7d0-f725ae96acac,fraud_card_not_present,apparel,card,1156.06,12,1,not_shipped,False,0.429,0.657,2,327,0.1244,True
965e5f7d-1eca-47b7-ae96-31fde2a7246a,not_as_described,digital_goods,card,215.13,8,12,delivered_no_signature,False,0.965,0.554,0,316,0.4383,False
97d080ac-4077-48d6-b819-1026a02a8de0,not_as_described,electronics,upi,285.81,12,21,signed_confirmation,True,0.528,0.687,1,159,0.7542,True
ad67b5aa-6671-45e7-a8b7-1363b6b79e30,item_not_received,apparel,card,1358.19,2,20,delivered_no_signature,False,0.055,0.397,0,244,0.8843,False
3d02608a-fece-4759-99da-4792db1dadf3,not_as_described,beauty,wallet,1568.81,16,10,in_transit,False,0.647,0.983,0,236,0.6884,True
5a38d236-f186-42aa-a26b-1a8bbdd862de,duplicate_charge,home_goods,upi,2524.68,12,15,in_transit,False,0.587,0.668,0,456,0.621,True
c576be97-45e3-4d09-917d-1973bc643a9d,duplicate_charge,apparel,wallet,447.07,12,8,delivered_no_signature,False,0.506,0.32,0,344,0.9423,True
71803454-b840-46e1-a5f9-bbe77836960c,fraud_card_not_present,beauty,card,265.49,4,4,in_transit,True,0.327,0.67,3,313,0.2245,True
c23163b4-d6c1-45be-aa92-787207595dab,not_as_described,beauty,card,284.05,44,6,signed_confirmation,False,0.504,0.598,0,138,0.4022,True
fa3b6048-d694-44c0-8301-f5082e112a03,item_not_received,electronics,card,109.31,1,13,signed_confirmation,False,0.269,0.726,0,191,0.6837,True
fec28a82-ccfb-4341-a8d7-da48ed38edea,duplicate_charge,digital_goods,upi,273.59,13,6,signed_confirmation,True,0.301,0.449,0,13,0.4951,True
e6af87a1-ab5f-4198-864c-1d221cfc8b86,fraud_card_not_present,digital_goods,wallet,1231.73,5,7,delivered_no_signature,False,0.681,0.781,1,1129,0.1518,False
a365a415-e9d8-48e8-97fb-9c669ebff2b5,fraud_card_not_present,home_goods,upi,845.92,9,20,signed_confirmation,True,0.802,0.828,2,61,0.301,True
34d631ae-061f-4701-85a3-c9ababe760da,duplicate_charge,groceries,upi,492.01,1,6,signed_confirmation,False,0.571,0.72,0,376,0.808,True
abeb82b1-f8c4-4b3c-b04c-ba46bf389dfc,item_not_received,beauty,upi,482.37,3,20,signed_confirmation,True,0.726,0.402,1,838,0.7564,True
0bdb3f9b-2891-4b44-a922-698f04102807,subscription_not_cancelled,home_goods,upi,4232.49,25,3,delivered_no_signature,True,0.66,0.901,0,262,0.8042,False
17c832a1-f4c4-48bd-acb8-3c5bd21eda12,item_not_received,digital_goods,card,1523.14,5,21,in_transit,False,0.874,0.634,2,347,0.2766,False
4cfabc18-6a91-42fc-b6cd-c7109b11ac53,item_not_received,digital_goods,card,551.45,13,6,signed_confirmation,True,0.305,0.421,0,215,0.8883,True
81e1e779-258c-4508-b833-9df52520e9d6,item_not_received,electronics,card,736.84,6,14,delivered_no_signature,False,0.903,0.369,2,75,0.444,False
aea2b60b-ce45-44ba-940e-2c1d7ca95932,subscription_not_cancelled,beauty,card,949.04,1,17,delivered_no_signature,True,0.083,0.551,0,179,0.816,True
77b5bbc9-1248-47e0-8a50-4fb1352e145c,not_as_described,electronics,upi,1484.59,1,16,signed_confirmation,True,0.187,0.634,2,26,0.8525,True
47ec8254-01f0-463f-a30b-ba5f2982b539,fraud_card_not_present,groceries,upi,450.4,10,19,signed_confirmation,False,0.339,0.723,0,609,0.8523,True
4577f896-51ce-4677-882b-7390a1944a6b,duplicate_charge,apparel,card,1259.49,5,1,signed_confirmation,True,0.388,0.296,1,522,0.5593,True
4608c7b7-96e2-4443-a7b6-df6d5152a010,item_not_received,digital_goods,upi,959.38,13,18,in_transit,True,0.934,0.924,0,445,0.4366,False
ddf0181e-e82d-4be4-ae72-c480d8eb93b5,fraud_card_not_present,groceries,upi,1881.35,2,21,signed_confirmation,False,0.714,0.944,1,36,0.5941,True
a5c57535-dbf3-4763-b167-d59035652a54,item_not_received,home_goods,upi,1176.8,9,20,signed_confirmation,False,0.315,0.58,1,116,0.8624,True
7d719959-37ae-456a-9569-2fb105219ad0,not_as_described,digital_goods,wallet,2556.05,18,18,signed_confirmation,False,0.662,0.598,1,668,0.351,False
8d955c03-3eb6-4f3f-9b01-7c8f198c8c18,duplicate_charge,home_goods,netbanking,510.51,2,11,delivered_no_signature,True,0.738,0.138,2,35,0.8591,True
82008be0-77eb-4ed8-8358-52763c67ecdd,fraud_card_not_present,home_goods,card,2545.73,8,10,signed_confirmation,False,0.5,0.771,0,321,0.7327,True
ccf40de5-b466-499d-817a-a97c002e77c0,fraud_card_not_present,home_goods,upi,486.84,35,16,delivered_no_signature,False,0.082,0.785,0,289,0.5378,False
b86a50fe-036e-481b-a487-067867fd4a9b,subscription_not_cancelled,digital_goods,netbanking,1134.16,2,8,signed_confirmation,False,0.552,0.503,1,527,0.5071,True
0916e67a-5b9b-4a52-8944-57e64acc7e90,fraud_card_not_present,electronics,card,2299.76,12,5,in_transit,True,0.542,0.666,2,214,0.2617,False
69537ff6-5c6c-4c36-bef6-84e7c2617a0b,item_not_received,home_goods,netbanking,117.96,13,1,delivered_no_signature,False,0.592,0.566,1,73,0.5212,False
3e82f49f-1bff-4b4e-9677-afbddf97f1cc,subscription_not_cancelled,beauty,wallet,764.14,14,5,signed_confirmation,False,0.164,0.228,0,698,0.6364,False
3e31f903-7277-432f-9a5a-b5c758bd6f81,fraud_card_not_present,home_goods,upi,695.75,4,7,signed_confirmation,True,0.524,0.805,0,422,0.4379,True
262fab5e-d7e2-481d-af37-ef61007535d0,not_as_described,electronics,upi,1119.12,24,7,signed_confirmation,True,0.632,0.414,2,446,0.4048,True
759105af-32cd-44c1-b9e6-c03532a85942,item_not_received,home_goods,card,757.58,12,17,delivered_no_signature,True,0.561,0.592,0,349,0.2292,False
9b175e63-b0c1-40db-927d-74aab2227393,not_as_described,digital_goods,card,1315.3,1,6,delivered_no_signature,True,0.649,0.792,1,90,0.7191,True
b072f44c-8774-4aee-98fd-c0abe3f058fd,item_not_received,beauty,card,888.18,4,13,signed_confirmation,False,0.286,0.458,2,778,0.8748,True
b6a4fb27-bdc2-4441-85f4-2123a234c779,duplicate_charge,beauty,upi,348.84,6,5,signed_confirmation,False,0.517,0.872,1,626,0.2856,True
3daac399-6946-4a6f-8010-de694ef2342c,subscription_not_cancelled,electronics,card,362.4,7,19,signed_confirmation,True,0.625,0.756,0,534,0.8385,True
01203c78-ff54-41d2-ae62-da20df1778fa,fraud_card_not_present,apparel,card,2287.76,6,6,signed_confirmation,False,0.225,0.804,0,128,0.2239,False
50e5cd6c-ebd6-433d-ada2-320304e01883,fraud_card_not_present,home_goods,upi,376.11,15,7,signed_confirmation,True,0.414,0.834,0,73,0.6018,True
f1cd90fb-b830-4f50-bea4-3efa68381784,duplicate_charge,beauty,netbanking,681.27,2,8,signed_confirmation,True,0.432,0.562,2,332,0.8106,False
6c7747b2-de69-40da-b31e-bc645ed717ab,not_as_described,electronics,card,584.4,2,10,signed_confirmation,False,0.587,0.925,0,66,0.8967,True
51ca0303-afbc-4417-830b-8a7b75662e22,fraud_card_not_present,electronics,upi,1774.74,7,8,not_shipped,False,0.568,0.629,1,630,0.225,False
d966b390-3ccb-4ec1-8a10-b87c5d16f7de,not_as_described,home_goods,card,546.9,5,9,signed_confirmation,False,0.931,0.342,0,36,0.2973,False
d4b41bb7-f30b-4725-b46a-3dfd970f8904,not_as_described,digital_goods,card,311.06,16,19,signed_confirmation,False,0.394,0.521,1,262,0.5258,False
b3c7f5bc-1f52-4d44-9f19-0b1193a50a19,item_not_received,home_goods,upi,599.89,7,5,signed_confirmation,False,0.71,0.697,1,401,0.9595,True
eea9a5f5-4c21-4906-988e-4904c6a27bab,not_as_described,digital_goods,upi,1483.85,1,3,signed_confirmation,False,0.753,0.864,0,413,0.3913,False
bc8787b9-bf4d-4894-b6be-b7accda8189b,item_not_received,home_goods,card,1168.84,3,13,delivered_no_signature,False,0.584,0.707,0,331,0.7559,True
6c454f97-d26c-45de-b769-ca56d67294ab,item_not_received,beauty,card,1317.91,8,4,delivered_no_signature,True,0.25,0.987,1,326,0.8607,True
6aa0a739-1893-4e5a-8e5e-67c8e9458345,item_not_received,groceries,upi,780.19,6,3,signed_confirmation,False,0.589,0.759,0,232,0.7944,True
93d44b64-c963-4eaf-aac7-77a13ff6c2ca,not_as_described,beauty,card,186.11,14,3,delivered_no_signature,False,0.296,0.804,0,27,0.8521,True
abfc2075-13f2-41c8-823e-3929db4ea315,item_not_received,home_goods,netbanking,233.15,4,19,signed_confirmation,False,0.668,0.892,2,310,0.8653,False
18075333-8807-4180-be5c-5fc3ea579b9e,not_as_described,beauty,netbanking,5340.53,20,13,signed_confirmation,True,0.437,0.586,0,265,0.7111,True
9d07637e-36ff-4662-8e20-680031e3ef1c,duplicate_charge,groceries,card,271.63,6,10,delivered_no_signature,True,0.566,0.637,1,324,0.9205,True
3ef8b351-f265-43e3-86b1-81d98b7cc235,duplicate_charge,electronics,upi,719.82,9,13,signed_confirmation,False,0.481,0.371,0,238,0.3396,True
d1ca1c67-9f02-4fcd-a367-e70774759606,item_not_received,electronics,card,462.29,13,7,signed_confirmation,True,0.811,0.461,0,368,0.909,True
d755250d-5dc4-4a55-b2cb-263b8fb41195,item_not_received,groceries,card,665.58,4,14,signed_confirmation,False,0.777,0.442,0,1286,0.8582,True
90361f0d-b517-4af2-be7a-1c2076578d90,fraud_card_not_present,groceries,upi,1100.43,25,10,signed_confirmation,True,0.804,0.367,0,266,0.2633,False
9705ba14-01b1-43c8-a5ff-248b581660fc,not_as_described,apparel,upi,2742.26,2,14,delivered_no_signature,True,0.392,0.411,2,149,0.747,True
170c7f67-974a-43a0-8526-027c788001ce,fraud_card_not_present,electronics,card,2634.33,2,21,not_shipped,True,0.35,0.508,0,115,0.3772,True
6e9ac31d-86b5-44ab-bfeb-858cab167052,fraud_card_not_present,apparel,upi,4916.94,5,20,signed_confirmation,False,0.788,0.099,0,289,0.5182,False
a82a7f7e-2621-4481-b06b-c02d0ad83334,item_not_received,digital_goods,wallet,500.37,8,2,signed_confirmation,False,0.468,0.8,1,1011,0.6994,True
dc723b1f-0a58-49c4-8a2f-9ee7c854dc86,fraud_card_not_present,beauty,netbanking,245.94,1,13,signed_confirmation,False,0.757,0.447,1,210,0.4197,True
222dfc14-445a-4a33-844c-68d9cf41e68a,item_not_received,apparel,upi,1108.96,12,12,signed_confirmation,False,0.221,0.366,0,130,0.7209,True
e47bffcd-e3e9-47e0-98e7-b533c6e5316f,item_not_received,groceries,wallet,626.05,13,7,in_transit,False,0.338,0.567,0,600,0.4278,True
e52ba2d7-a68d-4fc3-93b1-9ae47fcd8cfc,subscription_not_cancelled,digital_goods,card,427.58,4,20,delivered_no_signature,True,0.86,0.54,0,61,0.667,True
c8c4fe23-2c3b-4ed6-8539-9060e3df993f,item_not_received,digital_goods,card,926.09,7,14,signed_confirmation,False,0.392,0.537,2,433,0.8213,True
a43643f8-8489-440d-94c7-14dc38aedfbc,fraud_card_not_present,home_goods,card,370.32,9,4,signed_confirmation,True,0.798,0.31,0,217,0.7924,True
311c5e8f-4e66-49ae-ac03-b056c4a5d3bf,fraud_card_not_present,digital_goods,upi,357.85,1,3,delivered_no_signature,False,0.646,0.448,1,35,0.8204,True
64b0e5cd-822a-435f-987e-89bb3aff8486,item_not_received,apparel,card,1617.42,2,3,delivered_no_signature,False,0.262,0.759,2,130,0.5908,True
e96061dd-156a-448a-a6bd-03e70b34e5e5,not_as_described,apparel,card,762.14,10,13,signed_confirmation,True,0.061,0.359,1,500,0.3651,False
79a585b4-b4a1-4604-9cc1-c29a61393ba0,subscription_not_cancelled,apparel,wallet,855.84,6,7,signed_confirmation,False,0.77,0.627,2,93,0.7885,True
a035692b-eb0e-43bb-b6f1-0966590beefb,not_as_described,home_goods,card,835.59,5,16,not_shipped,True,0.195,0.863,0,1033,0.764,True
93a924b2-2ce0-4156-a3d1-4435e39d23ca,fraud_card_not_present,home_goods,netbanking,523.22,2,14,signed_confirmation,False,0.698,0.431,1,404,0.4869,True
e9a9edf0-0dd4-4079-8eae-434d3bbd6edd,item_not_received,home_goods,netbanking,1989.76,10,1,signed_confirmation,False,0.551,0.557,2,183,0.7068,True
7df190d2-ba69-4970-b9e1-2ae1a7823f2e,fraud_card_not_present,beauty,wallet,759.72,29,3,signed_confirmation,False,0.616,0.521,0,136,0.8809,True
bb11d71c-daf2-4b6a-b383-94381beb3cec,fraud_card_not_present,home_goods,upi,293.75,12,15,in_transit,True,0.56,0.93,0,400,0.7046,True
d9332681-0116-4677-956d-df375a57b32c,fraud_card_not_present,groceries,card,1003.23,4,15,delivered_no_signature,False,0.352,0.816,1,29,0.1972,True
e424b88d-49d5-4ce3-ab50-7d4b5c93d9e2,item_not_received,beauty,upi,461.14,1,9,not_shipped,False,0.207,0.764,1,1492,0.0399,False
00a9bc2a-d7c2-40d7-87d2-8db4eadf1756,fraud_card_not_present,electronics,netbanking,1777.8,14,3,not_shipped,True,0.741,0.315,1,204,0.4565,True
6f85054f-44de-49a9-8b01-c9c37dc0d434,fraud_card_not_present,groceries,card,1837.48,13,15,signed_confirmation,False,0.512,0.82,1,321,0.5396,False
9b78a65f-86e1-4ce0-9bab-93b84bd21a84,subscription_not_cancelled,home_goods,card,1961.1,20,1,in_transit,False,0.448,0.273,1,487,0.6462,True
ea5f8980-4545-44ea-85d7-04d25c5ac16f,fraud_card_not_present,beauty,upi,2013.49,5,4,in_transit,True,0.281,0.438,0,923,0.2921,True
8a998ed5-2630-433f-a03b-cc8ebfb1ac00,fraud_card_not_present,groceries,card,209.14,11,12,signed_confirmation,False,0.475,0.351,2,83,0.1191,True
d38b65e4-2d9f-4ff5-9858-956188b6e37f,subscription_not_cancelled,groceries,upi,2859.65,5,12,signed_confirmation,False,0.089,0.675,1,184,0.3055,True
8406870d-5fe9-400f-bb2a-cedc191f29fb,subscription_not_cancelled,apparel,card,1192.5,9,8,signed_confirmation,False,0.374,0.882,0,1172,0.4296,False
6629da44-25ab-471b-b582-b8f5d01656e2,not_as_described,digital_goods,card,750.17,29,15,delivered_no_signature,False,0.792,0.605,1,2822,0.6557,True
e9aff3b7-eaa1-41a4-8978-78b799273f38,item_not_received,digital_goods,netbanking,583.8,17,2,delivered_no_signature,True,0.195,0.56,0,202,0.8015,True
fd023a42-dbed-4170-bb34-6f2e2fe011ff,fraud_card_not_present,groceries,card,714.05,17,10,signed_confirmation,False,0.742,0.784,0,1471,0.6913,False
e0d246c7-04a2-4e46-8bd9-97798489e2c5,fraud_card_not_present,apparel,card,1317.04,15,12,signed_confirmation,False,0.801,0.326,0,396,0.8084,False
e9e9aa1f-53f2-4b70-9f80-4b4906bc4a77,duplicate_charge,electronics,upi,1352.46,1,3,delivered_no_signature,True,0.358,0.813,0,1695,0.7935,False
a3649a36-eba0-462c-8b43-4c6cff30eb06,fraud_card_not_present,beauty,upi,4036.98,17,13,signed_confirmation,True,0.315,0.483,0,192,0.2102,False
8ef4efa5-d9fe-4a30-b344-3b7a81adfd4a,item_not_received,apparel,wallet,272.71,1,3,in_transit,True,0.218,0.452,1,1439,0.2483,True
a8987c40-a126-4843-9a2b-c69d2bc78ff0,fraud_card_not_present,groceries,wallet,347.46,1,18,in_transit,True,0.809,0.57,0,311,0.4548,False
dc6197f0-82f8-42df-a76c-0d2998897860,fraud_card_not_present,digital_goods,upi,1586.93,27,20,signed_confirmation,False,0.415,0.828,1,744,0.3944,False
9bdcd785-bce6-4278-add5-896a8d017282,fraud_card_not_present,apparel,card,1630.0,4,13,signed_confirmation,True,0.407,0.954,2,258,0.4341,True
c18f047e-b775-4f3b-884a-c7dfa6dac026,fraud_card_not_present,home_goods,upi,168.13,2,15,not_shipped,False,0.316,0.269,0,255,0.2311,False
a0dd162e-b126-4ccd-8a1e-6a3492eff922,item_not_received,groceries,upi,707.75,5,20,delivered_no_signature,False,0.687,0.522,0,1099,0.2811,False
07db57b2-a2c3-4471-bc98-6b6567fcf975,duplicate_charge,apparel,card,4943.58,18,7,delivered_no_signature,False,0.064,0.537,1,480,0.6108,True
5d1c15b6-03b5-4a4d-b5b7-f11c3dabe4be,fraud_card_not_present,beauty,upi,2515.27,1,19,signed_confirmation,True,0.464,0.533,0,1063,0.6723,True
4a3b6ca8-3b4b-4eae-afe5-a1f29a98a1cc,item_not_received,beauty,upi,1028.87,2,6,delivered_no_signature,False,0.962,0.815,0,136,0.2804,False
1a8e7796-66a3-48bf-95fc-0e0f9dd13b17,fraud_card_not_present,electronics,card,1616.98,1,15,in_transit,False,0.203,0.471,0,234,0.2853,False
35a8bc67-ba6b-40e8-b8db-afa19ace8b42,fraud_card_not_present,electronics,upi,525.25,18,18,signed_confirmation,True,0.42,0.763,0,633,0.5493,True
57da3b16-6115-44e7-be40-7e3f5957cb25,not_as_described,groceries,upi,225.05,5,17,delivered_no_signature,True,0.874,0.767,1,218,0.947,True
e1dff528-4f31-4975-9c2c-55f38d9f9370,fraud_card_not_present,groceries,upi,256.03,21,9,delivered_no_signature,True,0.453,0.362,0,54,0.3917,False
3792837a-3fa1-40c5-851e-46b829b128b1,not_as_described,home_goods,card,636.26,9,12,signed_confirmation,True,0.064,0.774,0,21,0.6793,False
0d2f76bf-37d1-4707-a836-45ec4a593ecb,subscription_not_cancelled,home_goods,upi,248.63,3,5,delivered_no_signature,False,0.458,0.782,0,47,0.203,False
14257162-bd93-47cc-b631-e6c844707600,subscription_not_cancelled,beauty,card,2497.84,11,13,in_transit,False,0.366,0.575,2,474,0.446,False
d23fe8af-2e47-44a3-ad4e-8ac418338f41,fraud_card_not_present,home_goods,card,501.53,23,2,not_shipped,False,0.438,0.515,0,151,0.684,True
5492e2b3-3e5e-4d0c-af63-6c342a961fef,fraud_card_not_present,beauty,netbanking,738.76,2,21,signed_confirmation,False,0.645,0.502,0,426,0.4641,False
bb7bca8f-1f5b-4c38-b165-de4d1c2ba271,duplicate_charge,home_goods,card,1505.56,8,5,delivered_no_signature,False,0.429,0.219,0,894,0.5582,False
78b05517-d742-4bb5-8d22-8672a745539f,fraud_card_not_present,digital_goods,card,481.6,8,1,delivered_no_signature,True,0.167,0.906,0,108,0.0965,False
4820b3a7-37dc-4917-a56d-1640d2ebcc5c,fraud_card_not_present,electronics,upi,116.06,28,3,signed_confirmation,True,0.553,0.52,2,182,0.654,True
3c624361-202a-4211-a9e1-d86fa9174264,item_not_received,digital_goods,wallet,1331.11,9,6,signed_confirmation,True,0.767,0.681,0,15,0.9166,True
376d9dc5-0ed6-4056-97f6-9a54015712cb,item_not_received,apparel,upi,1056.66,13,14,signed_confirmation,False,0.74,0.611,1,396,0.8761,True
d44b106f-7aa1-4a24-b05f-da0bcd3038e1,duplicate_charge,apparel,card,757.77,5,16,signed_confirmation,False,0.786,0.577,1,114,0.2864,False
c9018ffc-d917-440f-b837-16b8d89ee66f,subscription_not_cancelled,digital_goods,card,503.01,3,9,not_shipped,False,0.681,0.416,1,68,0.1776,False
cdd36ae3-e5f2-4572-807f-fe4048342b8c,duplicate_charge,apparel,card,555.42,1,3,signed_confirmation,False,0.172,0.857,0,15,0.3957,True
578d3916-0311-4a35-8361-e19716c7b212,not_as_described,digital_goods,upi,3938.53,5,9,delivered_no_signature,False,0.481,0.703,0,607,0.8892,True
1247e946-b251-46dd-b3fe-06a8b62dc91a,subscription_not_cancelled,beauty,netbanking,333.24,5,11,signed_confirmation,False,0.748,0.496,0,746,0.3845,False
f643f383-c842-4d34-b36e-e9c57171a3b4,item_not_received,apparel,card,542.43,12,18,not_shipped,False,0.253,0.547,0,673,0.0236,False
b3b29588-a9bd-4a59-b30c-b6288094e980,fraud_card_not_present,apparel,upi,2211.75,2,1,signed_confirmation,True,0.146,0.695,0,294,0.5743,True
3a064680-4308-4e58-89ac-6671e27bf2e0,subscription_not_cancelled,apparel,netbanking,3304.17,16,8,not_shipped,False,0.584,0.302,0,359,0.3689,True
123402dd-d43c-4104-b9df-77e42ad6c771,not_as_described,digital_goods,card,201.39,4,18,in_transit,False,0.54,0.7,0,704,0.7846,True
bb96968e-6fa0-4c31-af17-bee4c365bb8c,fraud_card_not_present,beauty,upi,1118.62,3,18,signed_confirmation,False,0.733,0.779,3,434,0.3641,False
9a7f193a-cf0b-48e3-85b8-3a9d0aff5121,not_as_described,groceries,upi,735.98,7,11,in_transit,False,0.783,0.782,0,48,0.2168,False
1a00e706-c760-4f2c-b2d9-71a67d8d89bd,item_not_received,apparel,upi,511.35,19,5,delivered_no_signature,True,0.633,0.501,1,375,0.5969,True
274e13e9-ea1b-4f12-869d-b3c6a9db24a5,subscription_not_cancelled,digital_goods,card,906.2,2,5,signed_confirmation,False,0.503,0.266,0,45,0.7914,False
9a5254e2-b74d-461a-b3d4-28ac078ab68d,fraud_card_not_present,digital_goods,card,1115.46,28,14,signed_confirmation,False,0.246,0.795,1,48,0.3475,True
6334b143-a703-4cbb-b976-b37ab069e3de,item_not_received,electronics,card,748.16,13,10,signed_confirmation,False,0.865,0.453,0,69,0.562,True
4bb8a0b2-6b2b-4c09-837d-dd4d9a45f491,not_as_described,digital_goods,card,549.05,16,16,signed_confirmation,False,0.53,0.499,0,206,0.6914,True
f18a84eb-7611-4a65-a43d-a235039f5124,not_as_described,groceries,netbanking,657.51,19,21,not_shipped,False,0.646,0.808,4,655,0.5511,False
4004b689-d232-4358-a806-0e8a6ed42440,fraud_card_not_present,groceries,netbanking,1113.9,28,14,signed_confirmation,False,0.366,0.773,0,180,0.7375,False
52edd55e-baab-474c-b21d-f141ad6ed419,fraud_card_not_present,home_goods,upi,1267.39,7,4,delivered_no_signature,False,0.61,0.699,0,129,0.4961,False
51084f7e-0c70-459a-8365-ba9db11aef24,not_as_described,home_goods,card,1575.13,1,2,delivered_no_signature,False,0.31,0.427,0,708,0.7757,False
79f02120-fd49-4a20-b8b2-7844fc985f9d,fraud_card_not_present,home_goods,card,254.81,3,4,in_transit,True,0.728,0.85,2,324,0.3192,False
474eaf54-fd12-4724-af45-34bb45a6bbbb,item_not_received,apparel,card,958.75,23,14,not_shipped,False,0.31,0.488,0,152,0.2142,False
f2d4ac6e-51cc-4aef-827f-be79be872918,duplicate_charge,beauty,card,2746.07,3,21,signed_confirmation,True,0.398,0.604,0,7,0.9149,True
c2120575-e4a0-4251-b7a8-a2c790944951,item_not_received,electronics,wallet,891.26,10,3,in_transit,True,0.497,0.459,1,535,0.2994,True
f9cda97f-8685-4762-aa2b-625b9d2fc2ac,duplicate_charge,groceries,upi,1024.05,5,13,delivered_no_signature,False,0.748,0.903,0,488,0.4333,False
1345d5ba-9fb6-44a3-ae2e-c25bb56fc525,subscription_not_cancelled,groceries,upi,844.28,6,15,delivered_no_signature,False,0.844,0.639,1,268,0.7592,True
540460f7-aa32-4c7c-ad50-e259c471e741,item_not_received,groceries,card,542.77,4,11,signed_confirmation,False,0.298,0.506,2,41,0.9258,True
3b0a6ca9-63f6-44c4-971d-8a846d0991f2,duplicate_charge,beauty,upi,1259.52,7,18,signed_confirmation,False,0.235,0.483,0,223,0.7873,True
147b2a3f-9337-41c8-8690-122f8dfe585c,not_as_described,electronics,netbanking,70.05,13,14,delivered_no_signature,False,0.587,0.769,1,568,0.4627,False
39d15746-4ad5-4014-8ab0-d0f9b695674d,duplicate_charge,digital_goods,wallet,642.75,5,3,in_transit,True,0.795,0.918,0,606,0.7905,True
1b8bebf6-ad19-45e9-97b4-a2b44d975a70,not_as_described,groceries,card,1160.59,20,20,in_transit,False,0.57,0.561,0,621,0.3677,True
e7717923-44a5-4b5f-ab0d-7891dc58ac16,not_as_described,beauty,wallet,787.53,6,10,signed_confirmation,False,0.244,0.442,2,356,0.5661,False
f5905609-df8d-431a-84e6-1a4ca8667fd5,not_as_described,apparel,upi,555.0,5,12,signed_confirmation,False,0.393,0.435,1,102,0.2645,True
733d7840-43fb-4cfa-b2b7-9eb065108cbc,item_not_received,digital_goods,upi,376.56,6,5,not_shipped,False,0.261,0.373,1,234,0.0727,False
6b42e049-e439-4f86-977d-257b405fd1e1,item_not_received,beauty,card,811.34,14,4,in_transit,False,0.088,0.497,1,1515,0.2133,True
29851155-6f61-48d3-afc7-0d22a868200a,item_not_received,home_goods,card,3442.56,2,5,signed_confirmation,False,0.324,0.634,1,165,0.9567,True
ca63b154-9827-4501-95fe-43da1d08f687,item_not_received,beauty,card,1846.82,1,1,signed_confirmation,False,0.736,0.903,1,40,0.6128,True
ebbe25f2-28c4-4772-9417-18c82d1b92a1,fraud_card_not_present,home_goods,card,4666.53,9,20,signed_confirmation,False,0.332,0.87,1,1573,0.707,False
83c1b681-1c6e-4eb9-a215-fa3a0ab48e48,duplicate_charge,beauty,upi,681.17,11,8,in_transit,False,0.766,0.691,0,351,0.746,True
f8ae219d-4687-4f04-a2f2-317a6a448e47,not_as_described,electronics,wallet,508.11,1,15,signed_confirmation,False,0.067,0.393,1,1301,0.7308,True
da7541c7-c188-45c3-8b1a-8aa29901305a,not_as_described,electronics,card,332.06,6,11,not_shipped,True,0.445,0.6,1,223,0.8311,False
6da6c9d0-4569-4012-904c-a907f4b8c931,item_not_received,home_goods,netbanking,1642.4,12,1,delivered_no_signature,False,0.572,0.578,0,50,0.6341,False
8d80a49e-7058-4555-bb69-971a7da9e493,item_not_received,home_goods,netbanking,2329.03,13,17,in_transit,False,0.186,0.417,0,172,0.6585,True
a7cdefc0-ce01-49a0-bd3d-9cb43055b22d,subscription_not_cancelled,groceries,card,1586.18,4,9,not_shipped,False,0.416,0.388,0,172,0.6263,True
e1f6814d-845e-4236-a183-7123036e76da,fraud_card_not_present,home_goods,netbanking,692.11,21,16,signed_confirmation,True,0.431,0.771,0,101,0.4182,True
b8abd80a-588a-4491-a62b-1510f7275c23,item_not_received,apparel,card,1836.67,10,18,signed_confirmation,True,0.482,0.744,1,1061,0.8042,True
02d8f368-77d3-4537-95b7-931afb1f959d,item_not_received,home_goods,wallet,3046.06,14,5,in_transit,False,0.624,0.894,0,612,0.1565,False
c05b8b50-4764-41a4-955d-e6c1bb013e92,not_as_described,electronics,upi,3176.58,4,6,signed_confirmation,True,0.779,0.788,0,368,0.9086,True
cd081e42-7235-4a29-8e79-7492baf09423,item_not_received,home_goods,netbanking,827.27,6,17,signed_confirmation,False,0.368,0.589,1,326,0.7905,True
e1901f24-100f-4aa4-b760-ec5e7131e510,item_not_received,electronics,upi,755.97,3,7,delivered_no_signature,True,0.527,0.241,1,296,0.8993,False
83386d1c-f409-430d-81e6-c38436b2d1be,item_not_received,beauty,upi,216.01,6,17,signed_confirmation,True,0.192,0.883,0,11,0.8651,True
cfdbc314-431f-4ddd-8227-ad98d6f743b9,not_as_described,apparel,card,961.49,2,14,not_shipped,False,0.51,0.389,0,106,0.2914,False
8c172d0a-02e3-4545-9328-0ce27e76a3e3,fraud_card_not_present,home_goods,upi,1393.24,7,12,signed_confirmation,False,0.569,0.754,0,255,0.875,True
0dec5cde-b159-45d2-bb32-8019394aeb4b,duplicate_charge,beauty,upi,1481.64,2,14,delivered_no_signature,False,0.926,0.446,0,61,0.6887,False
0d477eb2-7198-42a0-a987-bd4707bb8546,item_not_received,electronics,card,176.77,22,5,in_transit,True,0.647,0.497,2,871,0.5386,True
22159a9d-e7f4-4b97-a3f3-4f826edd0431,item_not_received,apparel,upi,1526.02,2,18,signed_confirmation,False,0.718,0.825,0,189,0.6704,True
2270a43d-93b5-4733-9f42-22c69e63258d,duplicate_charge,groceries,card,2740.06,6,20,in_transit,True,0.824,0.76,2,188,0.8668,True
e4d68036-cc47-4534-bbe3-9121a1007a1a,fraud_card_not_present,electronics,card,1069.52,14,18,delivered_no_signature,True,0.891,0.68,0,263,0.6992,True
78430c7d-79fa-49d0-88f8-1804a48b8b0c,item_not_received,groceries,card,8577.97,14,6,signed_confirmation,False,0.43,0.793,0,418,0.8581,True
da5cb1b3-32fb-4077-a34a-df3d0a7700cc,item_not_received,groceries,netbanking,4543.62,4,5,signed_confirmation,False,0.544,0.547,0,18,0.9598,True
b2ba5654-80e4-48e9-9cd8-c08c920fecc8,fraud_card_not_present,electronics,card,3603.47,20,1,delivered_no_signature,True,0.645,0.508,0,42,0.378,False
485aebb0-5bf1-4838-b443-762d7f329392,subscription_not_cancelled,beauty,card,375.35,9,20,in_transit,False,0.324,0.697,0,20,0.6376,True
a63712ee-2ff1-4ade-9225-7a9ac2e8c72a,fraud_card_not_present,digital_goods,card,1053.51,1,1,signed_confirmation,False,0.185,0.605,0,14,0.1976,False
94f5468f-af4b-4d94-933e-7cbf94253346,not_as_described,groceries,upi,2336.2,1,5,delivered_no_signature,False,0.681,0.755,0,675,0.7003,False
2966be60-548f-4f60-a2f2-3f6fc772e873,fraud_card_not_present,apparel,wallet,375.38,18,13,delivered_no_signature,True,0.269,0.762,1,11,0.3893,False
e8d73182-de32-42a6-b634-e8064814ff71,item_not_received,groceries,upi,4799.38,1,10,signed_confirmation,False,0.376,0.901,0,557,0.9448,True
2a10323f-e32b-4858-9c02-24819a9b9ad7,fraud_card_not_present,electronics,upi,3589.85,2,4,in_transit,True,0.263,0.696,1,546,0.1697,False
dff584d8-87a4-4069-9ca1-3f4b56ef1a59,fraud_card_not_present,beauty,card,1201.76,26,1,not_shipped,False,0.531,0.707,1,436,0.2258,False
7e60dad3-6f09-497f-a6ea-4667ad049dbd,subscription_not_cancelled,home_goods,upi,2942.85,7,18,delivered_no_signature,True,0.272,0.589,0,273,0.6012,True
b5cc3b95-45b7-41c1-9869-88d40bdd32c4,fraud_card_not_present,groceries,upi,941.18,4,17,signed_confirmation,True,0.325,0.589,1,223,0.1626,False
f795ec3c-d41b-4d21-94f7-bf6b5f4132a4,item_not_received,digital_goods,card,2729.66,1,12,in_transit,False,0.469,0.831,1,45,0.1371,False
1d780009-829a-4977-9642-7273ece76b0e,duplicate_charge,beauty,upi,607.62,11,1,delivered_no_signature,False,0.556,0.53,0,908,0.6989,False
db1379e8-dff9-4f25-9269-5449f0ecec41,item_not_received,beauty,card,3613.43,28,8,signed_confirmation,True,0.567,0.805,3,170,0.7934,False
a63791c5-3310-4067-be63-17cb6db8964b,not_as_described,electronics,card,1075.3,3,2,delivered_no_signature,False,0.272,0.661,1,162,0.3866,True
00b1b423-9a31-49e8-933a-a3a3fd465dfc,subscription_not_cancelled,groceries,card,329.56,4,19,delivered_no_signature,False,0.697,0.775,1,1083,0.3689,True
4ce2c01a-9785-41d7-b0b9-4b7d1c267795,fraud_card_not_present,digital_goods,card,437.37,23,9,signed_confirmation,False,0.392,0.754,3,112,0.1556,False
4d857920-848f-4237-9d13-2dd2f8166a0b,not_as_described,groceries,wallet,630.79,16,11,signed_confirmation,False,0.75,0.484,1,557,0.1127,False
8c6bfe00-1a7c-464d-aa89-7b41129aa228,fraud_card_not_present,electronics,card,466.93,7,9,delivered_no_signature,True,0.613,0.662,0,209,0.2591,False
e4cbf5d4-ecd2-4a43-a5eb-11ccd16e6547,not_as_described,electronics,upi,559.79,3,10,signed_confirmation,True,0.665,0.282,1,206,0.5091,False
f08a114b-87d5-467f-868a-74b444c2b30a,fraud_card_not_present,home_goods,card,256.22,8,14,in_transit,True,0.582,0.504,1,168,0.4716,True
1b418572-b8d8-4764-8e46-b94549a3f930,duplicate_charge,digital_goods,card,576.52,8,18,signed_confirmation,False,0.788,0.632,1,426,0.7514,True
f656852d-f0ae-482a-ad88-580fc4b2d8dd,fraud_card_not_present,home_goods,wallet,1709.84,4,2,signed_confirmation,False,0.281,0.611,2,147,0.462,False
081eb127-b08d-4adf-ba35-d32a2c618259,fraud_card_not_present,home_goods,upi,314.48,8,9,in_transit,True,0.526,0.363,0,695,0.397,True
8d56dd68-0075-4213-88d2-a7388cccd66b,not_as_described,home_goods,card,1185.19,9,15,delivered_no_signature,False,0.734,0.466,1,432,0.6408,False
6a257340-c5a6-44ef-ade0-7e312e03ddbf,not_as_described,digital_goods,upi,123.75,5,2,signed_confirmation,False,0.385,0.419,0,105,0.3389,False
eb79db4e-a55f-45bb-a1ee-940402d3efc5,not_as_described,beauty,card,480.55,4,11,signed_confirmation,False,0.792,0.522,1,11,0.4917,True
3f044315-7506-4cdc-a045-4eb1a6c49d06,item_not_received,beauty,upi,1412.32,10,3,not_shipped,True,0.286,0.551,1,791,0.0122,False
373d0a3e-a2a0-4f53-ade5-64180d30d246,item_not_received,home_goods,upi,315.38,37,14,signed_confirmation,True,0.787,0.25,0,306,0.8449,True
7fa2777f-62ac-4818-a65a-19837ca010bb,duplicate_charge,beauty,wallet,738.22,2,19,not_shipped,False,0.648,0.631,0,288,0.4229,False
a99d2615-90d3-449a-85a2-a473e85bb3a5,fraud_card_not_present,home_goods,upi,732.04,7,4,signed_confirmation,True,0.228,0.666,2,125,0.1295,False
81dc3f93-c5fc-4a31-a7fa-f10c79558ba7,not_as_described,digital_goods,card,1478.32,9,8,signed_confirmation,True,0.735,0.249,1,73,0.4744,False
e8160b76-1896-4f34-9757-f0e66288e28e,duplicate_charge,home_goods,wallet,736.57,5,18,signed_confirmation,False,0.438,0.832,1,78,0.3723,True
10db45b6-019e-4bdf-b0ba-15f650235788,item_not_received,digital_goods,upi,263.03,29,3,delivered_no_signature,False,0.436,0.583,2,60,0.5791,True
a9ccce6f-b1b4-49b8-a9ac-a8e3bf528112,not_as_described,apparel,card,891.23,6,15,signed_confirmation,False,0.159,0.869,0,617,0.5968,True
df4af3c2-cb67-4752-8c04-16ecfb2d76c2,duplicate_charge,home_goods,upi,2051.37,3,10,signed_confirmation,False,0.128,0.523,3,351,0.4343,False
9997c6b7-5af6-477b-961a-af1971effef7,duplicate_charge,electronics,card,1971.18,11,14,not_shipped,True,0.497,0.714,1,11,0.9166,False
1cdf1411-3743-4665-89b5-b98ed41153e4,subscription_not_cancelled,groceries,upi,258.67,17,5,signed_confirmation,False,0.201,0.425,0,353,0.7606,True
5c220a55-3de3-444e-8371-c2ef76d508d5,item_not_received,apparel,card,252.26,6,20,delivered_no_signature,False,0.819,0.518,1,1275,0.4433,True
1316d800-35a8-471a-a00f-2f502684e0ea,item_not_received,digital_goods,card,444.79,50,16,signed_confirmation,False,0.264,0.432,1,191,0.8674,True
746ed554-849a-493b-b826-1ad193beab9c,not_as_described,apparel,card,932.58,5,7,signed_confirmation,False,0.695,0.264,2,182,0.2075,False
288581e2-a668-4bfb-b1ef-3cab28ac0043,item_not_received,home_goods,upi,429.16,5,9,signed_confirmation,False,0.224,0.698,0,132,0.8246,True
1e3b1e25-6cfa-47da-b855-b637ed919a9c,item_not_received,apparel,card,844.11,4,9,signed_confirmation,True,0.314,0.235,2,269,0.8366,True
0163d88b-502b-4590-a9a8-561d61660251,fraud_card_not_present,apparel,wallet,981.6,24,1,signed_confirmation,True,0.546,0.372,0,42,0.8429,True
0f4a78e4-87ac-41bd-8fb1-4a06699cae6f,item_not_received,home_goods,card,1560.91,7,18,not_shipped,True,0.469,0.903,1,147,0.0705,False
d6ff3acb-5f18-430f-bc5d-bef1528e4619,not_as_described,home_goods,card,1246.46,17,8,not_shipped,True,0.529,0.691,1,513,0.3585,False
3ea65eb2-5976-49bd-a3b7-1d442875395d,fraud_card_not_present,home_goods,wallet,1316.98,23,18,not_shipped,True,0.915,0.832,0,172,0.385,True
65c56587-1b1d-4c40-8069-ad8d2805c9ca,item_not_received,electronics,card,846.34,4,13,signed_confirmation,False,0.4,0.622,0,141,0.8056,True
ad7d7050-2124-4712-b927-e3e360137aee,item_not_received,home_goods,card,1704.77,24,16,signed_confirmation,False,0.585,0.621,0,204,0.825,True
69fea783-63e0-4569-82a5-83ad1e7a8e70,fraud_card_not_present,home_goods,netbanking,228.0,15,20,delivered_no_signature,False,0.397,0.343,0,547,0.7675,True
891cfb4b-2626-4bab-83b0-68839a5173de,item_not_received,digital_goods,card,281.91,4,15,delivered_no_signature,True,0.509,0.431,1,603,0.7894,True
3c19b03a-4439-4dd2-96f9-00908f097e8c,subscription_not_cancelled,digital_goods,card,1695.54,21,11,signed_confirmation,False,0.331,0.518,2,622,0.7883,True
55af37d3-8ac4-43d0-87a1-fbc6614ce718,fraud_card_not_present,beauty,card,802.22,15,7,delivered_no_signature,False,0.51,0.511,3,74,0.0647,False
84e70679-1957-49aa-af38-687bb0dbe91d,subscription_not_cancelled,beauty,card,326.6,11,18,delivered_no_signature,False,0.395,0.635,0,62,0.2386,False
b7dd9b7b-853b-44fc-a713-f7ef8f4e9028,subscription_not_cancelled,electronics,upi,614.76,4,8,not_shipped,False,0.539,0.681,1,357,0.2356,False
22011637-200e-452c-9a64-d40b593137b5,item_not_received,beauty,card,619.86,12,19,signed_confirmation,False,0.234,0.375,1,933,0.8297,True
f8d8d3c9-154c-4d3a-a1b6-8a0c92d9da36,duplicate_charge,apparel,upi,1009.26,10,14,delivered_no_signature,True,0.173,0.574,0,285,0.7199,True
403d40cf-3868-4220-8897-2d9942099428,duplicate_charge,home_goods,upi,641.35,20,12,signed_confirmation,False,0.413,0.667,1,15,0.505,False
040ac689-0f3c-41d9-a4cd-47c1f38f2b35,fraud_card_not_present,beauty,upi,1494.83,6,13,signed_confirmation,False,0.281,0.251,0,637,0.5736,False
616a3929-7f62-4f58-9496-2c78dfc6a0fa,item_not_received,home_goods,card,789.04,23,21,in_transit,False,0.554,0.398,1,247,0.507,True
41e8c885-dba3-4900-b3f3-ca5c266fc4ce,item_not_received,beauty,card,872.88,6,21,delivered_no_signature,False,0.608,0.427,1,2154,0.8865,True
10a1e925-a714-413e-b25b-01830d7d1d0f,duplicate_charge,apparel,card,427.76,41,6,delivered_no_signature,False,0.658,0.578,0,275,0.5438,False
707be952-cbd7-401b-89a0-3cad5a108416,item_not_received,apparel,card,5069.5,4,12,signed_confirmation,False,0.284,0.603,1,285,0.8807,True
b912c549-99fc-4881-bb74-a95b950d4ee1,fraud_card_not_present,apparel,wallet,1796.24,6,7,signed_confirmation,False,0.494,0.461,1,180,0.2824,False
88b14071-e0ca-4cc2-8d42-3096cb9f2f3c,not_as_described,electronics,upi,2255.37,1,5,signed_confirmation,False,0.554,0.353,0,300,0.3238,True
12ab867f-d9cf-4faf-b14d-3903d6a312c2,item_not_received,groceries,card,330.85,2,21,signed_confirmation,False,0.666,0.596,0,96,0.7652,True
b8ede4d6-e774-4595-8495-0818f8b34d8a,item_not_received,apparel,card,1752.97,22,6,signed_confirmation,False,0.697,0.827,0,389,0.834,True
70b311eb-3f66-4b39-a2e9-b3e57b09cd87,fraud_card_not_present,digital_goods,upi,5650.85,4,13,signed_confirmation,False,0.332,0.81,0,70,0.862,True
4aeab275-555f-41a0-9f40-0c8f10b389f0,fraud_card_not_present,digital_goods,upi,2178.03,5,6,delivered_no_signature,False,0.663,0.48,0,52,0.3454,True
4ad83b46-4420-47b1-bf46-9fcf2ac44066,item_not_received,beauty,netbanking,161.97,45,1,in_transit,False,0.752,0.61,0,1512,0.3525,False
c7a504ff-c15a-4d7b-a6f0-572be48b11c0,item_not_received,electronics,upi,982.7,17,17,signed_confirmation,False,0.554,0.339,2,118,0.8241,True
173e368e-c1a0-4b99-a73d-a6122c515d09,item_not_received,apparel,upi,353.72,3,5,delivered_no_signature,True,0.239,0.8,1,332,0.4896,False
d669caaa-ea74-4fe0-afcc-0f188a5f66a7,duplicate_charge,electronics,upi,1309.13,16,5,signed_confirmation,False,0.702,0.233,1,227,0.3971,False
0aead064-e386-4e3d-a35e-0b839b203e8c,fraud_card_not_present,apparel,card,767.2,3,9,signed_confirmation,False,0.308,0.808,2,193,0.2131,False
b6c929fc-4dc1-4b3d-9b0c-8f799e469b5b,duplicate_charge,electronics,card,796.64,5,9,in_transit,False,0.703,0.546,0,114,0.6094,False
baef154f-c676-4e34-983f-be58ebee739a,fraud_card_not_present,groceries,card,1099.7,5,15,delivered_no_signature,False,0.149,0.338,1,273,0.2494,False
d2bd9bbd-8de3-47ea-a7a6-09ee5b293885,fraud_card_not_present,apparel,card,1017.71,20,5,delivered_no_signature,True,0.567,0.609,2,461,0.6724,False
9dd709ac-a68f-45ba-97ab-f1c9c61db05e,not_as_described,electronics,upi,1607.85,1,1,delivered_no_signature,False,0.308,0.946,0,34,0.4705,True
7e535ce9-4f8c-4a46-b62b-942b21655c62,subscription_not_cancelled,apparel,card,1599.09,1,17,signed_confirmation,False,0.457,0.821,0,120,0.3921,False
c5d7e8f1-c7b9-4753-950b-6d48f6ee8b06,item_not_received,groceries,card,461.34,6,16,delivered_no_signature,False,0.916,0.509,1,13,0.3662,False
b3965957-fdf5-4336-a84e-eacf00ae1a24,fraud_card_not_present,electronics,card,787.04,11,3,delivered_no_signature,True,0.64,0.846,0,162,0.6608,True
0e2fce81-f8f4-4d38-8da5-f437c4a7665d,not_as_described,digital_goods,card,5289.3,25,6,signed_confirmation,True,0.58,0.62,0,34,0.7226,False
2bf68634-ee74-418e-bd19-c2b759f753b8,not_as_described,apparel,upi,2129.39,6,14,in_transit,False,0.329,0.557,0,644,0.5546,False
0d2dbd44-e12c-4948-864c-1d7df31ed100,item_not_received,electronics,upi,219.31,1,21,delivered_no_signature,True,0.334,0.549,1,1183,0.9246,True
4b25717b-727e-4cc4-b9f5-ac594c7a2dfc,item_not_received,groceries,netbanking,561.08,9,15,delivered_no_signature,False,0.517,0.754,0,113,0.6595,True
8f0504d0-63f5-4535-9a48-87b8712be775,item_not_received,apparel,card,807.68,6,1,delivered_no_signature,True,0.21,0.847,3,2583,0.8965,True
6ba61774-183d-48be-abad-b60d34ffe51f,subscription_not_cancelled,digital_goods,upi,5117.56,10,11,signed_confirmation,False,0.206,0.26,2,183,0.6891,True
72f1ff69-a083-469d-ab10-1cbc69d8f152,fraud_card_not_present,beauty,card,354.25,4,5,in_transit,False,0.346,0.541,1,91,0.2556,False
953a7ca5-d879-4b49-8142-4aa74dc4797a,not_as_described,groceries,upi,2814.09,2,16,in_transit,True,0.679,0.658,1,1341,0.7834,False
7489eb44-ccd3-45fb-86d5-6cf0e5eba5a2,item_not_received,electronics,wallet,778.16,1,19,delivered_no_signature,True,0.447,0.414,0,759,0.8584,True
40d9e4d5-51e1-46a1-ac5b-43b7174ff449,not_as_described,groceries,upi,2318.91,30,2,signed_confirmation,True,0.264,0.548,0,247,0.8131,False
285b392b-2f50-41c3-82d8-cda705b47913,not_as_described,beauty,upi,1419.61,10,13,signed_confirmation,True,0.872,0.902,0,1500,0.698,True
251e476c-4653-43ec-8abe-6e1aab14266b,fraud_card_not_present,groceries,wallet,842.62,23,9,delivered_no_signature,False,0.904,0.96,1,102,0.1696,True
90305256-d189-4ded-965b-176b3167b8db,subscription_not_cancelled,home_goods,card,599.73,28,10,delivered_no_signature,False,0.069,0.612,3,372,0.0974,False
f8dcb707-c786-4bd0-b5a5-acacfcca92d5,not_as_described,digital_goods,netbanking,3408.61,11,2,in_transit,True,0.303,0.684,2,25,0.6297,True
26da4c32-b40a-4f6a-ab28-d83139e42881,not_as_described,digital_goods,card,4389.74,22,10,signed_confirmation,True,0.214,0.571,1,199,0.3392,True
b99a38ca-a05a-4c15-afb4-ede56c7613da,not_as_described,apparel,netbanking,591.79,29,10,signed_confirmation,False,0.402,0.602,2,238,0.086,False
9c535558-a9d6-4dc4-966c-9b897e2b2815,duplicate_charge,electronics,card,341.48,23,12,in_transit,False,0.4,0.669,0,150,0.3091,True
0d362b7c-3612-4599-840b-1ac64dcc57f0,item_not_received,groceries,wallet,262.38,10,18,signed_confirmation,False,0.408,0.564,1,83,0.8737,True
395a5206-4d2d-43eb-98f8-455d4912b5c0,item_not_received,digital_goods,card,409.22,15,11,delivered_no_signature,True,0.414,0.726,0,8,0.7757,True
7f9e5de7-421d-4627-a40a-fce94571cc4c,not_as_described,electronics,card,1592.82,17,13,signed_confirmation,False,0.866,0.676,0,96,0.3415,False
30bb2c29-34b6-4530-ac39-2b75920eb0cb,item_not_received,electronics,card,338.87,14,17,in_transit,False,0.648,0.3,0,128,0.1486,False
70bbd7b5-d0af-4ddf-8e9a-71fd5d806cc0,item_not_received,digital_goods,upi,792.08,18,20,in_transit,True,0.348,0.803,2,854,0.2267,False
d3c70f85-7c43-4ef0-9afd-84c471ec912e,item_not_received,home_goods,upi,278.39,3,15,delivered_no_signature,False,0.412,0.705,0,14,0.4413,True
f7649d98-6c4c-43a5-b0d7-2d7fb2e3bfa2,not_as_described,beauty,card,495.23,3,17,in_transit,False,0.607,0.543,0,139,0.305,False
fb68d297-ef63-47ff-afe5-e32edb3e236c,item_not_received,digital_goods,card,1325.08,9,15,signed_confirmation,True,0.443,0.732,2,14,0.8259,True
29c39375-75c7-4478-ab1c-50fac601f51d,subscription_not_cancelled,apparel,card,539.8,2,5,signed_confirmation,False,0.148,0.49,2,1195,0.4308,False
510562a9-aa88-453c-b421-02faa495dd3a,item_not_received,electronics,wallet,674.79,5,21,in_transit,False,0.372,0.461,1,247,0.3072,False
7c4773f3-e3cf-43c5-9609-4e6d0e83f406,fraud_card_not_present,digital_goods,card,327.61,5,16,signed_confirmation,False,0.326,0.774,0,972,0.3992,False
2e78398b-57c6-46d4-b7e3-361ad748c3c5,item_not_received,electronics,netbanking,722.97,19,2,delivered_no_signature,False,0.818,0.28,0,389,0.6203,False
12eef4eb-f184-4ad3-a5d3-332fe0c64de8,not_as_described,digital_goods,card,1963.28,3,12,delivered_no_signature,True,0.665,0.674,0,318,0.6176,True
6dbc06df-bf1c-4c0c-85d9-0ff053cc10c2,fraud_card_not_present,home_goods,card,1023.8,5,18,delivered_no_signature,False,0.322,0.66,0,160,0.7185,False
bae62818-00f8-42a7-9963-b0d6fd03aad2,duplicate_charge,electronics,upi,710.24,2,7,delivered_no_signature,True,0.14,0.318,0,93,0.8669,True
9744e3c1-a208-4c30-966c-9e428859e423,fraud_card_not_present,groceries,upi,680.32,6,20,not_shipped,False,0.723,0.461,2,687,0.0876,False
81ca1885-02b8-4663-8b43-45492a7c2fa6,item_not_received,apparel,upi,529.68,25,20,signed_confirmation,True,0.34,0.524,1,145,0.8327,True
7bbbb0d4-aefa-40ce-b7a2-428d9d88f6f3,item_not_received,electronics,netbanking,618.42,59,18,in_transit,False,0.783,0.751,0,432,0.5086,False
575fe41f-0766-457d-b50b-1f014b0fe7bc,subscription_not_cancelled,home_goods,card,427.19,24,19,delivered_no_signature,False,0.603,0.618,0,32,0.5058,False
fd7040e5-0d1f-4116-a9f4-aee5be3afa1a,duplicate_charge,digital_goods,card,253.27,9,3,delivered_no_signature,True,0.154,0.65,1,521,0.7481,False
91f739f3-7fc5-4c7f-bcb0-feaebeb3dd8c,subscription_not_cancelled,home_goods,upi,378.97,5,17,in_transit,False,0.476,0.861,1,51,0.4109,False
13c7d1a0-7fc2-4358-8aa9-8f4312d321cb,subscription_not_cancelled,home_goods,card,2430.58,4,7,signed_confirmation,False,0.422,0.626,2,125,0.2675,False
24d9bfde-2eb7-4618-95aa-ea686693a8f4,item_not_received,home_goods,upi,356.04,19,1,delivered_no_signature,True,0.641,0.775,1,42,0.8317,True
cbebfc2f-7ae1-432a-b2e0-3be96f766d7a,not_as_described,digital_goods,upi,2511.83,1,12,delivered_no_signature,False,0.631,0.157,0,75,0.3186,True
93ae8923-b361-4e78-bef5-4646acdc368f,fraud_card_not_present,apparel,card,2059.58,35,1,signed_confirmation,True,0.55,0.765,1,46,0.503,True
5a9b2cbb-0b15-4a1a-8e7e-9de6e681d812,item_not_received,home_goods,card,494.53,5,14,signed_confirmation,True,0.203,0.55,1,232,0.8734,True
02190d42-8261-41e3-bd84-94944f151ffb,fraud_card_not_present,home_goods,upi,3688.52,1,15,signed_confirmation,False,0.424,0.896,1,78,0.5592,True
beacf808-83da-4aa0-9ff2-e58067607b82,not_as_described,groceries,card,2649.8,1,8,delivered_no_signature,False,0.436,0.724,0,447,0.4673,False
b0c7c519-3166-45b0-96dd-9757d4a42c14,not_as_described,apparel,card,281.77,26,6,in_transit,True,0.628,0.88,1,466,0.6978,False
335f574a-0940-4185-a73a-673d9f8183d2,item_not_received,beauty,upi,447.15,3,18,not_shipped,True,0.263,0.7,1,660,0.1053,False
20c517e7-c36c-4b6c-8112-9647a5ef3b0f,item_not_received,digital_goods,upi,1200.7,3,7,in_transit,True,0.493,0.61,0,111,0.2849,False
ec23c0f9-1ea2-446e-81ae-932acfbf8ab7,fraud_card_not_present,apparel,card,1135.85,9,19,in_transit,False,0.297,0.437,1,6,0.542,False
81ac01da-fd05-4e18-99d0-b7aa222f2ad8,item_not_received,apparel,upi,184.44,8,15,signed_confirmation,True,0.794,0.876,0,1058,0.9347,True
aad462dc-dbf6-4bbf-9672-6bdcb38b240a,subscription_not_cancelled,groceries,upi,165.14,8,8,in_transit,True,0.552,0.884,1,177,0.7213,True
f5b43a80-f2b5-428a-92a6-7245d4afe79c,item_not_received,digital_goods,card,2063.29,6,3,signed_confirmation,True,0.386,0.584,1,986,0.5413,True
15ccc4d0-1a15-4971-a978-ef48467feec3,fraud_card_not_present,electronics,wallet,4900.65,13,4,in_transit,True,0.591,0.296,0,342,0.6115,True
04abdf6a-8f97-47f2-a010-37355c9cf9eb,not_as_described,beauty,card,165.59,30,16,delivered_no_signature,False,0.907,0.328,2,26,0.1833,False
4e91daf2-658f-4d66-85ce-69ce877c74e1,duplicate_charge,digital_goods,card,807.53,10,4,not_shipped,False,0.251,0.631,0,1065,0.5731,True
cd6aa6d8-4d77-4882-94f6-e8db3f16d7e5,duplicate_charge,groceries,upi,1459.37,3,4,delivered_no_signature,False,0.466,0.466,0,303,0.6765,True
5f09ca30-046f-4ecd-ad39-dd9578ff7e98,fraud_card_not_present,groceries,netbanking,965.82,1,14,not_shipped,True,0.728,0.57,0,134,0.296,False
bdaa1e5a-ba60-468e-8de7-9d9197a4f93d,duplicate_charge,digital_goods,card,735.48,17,1,delivered_no_signature,True,0.831,0.641,0,779,0.7667,True
341a33dd-eef4-4c42-9d9d-a45cff20ab90,item_not_received,groceries,upi,2365.06,13,18,delivered_no_signature,True,0.097,0.713,0,183,0.4615,False
c04d15b1-1da7-46bf-a389-71b8ce9e8274,duplicate_charge,apparel,card,4895.44,13,1,delivered_no_signature,False,0.71,0.88,3,161,0.6759,False
96cfc3b0-8570-4276-97d1-c47f78fe487a,fraud_card_not_present,apparel,upi,272.64,30,5,signed_confirmation,False,0.039,0.452,0,305,0.4698,True
920198c4-cde8-477b-816c-b00af9ab1d8d,item_not_received,apparel,card,700.76,1,10,delivered_no_signature,False,0.503,0.576,0,97,0.5069,True
b8145988-1d8f-4691-a636-b39d3e1498d1,item_not_received,beauty,upi,283.54,8,1,delivered_no_signature,True,0.525,0.639,1,108,0.9043,True
18f334b8-273f-4639-992c-6d88f2fbb68d,not_as_described,digital_goods,card,1052.21,9,8,in_transit,True,0.117,0.951,0,383,0.7844,False
d7d3d5cb-a22b-42a8-82ed-0af733f071c4,duplicate_charge,electronics,wallet,2025.72,18,21,signed_confirmation,False,0.682,0.847,0,184,0.7109,False
23774687-e041-4dd6-b0b0-2939ed24774f,fraud_card_not_present,home_goods,netbanking,348.8,3,15,signed_confirmation,True,0.616,0.383,0,215,0.6155,False
9fc930c7-6823-4c82-b786-b1ff66a298fe,item_not_received,groceries,card,914.13,19,3,signed_confirmation,True,0.479,0.498,1,979,0.8567,True
83c06fe1-1d76-4491-89b6-af3ee17d4786,not_as_described,apparel,card,185.67,9,3,not_shipped,False,0.71,0.558,1,6,0.1236,False
4066b257-a2c6-405d-8620-4107bdb7aa85,item_not_received,apparel,card,570.84,11,19,signed_confirmation,True,0.545,0.821,1,838,0.8022,True
9410b7fe-a4fd-49f7-8a91-83a062d2bd2a,item_not_received,apparel,card,468.07,28,18,delivered_no_signature,False,0.33,0.419,0,1505,0.7141,True
506e09e9-ca85-4da0-b409-71d0ae8f1075,subscription_not_cancelled,groceries,card,1835.67,4,5,delivered_no_signature,False,0.27,0.7,1,413,0.9055,True
b5da81fb-b3fc-4477-b537-1bd90b93c369,fraud_card_not_present,groceries,wallet,1779.78,7,15,delivered_no_signature,False,0.719,0.475,0,81,0.5168,False
73f716cf-e3a0-4054-ab6a-e7ff284f5e59,not_as_described,digital_goods,upi,658.99,2,6,delivered_no_signature,True,0.843,0.829,0,260,0.7868,True
1668998e-ae5d-40d3-8654-e47605132cfa,duplicate_charge,digital_goods,upi,836.49,4,9,signed_confirmation,False,0.327,0.706,0,27,0.1404,True
13b51601-6c86-4366-b706-4f8b3a311cd5,fraud_card_not_present,beauty,upi,790.32,29,6,signed_confirmation,True,0.411,0.536,1,771,0.4028,True
57941c10-5bca-4579-9ed2-01300c138719,item_not_received,home_goods,card,205.99,10,6,in_transit,True,0.592,0.55,1,196,0.3445,True
19e714d7-222d-4b76-b2e6-0f38b322de7e,subscription_not_cancelled,apparel,card,261.29,3,14,not_shipped,False,0.602,0.895,2,97,0.3046,False
46f875d6-d5ca-456f-b4f2-8e0a62081d6e,item_not_received,digital_goods,card,573.57,21,17,signed_confirmation,True,0.204,0.122,2,413,0.9412,True
cf38d135-077a-4f34-8fa0-7744bdc6fee3,item_not_received,digital_goods,card,1878.79,14,16,in_transit,False,0.812,0.372,0,836,0.4409,False
6181ae6d-a0d9-4e1b-8bb8-e4e4576b5ad0,fraud_card_not_present,apparel,card,776.46,15,20,signed_confirmation,True,0.149,0.707,0,152,0.6307,False
3194e735-b963-4845-84f1-ac6b51d5b75f,item_not_received,groceries,card,770.94,10,11,delivered_no_signature,False,0.744,0.884,1,597,0.5761,True
4ef23559-afec-4fad-adb2-055e7aafcc79,fraud_card_not_present,apparel,upi,1021.51,7,17,delivered_no_signature,True,0.433,0.68,0,376,0.3145,False
998ff844-5c32-4bdd-b621-b501f7bd2e52,not_as_described,groceries,card,933.71,1,5,delivered_no_signature,True,0.833,0.798,0,454,0.3982,True
b48369b1-07ce-47c9-b2c5-f6a63f2ba4c9,duplicate_charge,groceries,card,489.42,25,13,delivered_no_signature,False,0.671,0.605,2,913,0.3033,True
0ffa4130-6a17-4402-8d6e-dc731bc337b1,fraud_card_not_present,groceries,card,2918.18,5,16,signed_confirmation,True,0.276,0.895,0,297,0.5986,True
c1f45f57-3bef-4e1d-9f1b-20fcc71b298a,fraud_card_not_present,groceries,card,359.1,5,3,in_transit,False,0.691,0.645,2,75,0.7143,True
66729876-c538-4db2-927a-1fffb74fef23,subscription_not_cancelled,home_goods,upi,440.41,7,19,in_transit,True,0.628,0.695,0,220,0.852,True
77962983-5f5d-4c0c-b348-42f8c497a9db,not_as_described,digital_goods,netbanking,1365.26,7,15,signed_confirmation,False,0.605,0.633,0,1067,0.7457,False
9bb6cf0a-5b63-4ba6-b772-cfe8f4b4c243,duplicate_charge,digital_goods,card,375.52,33,11,signed_confirmation,False,0.647,0.318,1,403,0.1993,False
b4f1e55a-7962-4125-8c65-9473ae1cddfe,fraud_card_not_present,electronics,card,1637.03,1,7,delivered_no_signature,False,0.787,0.911,1,406,0.7792,False
65a100fe-347c-4b66-860c-8cb51df89f58,duplicate_charge,apparel,card,1356.22,6,1,signed_confirmation,True,0.335,0.781,3,34,0.5853,False
e1dde68f-07ad-4b89-b26d-1070e92d470e,duplicate_charge,beauty,wallet,739.83,15,11,signed_confirmation,True,0.477,0.336,0,112,0.8896,False
12397694-6197-4ccd-acac-4b05207daa97,item_not_received,digital_goods,card,2227.1,3,13,signed_confirmation,False,0.17,0.814,1,1159,0.9403,True
0e0e4964-9dbb-42da-817d-d6e756c8711b,not_as_described,digital_goods,card,1799.33,5,1,signed_confirmation,True,0.802,0.537,2,551,0.6087,True
53c9b959-c4ce-4607-b371-da295525a059,item_not_received,electronics,upi,1096.04,5,13,delivered_no_signature,False,0.589,0.359,0,44,0.3574,False
4e6bd62f-0f18-4863-8e48-b47f1131feae,item_not_received,beauty,netbanking,801.34,6,4,delivered_no_signature,True,0.301,0.086,0,316,0.9162,True
522e9fdd-8f29-4c73-9185-d1fdca894883,item_not_received,apparel,wallet,418.43,15,15,signed_confirmation,True,0.547,0.24,2,303,0.8932,True
39417241-01c9-4bb2-b191-aeff83baaa00,subscription_not_cancelled,electronics,card,99.39,19,21,signed_confirmation,False,0.245,0.417,0,200,0.6226,False
b8443446-3809-425a-919d-45f07d2324e9,item_not_received,beauty,card,637.39,4,9,signed_confirmation,False,0.724,0.228,0,48,0.8206,False
b56e32f3-6d08-4648-a5f9-146fa721497e,item_not_received,groceries,wallet,4702.95,7,16,delivered_no_signature,False,0.756,0.519,2,413,0.6552,False
3d3033a7-2cae-4702-a3f4-1f8cee74f28c,item_not_received,digital_goods,card,1830.52,3,13,delivered_no_signature,False,0.3,0.456,1,196,0.6759,False
f214a76a-331c-4fac-a459-c17fe0655cd3,duplicate_charge,groceries,upi,761.88,26,8,in_transit,True,0.787,0.944,1,646,0.8449,False
ae61a7af-616a-4218-bb40-9ab7ffdf3e47,item_not_received,home_goods,card,996.24,1,11,signed_confirmation,False,0.261,0.546,0,202,0.9267,True
964ea1a7-53ed-40de-a774-0d3547557d9f,duplicate_charge,apparel,upi,302.85,10,20,in_transit,False,0.737,0.431,0,154,0.8763,True
5c542654-6e74-4089-ab7e-05f148a29961,item_not_received,digital_goods,upi,2476.65,5,7,not_shipped,True,0.671,0.531,0,125,0.454,True
b5d9b95c-cc34-470c-8d0a-69537c1c4742,duplicate_charge,digital_goods,wallet,2324.71,2,7,delivered_no_signature,True,0.405,0.541,1,981,0.6776,True
6263b12f-51e6-4673-a898-6f586d740f33,not_as_described,beauty,card,1828.06,2,8,delivered_no_signature,True,0.629,0.367,0,98,0.9187,True
e681ff9e-839c-49be-b50b-50c8943dc516,item_not_received,home_goods,card,998.93,14,3,signed_confirmation,True,0.539,0.894,0,252,0.5076,False
a2926452-4b71-45f1-99fc-2184bc4d2113,fraud_card_not_present,apparel,card,168.75,34,6,not_shipped,False,0.67,0.749,1,96,0.6301,False
f208560a-b780-4e04-a5fa-7120dd296651,fraud_card_not_present,digital_goods,card,905.05,3,4,signed_confirmation,False,0.543,0.361,1,321,0.143,False
a502ac38-5125-4948-a443-5a4bd633690b,fraud_card_not_present,digital_goods,netbanking,2474.01,29,15,delivered_no_signature,False,0.214,0.295,0,242,0.371,True
29a98c73-7f01-4736-b73d-80a90a9be7dd,item_not_received,electronics,card,443.98,15,9,delivered_no_signature,False,0.35,0.297,0,42,0.6038,False
c40a565c-0e5b-434e-ad41-2015b4f198a2,duplicate_charge,beauty,upi,725.85,2,3,signed_confirmation,True,0.73,0.659,0,133,0.8836,True
358cd5d2-9d87-417d-bb61-f91586e522bb,not_as_described,apparel,upi,481.56,26,15,in_transit,False,0.662,0.644,1,193,0.8217,True
1c01a821-442d-4a50-8335-5caacaa39e60,item_not_received,groceries,upi,4375.1,2,10,delivered_no_signature,True,0.292,0.801,0,192,0.5417,False
2d5572fb-bf51-41a1-bc1e-09b681a57077,fraud_card_not_present,digital_goods,card,1308.06,4,4,signed_confirmation,True,0.502,0.749,1,1424,0.7694,True
c1b51f9d-52da-417c-80b3-008a56c2e882,fraud_card_not_present,apparel,card,1515.62,18,18,delivered_no_signature,False,0.891,0.559,1,263,0.6013,True
5e923947-11a7-4336-8421-b819b591107e,fraud_card_not_present,beauty,upi,541.27,3,9,signed_confirmation,True,0.644,0.684,0,312,0.7282,True
c2f2fdec-4f6e-4736-aabe-9faaaef7b017,duplicate_charge,beauty,upi,1225.35,6,21,signed_confirmation,True,0.227,0.582,0,248,0.8194,True
21cf52d4-5666-420f-971c-019ee5845704,fraud_card_not_present,groceries,wallet,594.95,6,9,signed_confirmation,True,0.15,0.529,1,46,0.4328,True
ee5d5a46-0d0b-4b7c-8383-4d320e5be126,duplicate_charge,digital_goods,netbanking,2792.76,9,14,signed_confirmation,False,0.28,0.324,0,853,0.4277,True
d57ec87c-46d3-488f-9eb5-7736639ef03f,fraud_card_not_present,home_goods,card,1367.73,3,15,delivered_no_signature,False,0.485,0.137,1,127,0.7697,True
2fd4d61f-bd65-47b1-9b23-cac4fbcba0ec,not_as_described,groceries,upi,253.38,2,8,signed_confirmation,False,0.765,0.151,1,77,0.6412,False
f80ca9e4-92ab-4a91-9fe7-e21e44df237c,fraud_card_not_present,apparel,netbanking,944.23,2,2,delivered_no_signature,False,0.844,0.393,0,37,0.7521,True
6150b2d0-ac37-42ab-8ba8-b3ae21cd25a2,duplicate_charge,beauty,upi,540.58,19,6,not_shipped,True,0.422,0.556,0,707,0.6788,False
279a8616-0f44-4950-a625-a8f4b3b34994,not_as_described,beauty,card,317.85,8,10,signed_confirmation,True,0.466,0.746,1,26,0.5104,True
85dcc08d-1cac-4206-86ee-e21da83b9d54,item_not_received,electronics,netbanking,152.94,26,21,signed_confirmation,True,0.79,0.685,0,200,0.6723,True
7216575d-1e9a-4241-b2f7-134c19356b41,duplicate_charge,apparel,upi,949.83,19,7,signed_confirmation,True,0.215,0.299,1,9,0.391,True
f5b3b952-7cbe-454b-8488-2b95e2966aab,duplicate_charge,electronics,card,1139.53,3,17,delivered_no_signature,False,0.888,0.255,2,106,0.8063,True
18afe729-a408-4976-b94e-4dffe40903f2,not_as_described,home_goods,card,713.19,16,13,signed_confirmation,False,0.301,0.51,1,615,0.5339,True
d4c02d60-2a90-4162-9789-f1f1de2a8fa0,item_not_received,home_goods,upi,1842.31,19,10,in_transit,False,0.297,0.348,0,127,0.0997,False
82d89b37-5d8e-4eb0-95b5-6417b4faeb4d,duplicate_charge,electronics,upi,7612.95,6,21,signed_confirmation,False,0.652,0.668,0,979,0.5976,True
4b8fcb77-c435-45d1-8b80-c3f6232ed491,subscription_not_cancelled,groceries,card,744.16,8,4,signed_confirmation,True,0.17,0.37,0,195,0.4866,True
ff1b116f-7c3a-4ea5-bac6-31c7a2714dad,item_not_received,beauty,netbanking,567.18,2,15,not_shipped,True,0.576,0.595,3,64,0.0875,False
3cc99803-c091-4835-b2d3-cce91d26e591,not_as_described,apparel,upi,3456.35,5,4,in_transit,False,0.763,0.571,2,207,0.4896,False
8fdbf7d4-3793-4ea0-8429-90146ad18d48,not_as_described,home_goods,netbanking,355.44,4,15,signed_confirmation,False,0.449,0.419,0,696,0.2937,False
16161e2f-11fa-45b5-88ba-29f75195f4ec,duplicate_charge,digital_goods,card,1000.36,20,18,delivered_no_signature,True,0.69,0.575,1,251,0.8968,True
584b1991-128f-411c-9079-72f4619d4e5b,fraud_card_not_present,home_goods,upi,1824.21,2,9,delivered_no_signature,False,0.574,0.955,1,1171,0.2641,False
930b381b-6ed8-4995-90d2-97d4f35908a7,fraud_card_not_present,home_goods,upi,1512.54,31,2,signed_confirmation,False,0.866,0.86,1,388,0.8892,True
f3b25cda-b04d-4313-a6cb-2b1b9e79c774,item_not_received,apparel,card,1287.09,6,19,in_transit,False,0.589,0.851,1,338,0.3827,True
b1ec1820-215b-48ed-ae19-f11b89f8fb88,subscription_not_cancelled,groceries,upi,848.27,1,2,signed_confirmation,True,0.534,0.384,1,389,0.855,True
7c294aed-ce9f-4d5f-8caf-7b88623b0e78,not_as_described,digital_goods,upi,404.77,28,1,signed_confirmation,False,0.363,0.556,0,538,0.5732,False
0581707e-fad1-43f4-bff4-256b648f7b3f,not_as_described,groceries,upi,4888.23,9,15,signed_confirmation,False,0.539,0.536,1,421,0.4367,False
cb829ab5-3e59-4a92-9cc5-793f771a8b81,item_not_received,beauty,card,598.33,2,10,signed_confirmation,False,0.844,0.672,1,247,0.6804,True
1703565f-4f5b-4a01-aa49-06552491c7c8,not_as_described,digital_goods,card,620.35,1,11,signed_confirmation,True,0.31,0.821,3,725,0.8343,True
fd394779-5129-42a6-b1ca-8b935375d462,fraud_card_not_present,beauty,card,285.38,9,5,signed_confirmation,False,0.636,0.608,1,386,0.8614,True
61d4fb02-2061-4cd7-9c2b-3c86366bd517,duplicate_charge,electronics,upi,1171.36,53,1,in_transit,True,0.531,0.89,0,1308,0.378,False
5129a164-27a3-43e6-a94b-73d5811d6a8d,item_not_received,electronics,netbanking,2556.95,12,13,signed_confirmation,False,0.549,0.705,1,346,0.7514,True
161b1ca2-3f6d-4dcc-8654-a8d042d895be,not_as_described,electronics,upi,453.75,2,18,delivered_no_signature,False,0.744,0.818,1,97,0.5526,True
f12ad15a-6c8b-4fd6-a5fb-0df99e745fee,duplicate_charge,beauty,card,793.94,6,10,signed_confirmation,False,0.29,0.829,0,105,0.8861,True
fee22c4f-4951-4d00-8512-eb64a19d2f34,fraud_card_not_present,groceries,card,4776.27,6,20,signed_confirmation,False,0.549,0.698,0,349,0.4512,False
8e334dc2-e866-41f2-8ccb-92cf1bec3484,subscription_not_cancelled,home_goods,netbanking,7283.16,2,6,in_transit,True,0.817,0.539,0,92,0.605,False
5877eae1-432e-4652-8ff9-521703eab88f,item_not_received,home_goods,card,725.07,2,21,signed_confirmation,True,0.636,0.659,1,223,0.8925,True
4ad71b0c-8082-4788-be6b-f8f8cf85b7a4,not_as_described,digital_goods,card,397.94,16,17,delivered_no_signature,False,0.135,0.695,1,109,0.3571,False
3ca7184f-d7be-4175-a700-a41edb51c583,fraud_card_not_present,apparel,card,535.02,9,2,signed_confirmation,False,0.277,0.283,0,630,0.7605,True
3ae798b5-b0f4-457a-b70e-ba37513f10b6,not_as_described,home_goods,card,676.84,13,4,not_shipped,False,0.751,0.733,1,66,0.1819,False
c5a9de90-fb14-4221-b85b-83de5b5ea5e9,item_not_received,home_goods,card,1201.24,18,5,signed_confirmation,True,0.546,0.823,1,50,0.7722,True
05a697c9-a149-429d-b35d-c47ea0f960be,item_not_received,apparel,upi,1678.78,32,10,signed_confirmation,True,0.423,0.782,0,202,0.6438,False
208ffb2b-bdf9-4a56-8655-f7f6de932d73,item_not_received,electronics,card,487.08,6,4,delivered_no_signature,False,0.479,0.575,0,206,0.5842,True
432fecde-d808-4225-88a9-9c8568048b3d,item_not_received,groceries,netbanking,1360.47,27,1,delivered_no_signature,True,0.705,0.393,0,709,0.4616,False
9e6750c0-0447-47a4-af8a-e46a25afd0df,duplicate_charge,electronics,upi,2432.25,4,7,signed_confirmation,False,0.237,0.416,0,29,0.5141,True
a5cb4da5-a0bf-4fa9-86db-b4f3cefbd363,not_as_described,apparel,card,840.73,3,3,signed_confirmation,True,0.535,0.781,1,1143,0.7077,False
f843eaf2-402b-45c3-aa55-e1c3718e694e,fraud_card_not_present,electronics,netbanking,484.14,3,15,signed_confirmation,True,0.082,0.715,0,353,0.3739,False
56c1da8c-789b-46ed-be12-9bac17ce5036,item_not_received,home_goods,card,430.68,11,20,not_shipped,False,0.571,0.913,1,1178,0.0989,False
8d26b104-cabc-4622-8a9b-bc1124fd561e,fraud_card_not_present,beauty,upi,1106.36,1,3,not_shipped,False,0.539,0.178,0,394,0.3108,True
f2339961-ea31-4182-8c2a-9c42f06bbff1,fraud_card_not_present,home_goods,card,684.63,2,19,delivered_no_signature,False,0.365,0.908,1,1690,0.4059,False
50c26760-dfb0-49ba-9bd0-e892d9279196,item_not_received,digital_goods,upi,2527.11,2,15,delivered_no_signature,False,0.033,0.533,0,142,0.833,True
19f019c6-e24f-423e-911f-01333b3c8bc7,item_not_received,digital_goods,upi,1459.17,4,20,delivered_no_signature,True,0.513,0.617,0,170,0.8005,True
2b57b078-b0ed-458f-9711-9d7cc72acddb,fraud_card_not_present,home_goods,card,763.45,12,12,signed_confirmation,True,0.118,0.756,2,101,0.1776,False
5a233af6-ca4a-4d54-ad06-b2c1069a8b41,fraud_card_not_present,home_goods,upi,387.02,2,19,signed_confirmation,False,0.526,0.386,3,487,0.1986,False
f47b8475-5048-4f61-9832-c124cda1b918,fraud_card_not_present,home_goods,card,1732.97,8,4,signed_confirmation,False,0.651,0.798,0,329,0.6406,False
8155ae44-6de2-4346-92e8-dd2040d73f56,item_not_received,digital_goods,upi,1479.67,2,11,signed_confirmation,True,0.915,0.695,0,25,0.9006,True
5dc31d8a-9a7a-425f-b881-2a84ad465669,not_as_described,electronics,wallet,701.2,21,17,not_shipped,False,0.551,0.67,0,923,0.3851,False
d716ef54-4bb0-4544-814c-6cd79d0df307,item_not_received,electronics,netbanking,1800.72,15,6,delivered_no_signature,False,0.09,0.594,0,91,0.4354,False
6d792a7c-49a9-46a1-86ae-d3edac15fb65,duplicate_charge,beauty,card,530.98,10,10,delivered_no_signature,False,0.406,0.891,0,491,0.6369,True
202b3c4b-eaa5-46f9-81ef-5a8ff96bb16a,fraud_card_not_present,apparel,card,157.74,4,6,signed_confirmation,True,0.681,0.471,0,623,0.937,True
49b9a50e-89d4-4c58-9d9a-59bef0c341dd,fraud_card_not_present,groceries,netbanking,231.25,1,10,signed_confirmation,False,0.061,0.767,0,70,0.3998,False
d9c0380b-cc49-4687-9de3-1ebc8795bc93,fraud_card_not_present,groceries,upi,557.98,18,15,signed_confirmation,True,0.549,0.77,0,125,0.7914,True
6dc9dd28-0a12-4f1d-926a-f551c1bfad09,not_as_described,electronics,upi,1023.47,11,4,signed_confirmation,True,0.839,0.619,1,563,0.7993,True
daa846f0-c156-4ddf-adb3-e7164d17da25,item_not_received,digital_goods,netbanking,1229.15,3,16,signed_confirmation,False,0.537,0.813,0,162,0.9434,True
81d8eaa9-f904-4b89-9c4e-43b29a4a02de,subscription_not_cancelled,groceries,card,528.87,8,8,not_shipped,False,0.445,0.354,0,239,0.3866,True
030b6f3c-bc9d-4d28-8be1-d2d34b21a3d2,not_as_described,apparel,upi,191.59,2,16,delivered_no_signature,False,0.255,0.558,0,415,0.5495,False
792cee0b-75a7-44a4-ae7f-1351054b7b56,subscription_not_cancelled,electronics,card,428.14,66,20,delivered_no_signature,False,0.364,0.519,1,203,0.6499,False
b8fc1df8-1382-4ea2-859c-04515b06ec19,not_as_described,digital_goods,upi,1784.61,15,17,delivered_no_signature,True,0.577,0.952,0,601,0.6542,True
1cdeeedc-7f37-485f-8ae0-2f8d906b03d3,item_not_received,groceries,card,1183.64,10,11,in_transit,True,0.638,0.537,0,443,0.2928,False
9afb3216-41ef-4d24-bdaf-379f74284b19,fraud_card_not_present,apparel,card,1452.27,16,21,signed_confirmation,False,0.516,0.554,0,28,0.7952,True
2ae0c992-da47-454b-81c6-f1208e4e13b5,fraud_card_not_present,groceries,wallet,1708.15,1,13,signed_confirmation,True,0.393,0.51,0,368,0.5158,False
b2fb2497-f084-4a28-8347-035298e928ee,not_as_described,beauty,upi,2605.93,5,12,delivered_no_signature,True,0.319,0.945,0,167,0.7833,True
4c04b187-34d9-44f6-bc71-cd5f718d54b5,not_as_described,apparel,card,731.32,2,9,signed_confirmation,False,0.092,0.621,0,517,0.6727,False
8ea16a11-4e85-4b8e-8078-2ee4cf02e013,item_not_received,electronics,card,456.48,19,20,signed_confirmation,True,0.349,0.706,0,341,0.7916,False
b2db9c58-b6b7-4dd0-9ce9-3f29309475a1,duplicate_charge,electronics,card,825.77,7,5,in_transit,False,0.418,0.741,0,524,0.4563,False
e9de7708-27ee-462e-82bb-5bedde11ab71,fraud_card_not_present,beauty,card,304.33,19,7,signed_confirmation,False,0.092,0.778,1,943,0.2714,True
567c0406-0b55-456b-843f-ba6a74cfc261,not_as_described,home_goods,card,1513.67,14,19,not_shipped,False,0.176,0.898,1,11,0.4907,True
5d29ae09-0781-4044-8049-999e2c3dc5de,item_not_received,beauty,netbanking,1834.19,12,21,signed_confirmation,True,0.371,0.532,0,269,0.7725,True
e4b481f4-bc04-4e6a-8b5b-547497b808f9,fraud_card_not_present,groceries,wallet,1956.33,31,3,not_shipped,False,0.688,0.665,1,432,0.2656,True
4aac159b-0277-4f30-bf93-431497625470,subscription_not_cancelled,apparel,card,495.91,7,14,delivered_no_signature,False,0.572,0.675,0,109,0.259,True
c03f5e6c-cbd8-40ea-9edc-a7b725af5c2a,not_as_described,digital_goods,card,1474.03,6,8,delivered_no_signature,True,0.617,0.383,1,149,0.3164,True
07a85e0c-0fa9-4155-b8d3-1fdf4c1521a5,fraud_card_not_present,apparel,upi,764.71,9,14,in_transit,True,0.668,0.512,0,20,0.5474,True
7cdd23fd-dff3-4a55-bcf5-dd2364b1d7ba,item_not_received,beauty,card,1993.28,14,20,in_transit,True,0.431,0.59,0,108,0.5325,False
396168fb-ffbe-4913-908d-ed1ec3a6e78c,item_not_received,digital_goods,upi,6042.58,6,10,signed_confirmation,True,0.54,0.475,0,267,0.8668,True
a9d48547-b78c-46a7-a653-7c3b8616cefc,item_not_received,digital_goods,card,692.53,11,3,signed_confirmation,True,0.79,0.816,1,52,0.7829,True
50d90a10-e4d2-463f-a87a-8f7d6e37c63a,fraud_card_not_present,apparel,netbanking,9337.34,1,9,signed_confirmation,False,0.771,0.208,0,744,0.8883,True
c386a91f-5721-4571-932b-8bc51b3e7fde,item_not_received,digital_goods,card,429.51,11,9,in_transit,True,0.214,0.637,1,853,0.4045,False
7ff308d3-e35e-4482-b5a0-19bc68cdaf37,not_as_described,beauty,card,9242.96,2,21,delivered_no_signature,False,0.513,0.305,0,280,0.7716,True
e88ccf8b-3a39-4f51-a0b4-4f0994b39802,fraud_card_not_present,apparel,card,869.27,1,8,delivered_no_signature,False,0.524,0.57,2,52,0.1944,True
db03f2c7-6de9-4ec6-8d74-a0ef23e9acd0,item_not_received,groceries,card,532.3,17,6,signed_confirmation,False,0.147,0.668,0,215,0.7122,True
8e1fc04f-d5d5-4158-a7a2-633dcd5808f1,item_not_received,beauty,card,160.61,15,6,in_transit,False,0.611,0.429,0,722,0.2162,False
5b6c8e0a-fa19-47c7-ba58-ff11947f1000,not_as_described,beauty,upi,1036.03,9,11,signed_confirmation,True,0.506,0.849,1,1491,0.7382,True
6aa7e4ba-0f12-40d2-9f53-1ec52c9d4098,fraud_card_not_present,beauty,card,1913.46,36,2,delivered_no_signature,False,0.315,0.747,1,431,0.1179,False
d6f903ad-bd07-49d4-adbf-2f7438e71c08,duplicate_charge,electronics,upi,3950.47,3,8,signed_confirmation,True,0.486,0.645,1,411,0.4268,False
2eff49b1-e87f-47c4-8163-49fb6333d6b0,not_as_described,digital_goods,upi,1206.43,17,9,signed_confirmation,False,0.449,0.806,0,201,0.1802,False
8e2e4ba8-7ac2-4397-94c2-8985c7276e2d,subscription_not_cancelled,electronics,netbanking,1290.57,1,4,signed_confirmation,False,0.729,0.262,0,163,0.8135,True
dc83df74-7825-4a7c-b0bb-a24baac662e8,not_as_described,home_goods,wallet,506.58,3,6,signed_confirmation,False,0.7,0.631,0,120,0.5251,False
d245223d-73f8-479c-bd4b-023d6ba59d1c,item_not_received,home_goods,upi,182.42,6,19,signed_confirmation,False,0.79,0.691,0,500,0.9288,True
ca10247a-b7da-45b2-9cd9-f68f8b708a61,item_not_received,electronics,upi,361.18,7,4,delivered_no_signature,False,0.027,0.394,1,366,0.736,False
d9f2bd22-edd1-422d-a858-671cf558de51,fraud_card_not_present,groceries,card,830.06,1,19,signed_confirmation,True,0.904,0.7,0,612,0.8995,True
6d930ae3-c7a8-4e3e-897f-3224448eeac0,not_as_described,home_goods,card,589.14,3,10,delivered_no_signature,False,0.26,0.2,0,646,0.6322,False
3cdcf140-aed3-4686-a293-c451d6089e62,subscription_not_cancelled,apparel,upi,1075.07,29,21,signed_confirmation,True,0.584,0.497,2,456,0.4425,True
a59a60db-d3f8-4aaf-ab13-a472c1f9017a,item_not_received,home_goods,upi,1004.81,21,13,signed_confirmation,True,0.645,0.411,1,1661,0.8413,True
24202e51-fa8b-4202-b55b-32e4142e7635,item_not_received,home_goods,upi,1496.94,8,6,delivered_no_signature,True,0.135,0.458,2,261,0.5105,False
bcab82c1-b4cd-4fd0-80eb-0829e8671a17,not_as_described,home_goods,netbanking,439.35,2,16,signed_confirmation,False,0.744,0.556,0,1234,0.5945,True
69df8cb7-1343-4530-9ccd-a8dd4a492ea6,item_not_received,home_goods,upi,1658.1,20,1,signed_confirmation,False,0.464,0.684,0,218,0.9315,False
5eaf5bd8-49c2-4147-b96f-53d946992828,duplicate_charge,apparel,upi,6934.88,2,19,not_shipped,True,0.843,0.87,0,82,0.8323,True
e1e8d2cf-88bb-47ff-a382-ae505ff5c3f2,fraud_card_not_present,beauty,card,1458.28,17,17,signed_confirmation,True,0.915,0.362,0,362,0.846,True
9996ed3b-97bd-4fbb-9e38-351c9b76322e,fraud_card_not_present,digital_goods,wallet,1478.09,11,21,delivered_no_signature,False,0.245,0.693,1,42,0.4434,False
e72a5b46-c09c-4a3e-aeab-3a7a7e7816a4,item_not_received,apparel,card,1379.32,2,12,in_transit,False,0.798,0.422,0,988,0.6713,True
6df1308a-e075-4353-930a-9cc4f86c0d72,fraud_card_not_present,apparel,upi,2417.97,18,10,in_transit,False,0.395,0.675,0,761,0.6063,False
e2b77822-641d-476a-b433-27726583a54b,duplicate_charge,beauty,upi,361.8,1,9,signed_confirmation,True,0.391,0.836,1,379,0.504,True
533092ab-a860-4d90-9815-5765d069271b,not_as_described,apparel,card,297.36,6,11,signed_confirmation,False,0.487,0.387,0,607,0.2798,False
f39e8086-c1d8-4186-b577-a53e9064e7c5,fraud_card_not_present,digital_goods,wallet,3719.27,2,5,delivered_no_signature,False,0.353,0.957,0,247,0.5041,False
9336c6aa-7c6a-40b4-b700-778bca174fa4,fraud_card_not_present,apparel,wallet,440.68,2,21,not_shipped,False,0.475,0.426,0,121,0.6255,True
94a82b88-c00b-4dd3-bd13-efc3c576f159,fraud_card_not_present,digital_goods,upi,1234.02,39,21,signed_confirmation,False,0.871,0.569,0,629,0.7712,True
c261e3ca-2829-4e9c-9586-258f0fa3fdd5,fraud_card_not_present,groceries,upi,8818.92,2,14,in_transit,True,0.874,0.559,0,647,0.789,True
2cba9a11-914a-4c4f-ae94-50c6cd91a4ee,not_as_described,beauty,card,2372.29,12,19,delivered_no_signature,False,0.25,0.922,0,45,0.7795,False
4cd06957-3900-4d86-b599-d24f0385c73a,fraud_card_not_present,digital_goods,card,837.9,2,16,in_transit,True,0.548,0.68,0,325,0.3382,True
e10abd7e-e8a7-437c-935f-e318c0ce927d,fraud_card_not_present,electronics,card,2078.63,33,9,delivered_no_signature,False,0.174,0.468,2,2702,0.1033,False
1646297d-0ecb-4709-984a-65d6082bb052,fraud_card_not_present,apparel,wallet,191.75,19,12,delivered_no_signature,True,0.284,0.28,0,143,0.4219,False
44da64b2-1e9f-4203-8128-e760d3c6b680,fraud_card_not_present,groceries,card,2040.24,1,5,signed_confirmation,True,0.754,0.576,0,387,0.583,True
7124d30c-9d27-4e64-a1ad-2505b86cd77d,not_as_described,digital_goods,card,1429.71,3,21,delivered_no_signature,True,0.241,0.811,0,1425,0.4414,True
647f0b27-61d9-4e3e-8a2b-619309ed2737,item_not_received,groceries,netbanking,2140.05,14,16,signed_confirmation,False,0.706,0.843,0,89,0.8944,True
81fa4fd8-24e0-4a18-92e5-f531ca992804,item_not_received,groceries,card,1586.77,8,19,not_shipped,False,0.918,0.545,1,426,0.3849,False
700b9769-9776-4323-ab39-f4af00a9ca02,item_not_received,apparel,upi,912.94,8,13,signed_confirmation,False,0.513,0.849,1,179,0.8109,True
b7daec2f-c612-4d59-ad54-2d74df9fa7aa,duplicate_charge,home_goods,upi,241.07,20,6,signed_confirmation,True,0.733,0.613,0,124,0.5766,False
295ff7fd-54e2-45a1-809f-62d07e30d948,fraud_card_not_present,home_goods,upi,1205.01,4,15,not_shipped,False,0.661,0.557,1,263,0.3796,True
8c38f9ed-e76c-4988-aff2-3ecaead4a065,fraud_card_not_present,beauty,card,294.83,2,1,in_transit,False,0.677,0.535,1,531,0.7718,True
129592e5-9d07-4874-9858-d861dab48a92,item_not_received,groceries,card,1453.12,4,6,not_shipped,True,0.59,0.778,1,109,0.1439,False
3001ba66-0d06-43b3-88af-cd785f86e749,item_not_received,digital_goods,netbanking,1242.4,14,19,signed_confirmation,True,0.266,0.816,3,1051,0.8375,False
84374cbc-e5ac-4fb0-95a4-75ec6cb5bd8b,item_not_received,apparel,upi,1025.65,5,4,signed_confirmation,False,0.161,0.642,0,277,0.6323,True
bc041f0e-7f96-4f17-a51a-618e44b453f9,duplicate_charge,digital_goods,wallet,938.37,3,3,delivered_no_signature,True,0.323,0.803,0,559,0.9384,True
ab8b7abb-631f-40a4-9b92-f3c9d88d5a1a,item_not_received,electronics,upi,826.59,6,13,in_transit,True,0.751,0.569,1,244,0.6355,False
de62df7e-1887-4177-aef4-a9ca1b73b423,duplicate_charge,beauty,netbanking,1929.84,9,19,signed_confirmation,True,0.65,0.702,0,332,0.58,False
2d2cefb3-0b83-40ea-be1c-4f3711e98527,duplicate_charge,electronics,card,577.93,3,7,in_transit,True,0.623,0.429,0,42,0.3773,False
f8a1179e-31c3-4e22-8b5a-dbae0bc32c87,fraud_card_not_present,electronics,card,2449.22,13,16,signed_confirmation,True,0.913,0.345,0,199,0.9225,False
71b92e17-af0e-4aa1-8289-92173358615b,subscription_not_cancelled,digital_goods,netbanking,2643.25,10,14,not_shipped,False,0.419,0.743,0,452,0.8672,True
81d3a670-3d4a-4d16-af14-161f5560c1b8,not_as_described,electronics,upi,377.49,23,9,delivered_no_signature,False,0.102,0.493,1,243,0.5346,True
ac2529ed-fb47-4086-bb82-08050188e5fd,duplicate_charge,digital_goods,netbanking,1090.02,1,20,delivered_no_signature,True,0.261,0.876,2,1237,0.5534,False
2244650d-0d04-461e-a673-9934366b935f,item_not_received,electronics,upi,1065.31,10,12,signed_confirmation,False,0.839,0.56,0,217,0.9259,True
72642df6-5702-4b8c-acd5-3c4d4ec24f22,item_not_received,digital_goods,upi,1086.71,6,20,in_transit,True,0.378,0.5,1,318,0.7673,False
3dc6d0c5-2c09-4bb6-9195-96cf4babdc7a,item_not_received,groceries,card,1593.39,1,11,in_transit,True,0.481,0.515,0,614,0.4842,True
a026a8e9-6193-4bc9-abe6-41124aa9b7d1,duplicate_charge,electronics,netbanking,2202.53,5,21,delivered_no_signature,False,0.053,0.812,1,544,0.4917,False
36b6ade1-62c1-477f-bc5b-cbc915dc5fb4,fraud_card_not_present,digital_goods,wallet,322.88,2,10,in_transit,False,0.806,0.315,1,1283,0.4612,False
b38d4e37-9b97-4491-a98c-64b5bfbf6983,fraud_card_not_present,beauty,upi,3437.8,5,13,delivered_no_signature,False,0.871,0.8,2,583,0.5909,False
25f533df-47fd-4ce3-ab6d-cbabea6dc616,subscription_not_cancelled,apparel,card,270.24,3,17,delivered_no_signature,False,0.808,0.884,0,547,0.4744,True
5c53a50b-682a-475d-a33d-240e99cdb2e3,fraud_card_not_present,groceries,card,944.94,11,7,delivered_no_signature,True,0.384,0.531,1,201,0.5652,False
cfda614d-43ca-43d8-b880-cdb7c85561e6,fraud_card_not_present,apparel,card,2819.09,9,5,delivered_no_signature,True,0.169,0.896,0,684,0.7536,True
ae9a435d-d989-4d35-8864-2cb44f712362,subscription_not_cancelled,home_goods,card,9246.09,12,20,in_transit,False,0.813,0.571,0,577,0.3069,False
2b0d9f8b-edd4-43da-ad9f-1b321e52dee2,not_as_described,beauty,card,800.0,16,15,delivered_no_signature,True,0.667,0.875,1,595,0.7391,True
f402ddab-4588-4169-9cb0-9b0cc00113d9,item_not_received,home_goods,upi,479.64,9,2,delivered_no_signature,True,0.351,0.571,1,835,0.5345,False
a26b748b-1df6-4971-b073-d557c5e6bc67,not_as_described,beauty,upi,639.78,7,14,in_transit,True,0.936,0.926,0,56,0.495,True
de6e560a-38cc-4336-bc4b-fd69868dc829,item_not_received,groceries,card,634.25,25,18,signed_confirmation,False,0.567,0.268,1,29,0.8795,True
5bf713cf-337f-45a3-be90-1dab4292b238,fraud_card_not_present,groceries,card,375.01,1,21,signed_confirmation,False,0.726,0.613,0,1724,0.9547,True
31c7dd6f-9f46-4131-81da-4f019972e8fd,item_not_received,home_goods,upi,655.61,8,6,delivered_no_signature,False,0.1,0.809,1,176,0.5658,False
4c97e782-491e-42e1-b35c-57eb8c673289,fraud_card_not_present,groceries,card,563.6,17,14,signed_confirmation,True,0.395,0.702,0,5,0.7533,False
5a36cd71-6faf-4094-8509-45b06e519327,fraud_card_not_present,beauty,netbanking,5817.13,12,13,signed_confirmation,False,0.498,0.128,2,43,0.3983,True
e530063a-f21b-4059-ab42-899d46ea1bc4,not_as_described,beauty,upi,129.49,18,8,signed_confirmation,True,0.066,0.288,0,190,0.1819,False
0d8fad05-a38e-45cd-9b3e-5ed570167996,fraud_card_not_present,electronics,upi,3355.68,22,6,delivered_no_signature,False,0.622,0.793,0,48,0.6619,True
d826566b-1ca5-4191-986e-466dfd7cca84,duplicate_charge,groceries,netbanking,568.76,11,10,in_transit,False,0.728,0.809,1,911,0.5732,True
6143eeeb-4261-4e6b-83f5-070a03c5846f,not_as_described,apparel,card,373.19,10,21,signed_confirmation,False,0.788,0.46,1,840,0.673,True
f42ead60-fde0-4a84-ba5c-6e4a1d78b2ff,fraud_card_not_present,groceries,upi,3263.01,1,2,signed_confirmation,False,0.463,0.884,1,587,0.7898,True
eb352c6a-59e0-4838-8249-d878f7da0e0e,subscription_not_cancelled,groceries,upi,666.03,19,21,delivered_no_signature,False,0.608,0.816,0,760,0.2621,False
333bf681-a2c4-430f-a27b-681cc67fae8d,fraud_card_not_present,digital_goods,card,760.63,10,18,not_shipped,False,0.637,0.446,0,506,0.8661,True
4d819577-31c5-4cd7-8625-b6dd1b807cc5,fraud_card_not_present,groceries,card,649.51,5,3,delivered_no_signature,False,0.519,0.72,2,315,0.1677,False
77720c7a-9780-4b11-8274-cc1b3a1d1f04,item_not_received,groceries,upi,3343.36,14,16,not_shipped,False,0.271,0.283,0,399,0.044,False
c619a52a-7f5c-45cd-8dc9-cb0f24d7628b,not_as_described,groceries,card,2334.37,8,9,not_shipped,False,0.826,0.157,2,651,0.6976,True
f7538fad-5d8b-4872-a676-568b758ff2cf,item_not_received,digital_goods,upi,283.58,8,19,delivered_no_signature,True,0.728,0.363,1,66,0.8993,True
4f0c51c3-a49f-4f41-ae59-6924561b0430,item_not_received,home_goods,upi,292.14,2,6,delivered_no_signature,True,0.54,0.782,0,700,0.8511,True
9e8e057b-c4f0-4575-bdd3-6ae7784885f1,not_as_described,beauty,upi,3145.78,21,3,signed_confirmation,False,0.078,0.496,1,53,0.7795,True
b1804380-3b50-4133-9adc-3479638e8695,item_not_received,home_goods,upi,552.85,1,21,signed_confirmation,True,0.22,0.536,1,331,0.6741,True
72973c40-17e0-4290-96a3-fa5ea4a6d4a5,item_not_received,groceries,card,227.99,13,19,signed_confirmation,False,0.473,0.873,1,477,0.7927,True
ff193869-9fd1-4efb-a9dc-fef4fa226c5d,duplicate_charge,digital_goods,upi,662.15,14,13,not_shipped,False,0.777,0.24,2,848,0.612,True
ddf04659-c6ea-475d-b214-d4d05258b29b,item_not_received,beauty,upi,5751.34,3,12,in_transit,True,0.394,0.722,0,109,0.3834,False
a01c7a4d-3752-406f-8868-d97e5ce0651e,not_as_described,home_goods,netbanking,401.95,1,13,in_transit,False,0.738,0.569,0,35,0.7246,True
6cf00f7a-dff3-4795-b92d-4272773b76e4,fraud_card_not_present,electronics,card,424.6,4,15,delivered_no_signature,False,0.5,0.622,0,143,0.3577,False
fe761b94-1981-4d8d-b741-1e74a51ed176,item_not_received,home_goods,upi,936.05,21,1,delivered_no_signature,False,0.57,0.511,1,93,0.8261,True
62182915-2d66-41b8-b3a3-089d03d9ee2c,fraud_card_not_present,digital_goods,card,388.96,2,2,signed_confirmation,True,0.487,0.136,1,513,0.2866,True
4ac9f3cc-9028-46d4-b723-2365c5ff404c,item_not_received,groceries,upi,2198.37,4,5,signed_confirmation,True,0.573,0.344,0,444,0.8467,True
59e66f69-aadd-4662-8e2f-5417c7af67b5,fraud_card_not_present,home_goods,card,814.21,2,17,signed_confirmation,False,0.492,0.632,1,179,0.6062,True
6a7364ba-d19f-48f2-9631-f5d0a4df9967,duplicate_charge,beauty,card,252.32,7,9,delivered_no_signature,False,0.725,0.632,0,1350,0.2464,False
567c2a78-8f9e-4583-8b04-429f2a23396b,item_not_received,beauty,upi,842.86,1,10,signed_confirmation,False,0.154,0.499,1,287,0.7888,True
2673112e-11a4-44da-97a8-07fc4265903f,fraud_card_not_present,electronics,wallet,1253.65,10,12,in_transit,False,0.202,0.593,1,124,0.1168,False
29aca86d-c723-406d-9e80-661296d0c0e0,item_not_received,electronics,card,1781.29,22,5,delivered_no_signature,False,0.616,0.327,0,328,0.3504,False
151a547f-6feb-40c2-a25e-8ffb6500d28f,duplicate_charge,digital_goods,card,404.98,4,13,delivered_no_signature,False,0.82,0.757,0,998,0.3676,True
50627155-831a-4afd-a4d1-38ef66fe3b0e,duplicate_charge,apparel,card,1208.85,14,8,delivered_no_signature,True,0.647,0.79,0,516,0.754,False
c4664072-37fc-488e-a8ab-bb16cbf138ac,fraud_card_not_present,home_goods,netbanking,1345.25,13,8,delivered_no_signature,False,0.953,0.873,0,168,0.7088,False
73578bb1-9226-49e3-ab6f-78cb322aa4a4,fraud_card_not_present,groceries,netbanking,358.39,21,9,signed_confirmation,False,0.526,0.356,0,706,0.8799,True
9b8868fb-03b8-4720-a7f1-9b3dad992d64,duplicate_charge,digital_goods,netbanking,2298.41,6,18,not_shipped,False,0.709,0.843,1,441,0.7099,True
06d097b4-c488-4009-a2a0-0a617c3e427b,item_not_received,home_goods,upi,333.81,10,16,delivered_no_signature,True,0.391,0.5,1,903,0.7489,False
3b343ba3-3737-46c5-9f66-2dba9583cfe0,not_as_described,beauty,netbanking,6457.29,10,13,signed_confirmation,False,0.486,0.505,0,17,0.3929,True
5faf1fb7-680f-48cc-aaa0-dfae304f695e,subscription_not_cancelled,home_goods,card,996.68,7,10,signed_confirmation,False,0.125,0.582,1,504,0.3614,True
7a95ff43-fc64-4e33-aab5-7e62c808ad02,fraud_card_not_present,electronics,card,2416.34,78,16,signed_confirmation,True,0.223,0.635,1,269,0.3046,True
27534308-c623-41c2-a2ba-ea48ab5e9b0d,fraud_card_not_present,beauty,upi,107.34,6,6,signed_confirmation,True,0.436,0.788,1,36,0.3093,True
6e5d3f5e-3096-456e-a1d4-421bfb91c08d,item_not_received,electronics,upi,1297.51,30,17,delivered_no_signature,True,0.231,0.624,2,84,0.9444,True
8ba2ed24-2cb7-42b4-80e6-811c3faa5aa2,item_not_received,beauty,upi,3140.73,27,14,delivered_no_signature,False,0.306,0.828,0,483,0.5803,True
06fb10ce-8b90-4961-8bd3-230c6acf460f,fraud_card_not_present,digital_goods,upi,889.95,10,14,signed_confirmation,True,0.596,0.722,1,391,0.6619,True
998ced6d-da9b-4e4d-9a71-470dc09fecae,duplicate_charge,electronics,wallet,1210.76,7,2,in_transit,True,0.636,0.946,0,120,0.5835,False
3cf92b9f-46fe-4541-bee3-b196bd15be31,item_not_received,groceries,card,728.55,6,6,signed_confirmation,True,0.277,0.435,3,54,0.8808,True
1dab6dce-4f99-4cea-90aa-1cd47ca16b07,fraud_card_not_present,home_goods,wallet,517.41,7,4,signed_confirmation,False,0.745,0.527,1,233,0.4853,True
8766e12a-4a39-4020-b7d0-15318b877ddc,fraud_card_not_present,groceries,card,457.33,6,15,signed_confirmation,False,0.695,0.422,0,410,0.4228,True
66ac4bcd-d764-45fc-981a-76d630d9dacb,fraud_card_not_present,beauty,card,650.77,1,20,delivered_no_signature,True,0.681,0.182,1,137,0.3541,False
d72eb3c2-eeaa-4b96-9fc5-0b019fc4ac95,fraud_card_not_present,beauty,wallet,511.14,13,11,delivered_no_signature,True,0.491,0.717,1,163,0.7836,True
a73f3640-aaee-458b-9355-3a84ab2819d9,duplicate_charge,electronics,netbanking,1533.23,11,15,signed_confirmation,True,0.707,0.613,0,691,0.8364,True
912f92da-814a-495f-b616-87e1e4a02052,duplicate_charge,electronics,card,440.88,6,18,signed_confirmation,False,0.074,0.647,0,386,0.5747,True
25e4d28b-d8f0-4626-85a9-55df24ff6121,not_as_described,apparel,netbanking,153.94,2,12,signed_confirmation,True,0.576,0.657,0,38,0.7685,True
7c32669d-3b1c-4d9b-9970-f2e5c29dff48,item_not_received,apparel,upi,797.71,8,1,delivered_no_signature,True,0.419,0.686,0,898,0.8743,True
e5ff3d9b-6c22-4fb5-897e-0ec705265d35,subscription_not_cancelled,electronics,card,612.13,12,15,delivered_no_signature,False,0.428,0.878,0,931,0.7514,True
57e4f002-312a-4ead-b5af-a04dba62d313,item_not_received,home_goods,card,595.94,1,17,in_transit,True,0.745,0.575,0,956,0.8067,True
aab4b209-ac3e-4ba2-9701-8cf5a5e2d897,fraud_card_not_present,apparel,upi,886.26,1,5,in_transit,True,0.031,0.646,1,261,0.0498,False
a447952c-33f4-4fce-8751-89377f3dc0c4,not_as_described,apparel,card,405.8,8,21,in_transit,False,0.429,0.875,0,154,0.7471,True
dbd0dc46-2d47-46fb-a64c-e81a1b3c1fa3,item_not_received,electronics,upi,506.87,5,3,in_transit,False,0.458,0.791,0,444,0.1499,False
256b71d9-991d-4ea1-a369-eee1b946bf66,item_not_received,groceries,upi,364.59,14,5,delivered_no_signature,True,0.104,0.807,1,16,0.8572,True
09f1839a-ec55-45b1-921b-755c57a709b8,subscription_not_cancelled,electronics,wallet,2957.77,5,13,delivered_no_signature,False,0.223,0.634,1,188,0.7371,True
bcccad16-4b2a-4295-abe0-e146c585e71f,fraud_card_not_present,digital_goods,card,2153.11,1,15,signed_confirmation,True,0.464,0.879,0,263,0.6495,True
aa4e993a-cb73-4f0a-80e0-0e09b95d4521,fraud_card_not_present,home_goods,card,412.42,12,15,signed_confirmation,False,0.235,0.367,1,103,0.3896,False
736eda3f-d607-4b57-a23b-24f583bb4833,item_not_received,apparel,upi,1490.89,3,7,delivered_no_signature,False,0.348,0.621,1,265,0.6114,True
7bd6c2ad-2044-4c4e-8559-e060eb8fc878,item_not_received,digital_goods,card,1382.14,2,8,delivered_no_signature,False,0.882,0.727,0,361,0.7685,False
57e1f06f-0a26-4e4f-8c0e-bdf368ec7d12,subscription_not_cancelled,electronics,wallet,684.11,3,13,in_transit,False,0.125,0.516,0,281,0.4698,False
0a8301bf-738e-4aeb-a7cd-e01e45490ee1,not_as_described,digital_goods,card,1378.73,24,14,signed_confirmation,True,0.315,0.864,3,365,0.2738,False
10bec208-5059-4426-9674-63ad0ceb8b6d,subscription_not_cancelled,home_goods,netbanking,860.75,4,7,delivered_no_signature,False,0.126,0.398,0,1212,0.1366,False
56104d6b-6427-473e-9e12-bfcd2a7ed565,duplicate_charge,digital_goods,netbanking,918.52,23,1,signed_confirmation,True,0.208,0.699,1,836,0.3194,False
f5d54026-74f2-41f0-a33c-fed66ff78860,item_not_received,beauty,upi,2573.01,4,12,signed_confirmation,False,0.648,0.783,1,293,0.9238,True
63482dfe-79a4-46f0-97bc-65f5c3396620,item_not_received,groceries,card,853.19,4,9,delivered_no_signature,False,0.603,0.642,1,16,0.5608,True
7062c974-3996-4e48-b034-ad3b8a16f4e9,fraud_card_not_present,electronics,card,249.72,14,11,in_transit,False,0.652,0.859,2,113,0.5761,False
8794dd25-0793-4fb8-a368-bbd1e91e5c1d,duplicate_charge,home_goods,card,533.81,3,18,delivered_no_signature,False,0.32,0.825,1,492,0.7315,True
d32f3b56-29fe-41ba-960d-07c74d074a9a,not_as_described,groceries,netbanking,226.65,3,10,in_transit,True,0.255,0.386,0,893,0.6293,True
abf3ea59-b444-477b-b499-e368668cf28c,subscription_not_cancelled,electronics,card,1331.07,16,7,signed_confirmation,True,0.091,0.909,0,281,0.7279,True
4c4b1c05-6f66-46e9-a1c9-4acd6a7e1bdd,item_not_received,groceries,card,1744.62,5,2,not_shipped,True,0.459,0.336,0,457,0.1806,False
58c8b64c-21ad-4e33-ba88-df9a0261a99b,not_as_described,digital_goods,card,1966.39,1,20,signed_confirmation,False,0.369,0.793,0,575,0.3698,False
0879cb11-b84f-4100-bfba-53a3e48b1416,duplicate_charge,digital_goods,upi,552.68,9,1,signed_confirmation,False,0.564,0.937,1,1153,0.2871,False
57a458a2-d791-4e6b-9ea5-c44da8c475a7,not_as_described,digital_goods,netbanking,1357.07,25,19,signed_confirmation,False,0.915,0.498,0,558,0.5289,True
03958b9f-6716-41e2-9895-dad7e78d3d55,not_as_described,home_goods,card,785.52,3,5,signed_confirmation,False,0.44,0.561,0,23,0.5345,False
75c0a37e-63b5-4181-916c-3a8ae004b874,not_as_described,groceries,card,1788.68,4,21,signed_confirmation,True,0.469,0.751,1,915,0.6989,True
103f7a95-6442-471b-91c6-98060fcca5fe,not_as_described,apparel,card,663.76,8,2,delivered_no_signature,True,0.806,0.187,0,1097,0.3189,False
420a22c5-3e1c-4108-9876-7d8419faad9a,item_not_received,home_goods,card,5730.49,8,5,in_transit,True,0.831,0.408,0,512,0.5528,False
95c057eb-f159-4335-bc64-97534d3141ac,fraud_card_not_present,beauty,wallet,645.74,57,16,not_shipped,False,0.855,0.401,0,243,0.4524,True
88c6d669-6ff8-4e74-84f4-333cb6a9d430,subscription_not_cancelled,groceries,card,634.97,28,11,delivered_no_signature,False,0.288,0.257,3,546,0.3342,True
b4c0a66a-2a23-4bb7-944b-c8415a65f719,not_as_described,digital_goods,card,1756.85,5,8,in_transit,True,0.389,0.914,0,269,0.8783,True
798b8d64-8aff-4114-9ed6-56ed29ef0633,not_as_described,digital_goods,netbanking,1004.41,5,15,signed_confirmation,True,0.534,0.695,0,93,0.654,False
16199681-1683-4135-a73f-da66984d55d0,not_as_described,groceries,card,4661.27,8,10,signed_confirmation,True,0.584,0.825,0,72,0.3808,False
d5265933-8b0e-4285-9777-baf96f3032e7,duplicate_charge,groceries,wallet,1063.49,5,7,delivered_no_signature,False,0.517,0.588,0,967,0.805,True
97dc6df9-1e42-408a-8485-0d3998a3edd0,fraud_card_not_present,apparel,upi,1888.26,3,20,not_shipped,False,0.403,0.58,0,330,0.1745,False
c42996f8-a4b7-4fdb-83b5-80b36de0d8d6,duplicate_charge,apparel,wallet,1271.79,4,20,delivered_no_signature,True,0.374,0.58,2,920,0.6535,False
60564a04-b0a0-4dc6-93f7-9649ae895ceb,subscription_not_cancelled,electronics,upi,492.71,1,16,signed_confirmation,False,0.232,0.465,1,486,0.1595,False
8cdc810c-0098-4a92-b343-604827086660,fraud_card_not_present,groceries,card,4741.13,15,12,delivered_no_signature,False,0.233,0.616,1,393,0.3031,False
da2de15d-a568-4772-8286-056a934ac251,fraud_card_not_present,apparel,upi,274.54,7,11,signed_confirmation,False,0.426,0.282,0,517,0.2674,True
bba8eeff-d281-4a07-9453-a2175fce2011,subscription_not_cancelled,electronics,netbanking,297.82,1,12,signed_confirmation,True,0.575,0.479,0,119,0.9032,True
1bb1b69b-2a87-4d34-b719-31032434978f,duplicate_charge,digital_goods,card,1000.58,15,17,signed_confirmation,False,0.59,0.803,0,108,0.358,False
e46e5e33-15a4-4141-bdad-2c6c33f6ac23,fraud_card_not_present,digital_goods,netbanking,643.25,4,21,delivered_no_signature,False,0.408,0.66,0,87,0.3704,True
1be33db4-3c8e-492e-bc06-5d51215c91ab,item_not_received,home_goods,upi,2860.94,3,4,in_transit,False,0.33,0.613,0,480,0.1919,False
f77df62d-ed34-4be7-bb0e-cdbb92328890,duplicate_charge,apparel,card,8868.76,6,14,delivered_no_signature,False,0.268,0.754,0,20,0.5205,True
67701c7e-66b1-4436-a629-b5223207bf9a,fraud_card_not_present,apparel,upi,2012.54,1,12,delivered_no_signature,True,0.602,0.727,1,865,0.2609,False
1452c9de-4619-4340-9bee-e85c0a3462a0,subscription_not_cancelled,groceries,card,1209.89,7,5,signed_confirmation,True,0.398,0.74,1,19,0.6672,True
831741c9-cf92-48c5-acfa-b67086071e15,item_not_received,apparel,card,4387.23,2,21,delivered_no_signature,True,0.729,0.49,0,221,0.7685,True
e2bf6170-78d1-4396-901d-4213488820f1,duplicate_charge,beauty,netbanking,533.66,24,6,signed_confirmation,True,0.417,0.461,1,563,0.6202,True
ade5788f-bd35-425b-b126-995cfaeb0837,subscription_not_cancelled,home_goods,upi,553.18,14,16,signed_confirmation,True,0.776,0.566,0,569,0.8329,True
021ba264-0983-4e44-824c-1c1c778eeffd,item_not_received,home_goods,card,1908.38,10,19,delivered_no_signature,False,0.775,0.294,2,147,0.454,True
49a1ddc2-6937-4a8e-a383-269537d66335,duplicate_charge,beauty,card,438.58,14,4,delivered_no_signature,False,0.703,0.315,1,192,0.7238,False
170ba5cb-0326-4dbc-853b-d58a5ef166cc,duplicate_charge,apparel,card,576.3,12,12,delivered_no_signature,False,0.902,0.667,3,1144,0.6165,True
bf97cbd8-9e48-437d-81ff-c7bf0ef776d2,not_as_described,groceries,upi,1194.65,3,10,delivered_no_signature,True,0.669,0.18,0,412,0.6752,True
cd6c9082-60be-4447-8566-a40f20dcb95b,duplicate_charge,beauty,upi,789.19,2,2,signed_confirmation,True,0.287,0.728,1,151,0.2814,False
ba5d2288-ce07-4069-b839-58bcd863e0bc,item_not_received,digital_goods,wallet,246.34,19,19,delivered_no_signature,True,0.917,0.294,0,447,0.4113,True
c8542674-f599-4191-827a-06a17e870398,item_not_received,digital_goods,upi,612.04,3,21,not_shipped,True,0.482,0.784,0,14,0.091,False
f444a16e-a75c-483c-8b72-1f2dde0002b9,fraud_card_not_present,electronics,wallet,654.2,10,18,not_shipped,False,0.838,0.968,0,337,0.7636,True
dfd130ce-7af4-4674-b873-a8dc8b563739,fraud_card_not_present,home_goods,card,900.52,2,3,not_shipped,True,0.205,0.894,2,786,0.1767,False
23113e0f-1f16-4ee6-8f13-ed1f3348e811,not_as_described,digital_goods,card,3400.25,5,14,delivered_no_signature,True,0.484,0.555,1,483,0.8171,True
e90b37c0-f931-4dcb-82fc-6048364b75c1,item_not_received,electronics,upi,301.66,11,15,signed_confirmation,False,0.345,0.856,0,1109,0.6127,True
20c74fd6-60ad-44e9-b38f-edb1ba9ade97,subscription_not_cancelled,apparel,upi,1135.64,4,6,delivered_no_signature,False,0.908,0.712,1,276,0.4568,True
ce329b96-058e-445a-b36c-97230cabd0f4,not_as_described,groceries,upi,1317.4,20,8,not_shipped,True,0.562,0.984,0,121,0.5886,False
98f3221c-d2df-4a80-8149-8117c84b824b,item_not_received,digital_goods,card,682.28,4,2,signed_confirmation,True,0.54,0.394,0,955,0.8434,True
d65a20ec-8f17-4980-b3fc-4622e74d26d3,item_not_received,apparel,upi,991.04,5,5,in_transit,False,0.32,0.745,0,327,0.2593,False
ec25e4f9-6771-4a63-bdc6-f6a081e06338,duplicate_charge,beauty,upi,703.13,36,18,delivered_no_signature,True,0.136,0.557,1,809,0.7625,True
639e7f92-eedb-4dea-9071-3fe020d59b9a,item_not_received,beauty,netbanking,855.5,2,18,signed_confirmation,False,0.772,0.763,0,206,0.8107,True
ab5d80d2-ecf6-48fb-a2b0-5d1984b0b774,item_not_received,groceries,card,3014.08,2,11,signed_confirmation,False,0.549,0.12,1,353,0.4991,True
711e7e8c-a5ee-46d3-b018-bb145082e232,item_not_received,electronics,upi,1850.95,2,11,delivered_no_signature,True,0.511,0.616,1,186,0.721,True
b6a680cd-d44f-4dce-b5e7-7deaf421e7f0,subscription_not_cancelled,digital_goods,card,600.2,1,14,delivered_no_signature,False,0.718,0.353,0,833,0.6625,True
e216f190-500f-44c6-b171-91ba7b765a93,duplicate_charge,digital_goods,card,534.88,26,7,in_transit,True,0.653,0.544,1,85,0.7084,True
ddc9013e-0e3c-4b35-a34c-88895c1c8fcb,duplicate_charge,apparel,netbanking,323.78,5,17,in_transit,False,0.623,0.249,1,170,0.6463,True
2dc065c3-f654-4bdc-a215-28909c4659cc,not_as_described,electronics,card,9606.89,5,5,delivered_no_signature,True,0.724,0.411,0,316,0.6188,False
d3ffcebc-f7bf-45b6-b8c2-d0563f02a0aa,subscription_not_cancelled,beauty,card,989.34,6,10,in_transit,True,0.737,0.168,2,216,0.5971,True
e498d857-ec8c-4faa-b2af-fae1bd8ea505,fraud_card_not_present,electronics,upi,369.67,9,4,delivered_no_signature,False,0.627,0.92,1,426,0.6114,False
4ae4e743-5266-4b45-84e9-1e23a4da0686,fraud_card_not_present,digital_goods,upi,225.03,15,19,not_shipped,False,0.645,0.584,1,197,0.7197,False
c4a9a9da-24f6-4658-9924-31652ba6a2ff,fraud_card_not_present,digital_goods,upi,379.49,27,20,delivered_no_signature,False,0.588,0.589,1,23,0.3073,False
b7a2a9b7-e999-41e3-8c40-1ba029455bad,fraud_card_not_present,apparel,card,456.16,10,4,signed_confirmation,False,0.437,0.426,2,70,0.5246,True
d5f5b3e4-142a-48ae-82ae-a42b5570d48a,fraud_card_not_present,electronics,upi,383.82,9,21,delivered_no_signature,False,0.425,0.696,0,476,0.1056,False
f76bd1cd-88fa-4d91-8137-99b8116bc460,fraud_card_not_present,digital_goods,upi,3575.92,4,1,signed_confirmation,False,0.592,0.536,0,70,0.2172,False
5b8cd329-62b5-4d2c-bad7-6016419d604e,duplicate_charge,groceries,card,703.83,38,3,in_transit,True,0.364,0.311,1,84,0.9333,True
d7662099-a37a-4cb0-b0f4-3343145a306d,duplicate_charge,beauty,netbanking,664.14,6,12,signed_confirmation,True,0.131,0.63,2,484,0.1334,False
51c521ea-41f0-43bc-8898-5c2a3c9aa72f,subscription_not_cancelled,apparel,card,4407.83,9,19,delivered_no_signature,False,0.598,0.068,2,542,0.1806,False
e165e1e6-1fc5-42ca-b784-5508d1d9ebb6,fraud_card_not_present,home_goods,netbanking,865.15,10,11,delivered_no_signature,False,0.731,0.561,1,140,0.8277,False
fe65e3fb-d518-4287-8cc8-5dd912d5a07e,item_not_received,electronics,card,1725.79,2,20,signed_confirmation,False,0.216,0.282,0,938,0.9268,True
bb812e70-815d-4225-8c53-35aa2b3fad4c,fraud_card_not_present,home_goods,wallet,2446.15,8,15,signed_confirmation,True,0.72,0.705,2,362,0.5858,True
9f30e959-bb1f-4b17-85ca-a37af098f601,not_as_described,beauty,card,7415.45,21,15,signed_confirmation,False,0.765,0.395,0,302,0.7194,True
08d33d96-bf72-46bf-b233-0ea44b943ad6,item_not_received,home_goods,wallet,2958.49,1,7,delivered_no_signature,False,0.649,0.43,1,775,0.7195,True
21ffdbb7-e452-44c9-b643-86890ee22ebf,duplicate_charge,apparel,card,1306.35,21,19,delivered_no_signature,False,0.122,0.783,0,166,0.143,False
3816be8e-70e8-4e4b-8b7a-f21aaa2f4126,item_not_received,electronics,wallet,704.28,7,12,in_transit,False,0.522,0.614,1,270,0.5508,True
d78767fe-40ea-44ae-a425-558fa33ac7fb,fraud_card_not_present,apparel,card,3259.35,12,3,in_transit,False,0.29,0.64,0,151,0.1173,False
8a3fd4d6-e03a-494d-886e-9acb9376cecc,item_not_received,electronics,card,1364.8,5,1,signed_confirmation,False,0.806,0.161,1,593,0.9154,True
2eae7233-4826-4b21-9951-5f6957e23306,not_as_described,apparel,upi,933.98,3,8,not_shipped,True,0.385,0.708,0,81,0.6314,False
02a488e6-665d-4f46-b8c9-54fe53148670,item_not_received,digital_goods,netbanking,351.29,4,21,signed_confirmation,True,0.636,0.452,2,102,0.8385,False
a8faabd4-8041-4299-b441-7770f1eaef3f,item_not_received,home_goods,card,908.84,8,2,signed_confirmation,False,0.419,0.39,0,226,0.8153,True
328bca51-fb08-4036-9d5a-4e89ca680d6b,not_as_described,digital_goods,card,904.45,6,10,delivered_no_signature,False,0.222,0.664,0,47,0.3832,False
33038efd-52ab-43a8-8bf2-0088f89b1fe6,fraud_card_not_present,groceries,card,441.28,3,19,delivered_no_signature,False,0.394,0.406,1,285,0.2364,True
84ea8e83-1084-49c0-8f2a-7d069742bcc5,fraud_card_not_present,electronics,upi,252.76,31,16,delivered_no_signature,True,0.763,0.781,2,135,0.4794,False
64d27c46-221f-4254-970e-8fc136d47153,fraud_card_not_present,groceries,wallet,507.13,3,7,not_shipped,True,0.596,0.493,1,25,0.3447,False
b048b6e1-15bf-4ad2-90bf-7d8b8048a04c,item_not_received,apparel,upi,1252.13,2,1,signed_confirmation,True,0.882,0.765,0,93,0.9435,True
3e3637d4-33cf-48be-a3f6-78f6524a17ee,item_not_received,digital_goods,card,2435.15,4,8,signed_confirmation,True,0.415,0.824,1,237,0.7379,True
724c0e8f-5b69-4ce9-abce-80d228cf2cb6,item_not_received,groceries,card,1048.34,6,4,not_shipped,True,0.553,0.645,0,64,0.0789,False
55171a78-45d0-4f86-88a1-c60c62af618d,subscription_not_cancelled,apparel,upi,889.46,23,1,delivered_no_signature,False,0.604,0.642,0,78,0.3283,True
6588ca3e-92d3-4038-8002-e1b664536081,item_not_received,groceries,upi,643.24,6,8,in_transit,True,0.196,0.847,0,908,0.2968,False
fae6c4f3-2885-48be-9863-01a33243c940,not_as_described,groceries,netbanking,1060.05,21,10,in_transit,False,0.738,0.801,0,482,0.4762,False
07592fe4-2023-4129-b0e1-49e5c86207bc,fraud_card_not_present,home_goods,card,476.28,13,7,delivered_no_signature,True,0.175,0.704,0,794,0.2442,False
60719c0b-46a5-452d-b278-d76e593e93bc,duplicate_charge,groceries,upi,6277.78,1,13,signed_confirmation,False,0.523,0.729,1,264,0.6951,True
01ab95ce-3aa8-47b2-9f20-b1b22a9adbed,item_not_received,digital_goods,wallet,2361.27,1,4,delivered_no_signature,True,0.979,0.457,0,430,0.6489,True
994eb0ec-f26a-4b81-8fc6-8127def6f13a,fraud_card_not_present,electronics,card,997.08,9,3,signed_confirmation,False,0.469,0.457,0,51,0.445,False
54dca781-86e1-4365-b768-6b16713bcbf8,not_as_described,electronics,upi,1175.72,44,21,not_shipped,False,0.617,0.835,3,488,0.4342,True
3e8ddb33-b1ef-4dfa-9b95-95f47e7b0839,item_not_received,beauty,card,1182.41,1,7,delivered_no_signature,True,0.953,0.393,0,196,0.4409,True
4db24ec1-299f-4b2d-875c-229fce9fbf4d,fraud_card_not_present,apparel,upi,704.3,17,8,delivered_no_signature,False,0.197,0.714,1,376,0.2276,False
2e4c03f8-332b-4c32-9495-2bdbddecc908,item_not_received,digital_goods,card,434.08,6,6,signed_confirmation,True,0.465,0.796,0,16,0.7071,True
3666f0a1-167e-427c-b032-51280245a004,item_not_received,electronics,netbanking,450.64,45,5,delivered_no_signature,False,0.675,0.221,0,770,0.6428,True
5e4d0f69-2b0c-47ef-9735-3a57249c865c,not_as_described,apparel,wallet,4603.35,3,5,signed_confirmation,True,0.444,0.893,1,371,0.8324,True
a4045314-d153-4571-8e04-d2c5c62fbb7c,subscription_not_cancelled,groceries,upi,1166.58,6,16,signed_confirmation,False,0.585,0.674,0,106,0.4755,True
57245d88-4b0c-4174-aee2-445ab0ff88ef,item_not_received,groceries,card,1672.46,17,13,signed_confirmation,False,0.711,0.631,1,1534,0.4044,True
adf4ce7d-1995-4ae7-a8bf-9b1b4fb4dec3,item_not_received,home_goods,netbanking,2776.84,25,4,signed_confirmation,True,0.53,0.426,1,476,0.6958,False
8b1476e9-81ab-47a8-97e5-db5fc70debd1,fraud_card_not_present,beauty,card,1256.09,13,18,in_transit,False,0.488,0.958,0,355,0.6599,True
3193a3fb-31d8-4b9c-a975-e957dc7bbc01,duplicate_charge,apparel,card,892.92,20,5,delivered_no_signature,True,0.549,0.757,0,708,0.7244,True
16e12692-7219-4194-9898-66ec29df0949,not_as_described,home_goods,wallet,2404.49,5,8,delivered_no_signature,False,0.773,0.589,2,6,0.5572,False
77fd2cf9-18bf-4942-8c1b-914daad5e7a0,not_as_described,groceries,card,2056.01,5,7,not_shipped,False,0.35,0.725,0,479,0.3414,True
3863786d-6adc-4495-bc7a-bb5b16e3bd03,item_not_received,apparel,netbanking,1554.2,26,11,signed_confirmation,True,0.627,0.588,0,217,0.6845,False
3d60b15c-6bc0-4420-858c-7d2237763293,fraud_card_not_present,electronics,upi,945.25,5,14,in_transit,False,0.396,0.946,0,540,0.611,True
9ea381e2-7dfb-4b91-80af-2b99c720f621,subscription_not_cancelled,beauty,card,1456.66,14,9,in_transit,False,0.181,0.509,1,43,0.3847,True
5f1cdb9b-d6bd-4520-b1a2-4a3f698155a0,not_as_described,apparel,card,1413.3,3,18,in_transit,False,0.373,0.888,1,658,0.5525,False
b445bd06-79ce-4f1e-8656-5c78563c3f2f,item_not_received,beauty,wallet,1417.65,9,16,signed_confirmation,False,0.311,0.453,0,1763,0.6,False
251e2f24-1a90-47c7-a5c1-5013ced4f50c,not_as_described,groceries,card,682.68,6,14,delivered_no_signature,False,0.623,0.666,1,21,0.3196,False
a71a4e7a-1dac-49af-9d75-b4cd9a69b547,item_not_received,home_goods,upi,1694.42,8,19,signed_confirmation,True,0.389,0.69,1,857,0.6444,True
5af378e7-112a-4c6a-b28b-c4a89238d1b5,not_as_described,apparel,wallet,2808.73,4,18,delivered_no_signature,False,0.405,0.961,0,574,0.8169,True
dbed554e-1aa2-4ad8-a7e9-83910d1de08e,duplicate_charge,digital_goods,card,1310.93,16,3,delivered_no_signature,False,0.613,0.549,2,1530,0.4513,False
f318e195-0ac8-4653-bd1a-5756d336ee0c,not_as_described,apparel,upi,367.15,2,4,delivered_no_signature,False,0.614,0.363,1,1080,0.3059,False
0fe24a80-955b-402f-8556-4f1b375293dd,fraud_card_not_present,apparel,netbanking,1263.87,6,5,in_transit,False,0.224,0.459,0,227,0.236,False
eb01a36d-8537-4828-b19d-4a9e0a3dda5c,fraud_card_not_present,beauty,card,2489.59,20,14,in_transit,False,0.132,0.475,1,344,0.2179,True
ab8e7a1d-3e1a-483f-a8ea-5062e7db2022,item_not_received,home_goods,card,808.63,27,11,delivered_no_signature,False,0.328,0.534,0,385,0.3025,False
7a025664-1706-432d-b8c8-bd6e5d5e2e49,fraud_card_not_present,groceries,card,509.68,13,17,in_transit,False,0.197,0.879,1,798,0.4391,False
d119c7ee-49fe-4993-8eac-1f786d8bcad6,not_as_described,digital_goods,card,3958.57,6,6,in_transit,False,0.269,0.515,2,340,0.4259,False
2c4d989b-064e-4715-b4bf-f7803bb06426,not_as_described,digital_goods,card,1698.09,6,3,in_transit,False,0.777,0.717,0,141,0.6629,True
bfd152bd-78b9-4527-88c9-d3405e8c01f9,fraud_card_not_present,home_goods,card,336.5,11,1,signed_confirmation,True,0.486,0.468,0,315,0.3416,False
2f7f17f9-e816-4ca9-875e-7ada23669e6d,fraud_card_not_present,groceries,upi,1544.46,1,19,signed_confirmation,True,0.639,0.979,1,9,0.7379,True
6964645b-f9a2-43b0-ab1b-d75afea55443,item_not_received,home_goods,card,780.59,5,10,delivered_no_signature,False,0.441,0.552,0,430,0.7798,True
18448dff-1ef9-47e6-bbc5-746cd7ebd0b6,not_as_described,home_goods,upi,376.78,14,13,signed_confirmation,False,0.756,0.418,0,940,0.6649,True
dd723a0f-cc18-46b1-b7bc-9f386b50b1d0,fraud_card_not_present,digital_goods,wallet,927.79,46,7,delivered_no_signature,False,0.19,0.149,1,195,0.3864,True
a9d978e1-54a1-4cd0-88a6-4b9cfc7bb9a1,not_as_described,groceries,card,904.5,14,3,delivered_no_signature,False,0.834,0.884,1,556,0.3717,True
d0b54f3d-2189-4126-a438-e5a885f12a86,duplicate_charge,home_goods,netbanking,625.98,6,13,delivered_no_signature,False,0.326,0.911,0,74,0.7153,False
316d5cbb-a091-4a1d-bc1e-fb11b81671e0,item_not_received,electronics,upi,321.7,9,8,delivered_no_signature,False,0.459,0.665,0,219,0.8853,True
52956e2a-3d3c-4e8a-bff0-d4714ae1d3bd,fraud_card_not_present,digital_goods,card,862.43,12,13,delivered_no_signature,True,0.534,0.791,0,593,0.6106,True
4af0be33-ff4c-4295-a968-71312bbf80fe,fraud_card_not_present,apparel,upi,336.71,12,7,not_shipped,True,0.457,0.566,0,279,0.3026,False
61aefc4b-cd49-4959-8b72-c050feccae9c,not_as_described,digital_goods,card,768.07,8,9,delivered_no_signature,True,0.138,0.647,1,195,0.7176,True
a8fa9bfc-8e5e-43ff-90e4-288fc99a4679,not_as_described,digital_goods,upi,2438.26,13,9,not_shipped,False,0.759,0.904,1,117,0.3648,True
c02bfffd-6aab-4256-94de-92b426ff9252,fraud_card_not_present,home_goods,netbanking,2233.42,20,12,signed_confirmation,False,0.207,0.218,0,1258,0.3714,True
8f3fb43e-bb42-4937-b6b9-7a39eb023791,item_not_received,digital_goods,upi,1283.27,19,7,signed_confirmation,True,0.464,0.758,1,59,0.2839,False
1e12a330-ea68-4727-9ef1-0ad076791a60,item_not_received,groceries,upi,640.77,12,10,in_transit,True,0.577,0.561,0,204,0.2737,False
8ce20ba2-6410-4431-8c3a-dc836ccd903c,item_not_received,electronics,upi,156.21,18,17,delivered_no_signature,False,0.366,0.899,1,2279,0.6789,True
045e168f-12c1-4f39-8717-b5e067cbc824,fraud_card_not_present,electronics,card,1648.26,9,20,signed_confirmation,True,0.332,0.656,0,918,0.6227,True
a3db4edf-4de2-4bcb-9f9c-799adc35365a,not_as_described,apparel,upi,1497.07,9,15,delivered_no_signature,True,0.496,0.87,1,111,0.5315,False
b1a91113-4b0e-4342-bc03-27a30d29a5eb,item_not_received,home_goods,card,821.16,12,16,delivered_no_signature,False,0.697,0.723,0,756,0.8822,False
b578ffa5-db07-45ec-b3b3-6012855d2306,item_not_received,apparel,upi,349.95,11,5,signed_confirmation,True,0.389,0.794,0,113,0.9034,True
285bfc75-370d-4a8d-9fdf-7cd26f712027,subscription_not_cancelled,digital_goods,card,827.2,11,6,signed_confirmation,False,0.895,0.748,0,7,0.1778,False
b859d77c-661c-40ad-a376-537600433885,duplicate_charge,apparel,netbanking,755.44,5,4,signed_confirmation,True,0.579,0.721,3,76,0.5821,True
5d1df7cc-6bb9-4522-973d-c25ff9ab0211,fraud_card_not_present,home_goods,card,84.81,2,15,signed_confirmation,False,0.389,0.496,1,694,0.3582,False
6b279505-35a1-4ba3-a868-35762cb3db4a,fraud_card_not_present,apparel,upi,355.07,2,12,signed_confirmation,False,0.521,0.415,1,222,0.5501,False
65896a2e-e9f8-4d3f-b895-641f2c9f77de,not_as_described,beauty,upi,1239.58,6,1,signed_confirmation,False,0.607,0.42,0,174,0.1238,False
906b1d6a-ab26-468c-8462-153a87503f32,item_not_received,apparel,wallet,1202.51,1,15,signed_confirmation,False,0.713,0.8,1,40,0.9244,True
a1039aa0-8493-405d-8279-bfa4b4d1455f,subscription_not_cancelled,digital_goods,netbanking,464.76,2,17,delivered_no_signature,False,0.299,0.461,0,176,0.2512,False
0a2828b1-f970-4291-83be-251fd00d1c28,fraud_card_not_present,home_goods,card,2253.12,14,17,signed_confirmation,False,0.81,0.502,0,216,0.8408,True
e20d74f0-a489-41b8-9ea6-ea9b252e17d5,fraud_card_not_present,apparel,upi,1024.77,11,5,signed_confirmation,False,0.412,0.725,0,320,0.3946,True
495d5da4-15bf-43bd-a627-07ebcd04e328,fraud_card_not_present,apparel,card,163.0,15,1,signed_confirmation,True,0.137,0.21,2,981,0.1047,False
78f1c4ed-11b9-48c5-8ac0-20fec3a18616,item_not_received,electronics,card,1211.97,10,5,signed_confirmation,False,0.718,0.522,1,272,0.679,True
102362a9-0d65-44a8-bd94-aeccc224fc26,duplicate_charge,electronics,upi,4780.78,7,6,signed_confirmation,False,0.848,0.796,0,249,0.343,False
4d75c5e1-eb82-4726-b882-c31875892c22,fraud_card_not_present,home_goods,upi,1505.68,4,12,signed_confirmation,True,0.552,0.599,2,571,0.1861,False
9645e8d8-7e76-4847-a771-46dfa6189c19,duplicate_charge,apparel,card,1936.7,10,15,in_transit,True,0.308,0.91,0,699,0.8655,True
a945fcb7-9036-48c7-8a18-aee63f86d228,item_not_received,home_goods,card,6059.16,6,11,delivered_no_signature,True,0.26,0.539,0,702,0.6363,False
6be7f07a-783b-40b0-adc1-1cd83d9d759e,duplicate_charge,beauty,upi,440.95,13,21,signed_confirmation,False,0.646,0.411,3,123,0.726,True
f2e7cbcf-e83c-416f-a464-0afcae739bed,item_not_received,electronics,card,1179.2,7,20,signed_confirmation,True,0.595,0.882,1,77,0.4548,True
d256a3dd-2db3-4887-ade7-e019f9e258fc,subscription_not_cancelled,apparel,card,2731.13,8,9,signed_confirmation,False,0.216,0.501,1,1005,0.5462,False
99b7a03b-0864-41dd-a488-937d35dde593,item_not_received,groceries,card,1088.33,3,4,delivered_no_signature,False,0.462,0.221,1,136,0.5491,True
a800861d-3f84-4bc9-b32c-f34165960079,not_as_described,digital_goods,upi,528.82,1,9,in_transit,False,0.64,0.629,0,159,0.5799,False
71b6aa05-7263-4568-9855-1e54ce639d4f,fraud_card_not_present,groceries,wallet,742.32,23,21,in_transit,False,0.355,0.719,0,508,0.5067,True
e9ec9a37-20ab-4e51-a282-f882912cb768,fraud_card_not_present,apparel,upi,455.72,4,19,in_transit,False,0.571,0.781,2,126,0.2005,False
990c9b38-6ff0-439d-9ac4-192ff54814a8,not_as_described,electronics,card,413.28,9,10,signed_confirmation,True,0.314,0.531,0,59,0.4884,True
6e29fc79-cc98-4918-828b-319e24abc861,duplicate_charge,electronics,wallet,908.45,3,10,delivered_no_signature,False,0.696,0.474,0,548,0.8204,True
8be37a1e-3f97-4d3e-bcdb-0f46153a7031,not_as_described,digital_goods,upi,3114.8,5,5,signed_confirmation,False,0.361,0.871,0,229,0.285,True
5d2d2849-f3bc-4735-bbba-050f0cd5f06a,fraud_card_not_present,electronics,card,140.39,6,2,signed_confirmation,True,0.632,0.223,0,27,0.4941,True
4e46c475-7e5d-445e-b072-4eb1f244047e,not_as_described,beauty,card,1881.1,19,7,signed_confirmation,True,0.231,0.84,0,118,0.7896,False
272a64bc-4e19-4cfe-aac5-6e4d902deb3e,duplicate_charge,groceries,upi,477.51,17,2,signed_confirmation,False,0.499,0.554,0,615,0.877,False
dd2f4442-e4b3-4c12-85a6-ab0c8de1fa32,not_as_described,groceries,card,297.49,3,17,in_transit,True,0.81,0.556,0,240,0.8407,True
984b6af7-bfe3-4d60-82e9-acdc5cb5f266,fraud_card_not_present,home_goods,card,4219.32,7,16,signed_confirmation,False,0.388,0.73,0,404,0.6899,True
f49b9f47-ab34-4f9d-95c0-adcd4a72cb69,fraud_card_not_present,beauty,upi,5541.47,4,13,delivered_no_signature,True,0.619,0.389,0,473,0.3184,False
d3ff9079-da08-42f0-80bf-025cf451e2ce,subscription_not_cancelled,home_goods,wallet,458.6,6,15,signed_confirmation,True,0.144,0.358,1,409,0.3628,True
430490e9-2ed3-4ded-9369-2c1c288dc248,not_as_described,groceries,card,4338.18,10,5,in_transit,False,0.944,0.806,0,736,0.6245,True
9cef1672-a73b-4cb7-b840-1bedb1310951,fraud_card_not_present,groceries,upi,1679.02,5,7,delivered_no_signature,False,0.359,0.59,0,53,0.8401,True
b550e24d-10dd-46e3-ac17-ee5b51776aae,fraud_card_not_present,groceries,card,708.74,4,1,delivered_no_signature,False,0.849,0.539,0,45,0.9422,True
055e34cc-60b6-46cd-9068-43c80cc2cbb9,fraud_card_not_present,groceries,card,1026.98,8,4,signed_confirmation,False,0.148,0.7,1,23,0.4784,False
3366bc4b-345f-4342-973d-d3134d2fbee1,not_as_described,electronics,card,837.37,2,10,delivered_no_signature,True,0.501,0.691,0,526,0.5039,True
af71de19-c31d-46ac-ae3f-cf92b562ae0f,duplicate_charge,groceries,upi,660.49,40,4,delivered_no_signature,False,0.868,0.41,1,32,0.7714,True
3eed0b90-d811-4a21-b09a-6150db8fd6af,subscription_not_cancelled,electronics,card,1105.76,8,1,delivered_no_signature,False,0.925,0.846,1,544,0.4606,False
0ccd8390-d85e-48a7-956c-2609132b833d,item_not_received,home_goods,card,1153.21,22,11,in_transit,True,0.886,0.498,0,124,0.3468,False
6c7654ae-b87c-4b2c-900b-f64e38d551a2,item_not_received,home_goods,upi,1155.77,3,9,in_transit,False,0.619,0.842,1,797,0.343,True
415a10ae-6208-4977-b841-b4a8522b8375,not_as_described,electronics,card,170.49,6,11,in_transit,False,0.338,0.709,0,1691,0.6964,True
0e91605a-92b6-4a0a-88dc-4e5305957d6c,duplicate_charge,digital_goods,upi,35.64,3,17,signed_confirmation,True,0.412,0.505,2,1093,0.5614,False
1d92949e-857d-401e-bcb7-e4248736033f,duplicate_charge,digital_goods,wallet,355.77,2,8,signed_confirmation,False,0.072,0.844,0,580,0.4287,True
715d2798-9d11-4408-b94b-c1c1693a90cb,fraud_card_not_present,apparel,upi,890.48,9,19,delivered_no_signature,False,0.09,0.568,1,17,0.128,False
5d9790dd-af8f-40ea-af57-4fc07f6ee371,fraud_card_not_present,electronics,card,942.98,3,18,signed_confirmation,False,0.211,0.82,1,39,0.3712,True
708fc243-2ac7-4a58-86f1-67e23c73c27d,subscription_not_cancelled,home_goods,card,1578.1,1,10,delivered_no_signature,False,0.793,0.794,3,40,0.177,False
2ca803ba-8c31-4357-953b-1107c0c3283f,fraud_card_not_present,digital_goods,upi,463.17,2,15,in_transit,False,0.264,0.374,0,9,0.3318,False
13294d0e-07b0-4c96-a993-985758a9151b,fraud_card_not_present,apparel,upi,819.58,12,2,signed_confirmation,False,0.133,0.899,1,72,0.2557,True
9cf11b9c-42b9-400c-9fe8-6fa740803dd9,item_not_received,beauty,card,649.12,31,5,signed_confirmation,True,0.706,0.463,0,286,0.886,True
55cbd1fb-7195-4e99-807e-0402463a6832,item_not_received,home_goods,wallet,2315.32,1,21,delivered_no_signature,False,0.399,0.434,0,767,0.7753,True
741d42f7-a7eb-4759-8a8a-51e14f86856d,not_as_described,beauty,upi,1861.89,2,14,signed_confirmation,True,0.063,0.575,2,377,0.144,False
df7b245a-34cf-454c-ab5a-ac9eadf31e93,fraud_card_not_present,digital_goods,card,704.55,1,10,delivered_no_signature,False,0.385,0.531,1,424,0.2269,False
60e8bb31-32b8-4db0-b9c5-2945a9f0ecc9,duplicate_charge,beauty,upi,478.95,6,11,not_shipped,True,0.246,0.892,1,707,0.7808,True
b3a229dc-1ee9-43e3-94fe-fb7e417c40fd,duplicate_charge,digital_goods,card,519.85,1,12,delivered_no_signature,False,0.541,0.743,1,39,0.8253,True
ac475ab6-6a6b-4155-9a67-ca6452144e9e,not_as_described,groceries,card,1240.96,13,14,delivered_no_signature,False,0.771,0.092,3,592,0.2204,False
9e12ab97-1143-4cff-bd6f-a052051a86d8,item_not_received,digital_goods,upi,1018.09,2,5,signed_confirmation,False,0.664,0.653,0,233,0.8353,True
e2375db8-6eb3-466a-9054-170a0e174644,fraud_card_not_present,home_goods,card,833.97,10,5,signed_confirmation,True,0.418,0.616,0,547,0.6588,False
06ddbcdd-bb26-41e2-aced-ca1221ea8323,item_not_received,beauty,netbanking,1343.07,47,12,signed_confirmation,True,0.723,0.587,0,370,0.7058,True
bfb4b6ad-0810-4df5-81bd-99423b0e7d7a,duplicate_charge,digital_goods,card,983.61,2,15,signed_confirmation,True,0.334,0.751,0,954,0.8563,True
df0ea756-b847-4419-b355-a18b8c5fd0ce,fraud_card_not_present,apparel,upi,2244.22,18,12,signed_confirmation,False,0.162,0.628,1,257,0.3125,False
80fcf159-81e7-4c6c-a0ff-b0ec4200fb58,subscription_not_cancelled,electronics,card,1552.87,10,20,signed_confirmation,False,0.709,0.805,1,52,0.6776,True
66aed529-f815-4401-bc06-37266ea337a4,subscription_not_cancelled,electronics,upi,286.63,2,21,in_transit,False,0.771,0.457,1,581,0.4621,True
9ab15bd9-7d1f-4e5f-bcc9-671d280cad91,item_not_received,groceries,wallet,1531.42,11,19,in_transit,True,0.45,0.839,2,1223,0.2055,False
ae526a26-b6f5-4c35-af07-9c6b9f2e178c,fraud_card_not_present,apparel,card,299.72,11,11,delivered_no_signature,True,0.525,0.876,0,30,0.3701,True
b9b1818c-5707-48b9-ad3b-ebb76dc3a1d8,item_not_received,home_goods,card,1004.49,7,20,not_shipped,True,0.196,0.515,0,1494,0.303,False
f7b75a6f-f722-439e-9a65-22d6324f35f8,fraud_card_not_present,apparel,upi,2075.78,9,14,not_shipped,False,0.46,0.636,0,135,0.2442,True
49d93837-bf96-4fcf-a029-cd8fbb584558,not_as_described,groceries,card,2291.68,16,15,in_transit,False,0.604,0.82,2,306,0.4426,True
82946c83-d38f-4388-acf3-65ef54e8fea9,not_as_described,beauty,wallet,248.4,2,5,signed_confirmation,True,0.183,0.648,1,938,0.7451,True
7d8c80d2-c807-4bd2-bfe2-3ae3cfd74f29,item_not_received,apparel,card,469.86,1,12,in_transit,False,0.503,0.37,1,382,0.5572,True
7c7218a9-1ddb-41a6-837c-4c61cff11cfc,duplicate_charge,home_goods,upi,806.86,3,8,delivered_no_signature,True,0.705,0.423,0,288,0.6328,True
912ed748-3acf-40fd-a657-2533b98aecb1,fraud_card_not_present,beauty,upi,946.65,7,11,delivered_no_signature,False,0.159,0.172,1,33,0.3406,False
2d3715ad-d110-4776-925d-802d4a6ec696,item_not_received,beauty,netbanking,320.36,27,14,signed_confirmation,False,0.239,0.786,1,236,0.8485,True
9c41c556-a5d1-487f-9a0f-52448c992646,fraud_card_not_present,digital_goods,card,391.45,2,21,not_shipped,True,0.353,0.504,0,89,0.5793,False
db520bce-e91c-4d77-b3ec-a4abc17cb9a9,not_as_described,digital_goods,card,582.45,1,11,in_transit,True,0.057,0.606,0,203,0.5891,True
f56b312d-330c-4833-b714-87cabd01480e,subscription_not_cancelled,beauty,card,1104.31,4,8,signed_confirmation,True,0.287,0.581,1,1021,0.7355,True
fbbda9ec-be69-41c2-941a-2efc937c4c5c,item_not_received,beauty,netbanking,813.69,37,15,signed_confirmation,True,0.103,0.806,1,132,0.7618,False
5575c363-f973-4eb6-96d5-825272d67807,item_not_received,apparel,netbanking,5585.65,8,9,in_transit,True,0.225,0.674,1,44,0.467,True
8ab96d29-50fd-435f-a8d9-fecd251b76f5,not_as_described,beauty,upi,475.58,4,21,not_shipped,False,0.212,0.468,0,180,0.7461,True
f05c8918-f3a0-4e7a-9913-10db9ff9525f,not_as_described,home_goods,upi,1623.58,19,14,signed_confirmation,True,0.268,0.784,2,645,0.8378,True
3a433146-5030-48bb-8258-b348204bf261,fraud_card_not_present,home_goods,upi,1705.16,7,20,in_transit,False,0.596,0.653,0,258,0.8123,False
bf68cb69-4c06-4af8-8821-6e8e50b4f520,not_as_described,electronics,card,3096.76,16,13,not_shipped,False,0.7,0.765,0,13,0.3247,False
1c13acea-6a65-432a-a330-10b623ac04bf,subscription_not_cancelled,electronics,card,827.54,2,7,in_transit,False,0.893,0.489,0,747,0.3248,False
7d029ca6-7b2d-482e-8f30-80f59ba6ca9b,not_as_described,groceries,card,366.44,7,15,signed_confirmation,True,0.552,0.434,0,195,0.7303,False
207de98c-5532-4f79-88a5-9ef06f1fe376,item_not_received,digital_goods,upi,874.46,4,18,signed_confirmation,True,0.815,0.31,1,23,0.8391,True
d8807161-0a2b-439b-bc67-3b1f573f36be,item_not_received,groceries,card,719.48,13,20,delivered_no_signature,True,0.498,0.903,2,83,0.7711,True
4841e23a-343c-480e-a365-29ef9de1ef9b,fraud_card_not_present,electronics,upi,1307.05,8,14,signed_confirmation,True,0.116,0.798,0,702,0.7894,True
9a63e398-3258-4672-976c-25f340f4d1e2,fraud_card_not_present,electronics,card,1439.68,14,2,signed_confirmation,False,0.462,0.82,1,322,0.4413,True
d50f7929-d66e-489b-aad8-298ef6c68801,item_not_received,groceries,card,811.68,27,15,delivered_no_signature,False,0.689,0.734,0,911,0.6473,True
9f3d2c2d-6a20-4085-9ab9-b5df49578fb2,subscription_not_cancelled,groceries,card,1507.19,4,21,delivered_no_signature,True,0.763,0.501,0,6,0.8768,True
2ff83117-e016-4180-9e35-db29067018f6,subscription_not_cancelled,groceries,upi,1497.61,12,6,signed_confirmation,False,0.782,0.663,1,133,0.4399,False
5c96c74e-b979-44a0-8a70-3a2916c7b9c0,item_not_received,electronics,netbanking,1137.65,6,11,signed_confirmation,False,0.336,0.578,0,318,0.9701,True
4d35fd5f-f8fb-43d0-9121-86e5295ae0b4,item_not_received,digital_goods,upi,1217.34,15,4,in_transit,False,0.822,0.512,1,617,0.1047,False
c50087be-e0ff-4714-84fc-dd10e96fbda8,subscription_not_cancelled,beauty,upi,1784.84,14,18,delivered_no_signature,False,0.394,0.837,1,212,0.7049,True
db062a0e-cdd2-4fa6-8488-e448afdc0e99,subscription_not_cancelled,beauty,netbanking,716.42,3,6,signed_confirmation,True,0.171,0.515,1,32,0.5137,False
22bd5de2-161e-4a30-9aee-3967d5a46e79,item_not_received,beauty,card,1274.38,7,19,not_shipped,False,0.152,0.158,0,715,0.0375,False
1b0bd9b3-a4ef-42e8-a320-02982e9e883d,item_not_received,home_goods,card,866.75,6,10,delivered_no_signature,True,0.66,0.83,2,871,0.7164,True
3e14118d-3d1c-414d-bd9b-1d82bef72823,fraud_card_not_present,digital_goods,card,5597.74,3,14,signed_confirmation,False,0.069,0.764,1,54,0.0673,False
60c42373-5bd7-4e61-bd6e-5dc8eb7aa8a3,item_not_received,digital_goods,card,2220.21,3,1,signed_confirmation,True,0.168,0.788,0,196,0.9898,True
b2252e21-9f2d-4d72-8edb-61817316c8b8,subscription_not_cancelled,home_goods,upi,438.82,18,10,in_transit,False,0.461,0.718,0,182,0.2276,False
62ac6ba4-d686-4c85-927c-d36e66de19ac,item_not_received,electronics,card,192.58,10,6,not_shipped,False,0.554,0.334,3,166,0.1129,False
d8c35c72-fca4-4848-9be9-0ef0a3183f47,item_not_received,home_goods,card,722.8,29,15,in_transit,False,0.728,0.828,0,250,0.1449,False
f4fb838d-231e-42da-ab88-4d649e1d71c6,item_not_received,electronics,upi,2189.01,4,11,delivered_no_signature,True,0.094,0.636,0,351,0.6573,False
979023d2-2865-4fe0-895c-6e6e312b60f3,fraud_card_not_present,groceries,upi,1036.48,3,12,delivered_no_signature,True,0.264,0.318,1,352,0.2903,False
8e9bedbb-4ee5-4ce2-94fd-136f0b9ec21f,duplicate_charge,apparel,upi,1134.31,16,14,not_shipped,False,0.45,0.619,2,719,0.281,False
80bdba1c-1bfa-49a1-8a55-422ae967dfd7,not_as_described,digital_goods,card,1085.47,35,2,signed_confirmation,False,0.382,0.505,1,420,0.2585,False
24f52393-aa04-45f7-9668-627571de38c1,not_as_described,apparel,card,624.11,7,15,delivered_no_signature,False,0.681,0.394,0,594,0.389,False
e8cdbbe5-f2f8-4cec-837f-93446ae334c3,not_as_described,digital_goods,netbanking,646.2,4,7,signed_confirmation,True,0.526,0.904,1,917,0.8858,False
176ecec1-d2c0-4041-b23b-b7e4d0eb3ff8,not_as_described,electronics,upi,704.1,8,19,in_transit,False,0.778,0.504,0,1291,0.5517,False
bdff7f7a-e386-49ba-82c8-18e88e63293d,not_as_described,electronics,card,282.81,7,2,delivered_no_signature,True,0.483,0.479,2,172,0.3029,False
f5c46d90-5003-4eb7-9a3e-5ea4c4f084f7,duplicate_charge,groceries,upi,871.14,18,20,signed_confirmation,False,0.331,0.205,0,187,0.8288,True
af2c4aad-0327-4761-8ea9-d98ba5e35de2,not_as_described,home_goods,upi,979.75,24,17,signed_confirmation,True,0.132,0.565,0,1208,0.7153,True
465d9bfb-b488-4931-ba49-678228833d90,not_as_described,electronics,card,362.93,1,11,signed_confirmation,True,0.803,0.61,1,121,0.4198,True
17f4a654-541f-415e-817b-29232f5c957c,item_not_received,apparel,netbanking,1238.62,20,9,signed_confirmation,False,0.643,0.907,1,53,0.8837,True
0bdc73f0-11a7-453c-ae60-52454e588ab1,item_not_received,apparel,upi,283.16,4,13,signed_confirmation,False,0.651,0.837,1,1136,0.4718,False
34694263-4788-4b41-ab9e-a30dd91f52f4,item_not_received,electronics,netbanking,724.36,6,8,signed_confirmation,False,0.481,0.747,0,584,0.8313,True
6c029ddf-6e2f-41dd-868a-807bce9b9111,subscription_not_cancelled,groceries,upi,585.94,6,10,delivered_no_signature,True,0.903,0.654,0,32,0.334,False
9ebdd521-c797-4636-95e3-04057d00e652,subscription_not_cancelled,electronics,card,1215.05,4,2,delivered_no_signature,True,0.579,0.242,0,215,0.6249,False
63716253-ce5b-4eac-a312-73919544482e,item_not_received,beauty,card,7930.72,10,11,signed_confirmation,False,0.571,0.139,1,202,0.9233,True
29bb7d61-de86-4769-8fe1-3f0a0d6c07d0,duplicate_charge,electronics,netbanking,102.44,7,4,not_shipped,False,0.919,0.339,0,139,0.3076,False
b75e53b7-0405-4a0e-9c13-698dbe4d3cde,not_as_described,apparel,netbanking,963.66,27,20,signed_confirmation,False,0.096,0.174,1,550,0.0752,False
2143894c-afc1-4440-a0ac-7782f9c3b7ba,duplicate_charge,digital_goods,upi,1120.56,1,2,delivered_no_signature,False,0.659,0.6,0,34,0.6028,True
eba5d462-7708-4187-8294-03237d922ec4,item_not_received,home_goods,netbanking,466.44,1,5,signed_confirmation,False,0.66,0.765,1,145,0.9014,True
087454c3-fb91-4f01-9c0d-f0d2aeeefc56,duplicate_charge,digital_goods,netbanking,478.0,1,2,signed_confirmation,True,0.416,0.361,0,841,0.7765,True
dd096684-c28e-4729-a1d0-29a81ab9a49d,duplicate_charge,home_goods,upi,3560.77,7,21,signed_confirmation,False,0.163,0.382,0,833,0.771,True
137931e5-6f5c-4949-8428-b3598fc6441a,item_not_received,home_goods,upi,566.7,23,2,delivered_no_signature,True,0.294,0.648,3,256,0.568,False
4516fd51-ff3b-4be8-88fa-ad8f724c8c40,item_not_received,groceries,upi,946.22,24,7,signed_confirmation,False,0.749,0.917,1,78,0.8696,True
9d1c4430-695a-4b47-b863-4991fe5452e7,fraud_card_not_present,groceries,card,776.43,5,12,not_shipped,True,0.238,0.446,1,1022,0.075,False
d3f8489a-7d72-458c-8aaf-4b94db4602cb,duplicate_charge,groceries,wallet,749.62,41,2,signed_confirmation,False,0.294,0.55,0,445,0.4614,False
ff1d80aa-2fdd-4f7e-a0eb-ac718fd1720f,item_not_received,groceries,card,2917.71,9,10,in_transit,False,0.519,0.637,1,21,0.1988,False
f4ab993c-b726-4733-9cc8-78c5fb7f44bf,fraud_card_not_present,electronics,upi,132.13,3,1,in_transit,False,0.501,0.798,0,45,0.7858,True
9fc46c1c-204e-45d6-8514-ab87e5163e29,fraud_card_not_present,home_goods,card,131.34,1,7,signed_confirmation,False,0.437,0.619,1,279,0.5237,True
82141109-92de-4876-8f9d-388be1ff9b5c,item_not_received,groceries,card,3266.22,4,18,signed_confirmation,False,0.361,0.475,1,442,0.8949,True
de0103a1-491f-4836-85fc-2018e3ccf2ee,subscription_not_cancelled,beauty,card,824.37,6,18,signed_confirmation,True,0.292,0.812,1,496,0.5631,False
b8a9547c-ec66-49ba-8288-59f77972665b,item_not_received,apparel,card,1016.63,23,1,signed_confirmation,True,0.095,0.844,1,896,0.7062,False
bef345b0-b887-4862-8413-34a7a1caf557,duplicate_charge,home_goods,card,6537.4,23,19,signed_confirmation,False,0.374,0.773,1,644,0.5757,False
726580b0-7721-436a-a9c6-ad270f94440a,fraud_card_not_present,groceries,wallet,917.11,19,21,delivered_no_signature,False,0.481,0.495,2,143,0.6734,True
8c840f59-7b3f-468a-920d-3f2bf8eb3c6b,not_as_described,electronics,card,671.09,20,14,delivered_no_signature,True,0.193,0.775,0,293,0.7619,True
917f5ee4-4588-4a50-8c49-d0071923e900,item_not_received,groceries,card,1258.34,10,18,not_shipped,True,0.532,0.79,2,341,0.1355,False
932ddc3b-05fd-43af-86a2-d97e01e5a80d,fraud_card_not_present,digital_goods,card,2442.24,8,9,in_transit,True,0.652,0.539,0,766,0.6466,False
2870e97b-92f2-407a-bb54-d72ba1abdff8,not_as_described,apparel,netbanking,2513.69,16,11,in_transit,False,0.458,0.4,2,721,0.1086,False
832e2f8e-5873-4e4d-857c-6b96b0de043d,fraud_card_not_present,groceries,netbanking,196.12,1,9,signed_confirmation,False,0.42,0.797,1,122,0.5878,False
97c64ee9-3653-4614-837b-41242b38711b,item_not_received,beauty,netbanking,561.25,10,20,delivered_no_signature,True,0.466,0.886,0,668,0.5092,True
05a54174-4bdf-42ad-89cf-e767a6977718,not_as_described,apparel,upi,922.58,8,4,in_transit,True,0.497,0.835,1,866,0.7971,True
e7a76d11-02cd-4c7d-87f7-aabbf28f100d,not_as_described,beauty,upi,1074.07,14,8,signed_confirmation,False,0.839,0.63,0,716,0.4901,False
0448bda2-383c-45e2-9583-b743a6b18aa8,item_not_received,beauty,upi,1693.48,8,17,in_transit,False,0.224,0.46,1,343,0.071,False
47e7c215-b252-4d66-bc51-f595e081c317,item_not_received,apparel,card,3027.67,1,8,delivered_no_signature,True,0.68,0.829,0,1078,0.7995,True
ea3b1249-9b5d-445f-971e-c93f0ea7199f,fraud_card_not_present,electronics,card,890.32,14,14,delivered_no_signature,True,0.448,0.534,1,100,0.4763,True
f74da5d9-2dc3-4469-9cbb-4cae3d48d1af,not_as_described,beauty,upi,3576.61,12,6,signed_confirmation,False,0.6,0.377,0,11,0.3998,False
7d2666c5-f72e-4461-bf24-855d600054a6,item_not_received,digital_goods,card,1702.99,10,14,signed_confirmation,True,0.633,0.326,0,21,0.7467,True
90567075-2803-46ed-a1dc-74c2138f2f7a,item_not_received,electronics,card,1839.59,3,6,signed_confirmation,False,0.799,0.795,0,185,0.8371,True
1c84c15a-ed16-420e-8cd5-bc3d10910a81,not_as_described,apparel,card,2127.42,29,7,in_transit,False,0.746,0.657,0,1341,0.3944,False
114ea7eb-0226-4a08-a34c-c2e0044b20d5,fraud_card_not_present,beauty,card,1237.08,2,18,delivered_no_signature,False,0.122,0.218,1,754,0.2112,False
246bd594-c366-44fc-93c0-47ba9be136d6,fraud_card_not_present,home_goods,card,2001.74,10,3,signed_confirmation,True,0.539,0.49,2,67,0.1993,False
f4c81a27-c6d6-4d41-a73b-5744caef5987,duplicate_charge,apparel,upi,95.74,3,11,delivered_no_signature,False,0.51,0.896,0,447,0.4968,False
e2c02df0-9db3-4cda-be62-6a930258c1fa,not_as_described,groceries,upi,1594.98,20,8,signed_confirmation,False,0.422,0.753,2,1162,0.698,False
6f5082c5-e4e8-4863-b0fa-5ca0b3287766,fraud_card_not_present,groceries,upi,1106.98,3,19,signed_confirmation,False,0.361,0.329,1,970,0.2372,False
db1383b8-18fa-4104-b655-ddedd835bce9,fraud_card_not_present,electronics,wallet,725.67,6,14,delivered_no_signature,False,0.283,0.75,3,375,0.3306,False
d0bd93dd-bc15-45c2-a553-c0d329ec78f0,fraud_card_not_present,home_goods,upi,453.98,11,1,delivered_no_signature,False,0.362,0.655,0,177,0.3934,False
d8452ddd-f8fb-466b-b0be-759763bf01df,item_not_received,groceries,netbanking,447.28,2,4,signed_confirmation,False,0.8,0.447,0,171,0.8203,True
7bd23db6-1045-4a81-a4a9-473318df3eda,not_as_described,digital_goods,netbanking,2342.8,12,11,signed_confirmation,False,0.357,0.509,1,77,0.407,False
0fdabfc4-7728-436f-8fd5-abcc1a93ff2c,fraud_card_not_present,home_goods,upi,2783.62,3,10,delivered_no_signature,False,0.925,0.941,2,305,0.7626,False
508a8c41-fa33-4086-98a0-28c25907dde3,subscription_not_cancelled,home_goods,card,1610.72,8,4,in_transit,True,0.621,0.344,1,376,0.7716,False
af8b2f56-efbf-489c-8eaf-ebfbb09cd879,not_as_described,groceries,upi,2193.86,19,4,signed_confirmation,False,0.901,0.428,1,44,0.2258,False
14de8bc8-878d-4acc-a0fa-58a1e44d7dd8,fraud_card_not_present,groceries,wallet,422.66,3,20,signed_confirmation,False,0.227,0.21,1,360,0.3297,True
c679088d-c9be-424c-b554-63049975e7cf,item_not_received,digital_goods,card,346.06,2,12,signed_confirmation,False,0.376,0.32,0,512,0.9455,True
9c26281c-d891-4f09-9dbf-ede8027ef52b,duplicate_charge,groceries,card,1059.62,23,1,delivered_no_signature,False,0.388,0.656,0,410,0.7675,True
bb2792f3-f36d-472a-832a-188cf2f45c02,fraud_card_not_present,beauty,upi,146.74,3,12,delivered_no_signature,True,0.719,0.67,0,177,0.5978,True
80c2088f-df93-40dc-8d15-4b8eb2c10144,fraud_card_not_present,home_goods,upi,475.12,1,18,signed_confirmation,True,0.884,0.561,0,193,0.9167,True
659a6c20-daca-4f73-a54f-7a2dd02c5713,not_as_described,digital_goods,wallet,944.04,5,1,delivered_no_signature,False,0.886,0.38,1,505,0.2941,False
ab3fc79d-5a1f-47dd-9fce-cd4f9dca8d76,not_as_described,groceries,card,1057.42,1,5,signed_confirmation,False,0.705,0.655,0,363,0.421,False
9c92a7ef-66f5-4d3b-b365-b753b3b08ee5,item_not_received,electronics,card,763.82,10,19,delivered_no_signature,False,0.652,0.863,0,554,0.1236,False
2ac3ba45-9078-4815-ad23-b91202123c95,duplicate_charge,electronics,upi,100.38,15,7,signed_confirmation,False,0.278,0.478,0,464,0.5796,True
0d72e275-0516-4977-930e-77a07ecb13db,fraud_card_not_present,groceries,card,2416.9,14,9,delivered_no_signature,False,0.56,0.451,0,150,0.1928,False
7c97ee9d-5983-4245-a8b4-f51cc9d84be4,duplicate_charge,electronics,wallet,3539.0,9,14,in_transit,False,0.28,0.818,0,1049,0.6303,True
6d9add46-3946-4790-9599-fa4879c66261,duplicate_charge,beauty,upi,2074.37,1,17,signed_confirmation,False,0.569,0.683,0,327,0.364,True
2f3cec9a-11c0-404b-bcbe-a256ab4e7f08,item_not_received,digital_goods,upi,624.15,10,13,signed_confirmation,True,0.914,0.546,1,954,0.8551,True
5f86231f-af16-41ca-a913-abff7faa19f2,fraud_card_not_present,digital_goods,upi,2928.2,9,12,signed_confirmation,False,0.598,0.803,0,293,0.7178,True
6ab06e20-ccb3-404d-a184-aee85c2ecfa4,not_as_described,electronics,wallet,2008.99,37,20,delivered_no_signature,False,0.653,0.836,0,1519,0.8119,True
eb217f13-fee5-4e0b-b5a4-ccfaa654ff8d,item_not_received,beauty,upi,1336.53,4,5,signed_confirmation,True,0.278,0.517,0,356,0.7574,False
bcbe0173-2af9-4cda-bc9e-336fa67ba73e,item_not_received,apparel,card,1237.86,9,15,in_transit,True,0.386,0.713,1,47,0.4953,True
f7875fbd-a542-42de-862e-a76c1138956b,fraud_card_not_present,beauty,card,2110.51,10,16,signed_confirmation,False,0.352,0.759,1,340,0.2626,True
48750814-0dd3-44bd-ad68-3460533f73c3,fraud_card_not_present,beauty,wallet,2248.84,3,7,in_transit,False,0.639,0.353,3,406,0.0994,False
d2d6e5e2-9bc3-4496-8886-48f22bb51222,item_not_received,groceries,card,3222.02,6,9,signed_confirmation,True,0.744,0.789,1,213,0.8621,True
bbe34dce-b19c-439d-acf6-dd335a03357b,fraud_card_not_present,groceries,card,1945.37,2,19,signed_confirmation,True,0.626,0.582,0,90,0.6987,True
157f651e-4666-42cf-bf27-4855dab8a022,subscription_not_cancelled,digital_goods,upi,4558.07,1,14,in_transit,False,0.683,0.801,1,1257,0.5575,True
c38e04a7-ff7f-4c8b-875b-6bf7ea04c7d4,item_not_received,digital_goods,card,242.58,12,8,signed_confirmation,False,0.24,0.866,1,1158,0.5762,True
ec32e095-d68d-4276-9a66-badac3d41fb2,not_as_described,beauty,upi,1627.45,9,8,in_transit,True,0.242,0.697,0,420,0.7534,True
28e58b9d-7866-4de0-b4ab-c783314ce63b,not_as_described,apparel,netbanking,2137.9,27,9,signed_confirmation,True,0.89,0.686,0,648,0.5334,True
d9815fc4-78f3-4754-8e50-ece00607881a,not_as_described,home_goods,upi,496.36,33,4,signed_confirmation,False,0.522,0.81,0,55,0.3432,False
af8137e3-d818-44a2-824c-16888702bf88,duplicate_charge,groceries,upi,304.92,1,5,signed_confirmation,True,0.721,0.535,1,419,0.9041,True
fe8f5cd3-6e7d-4a8d-9cbf-f2fcb2d8328a,not_as_described,groceries,card,4623.67,3,10,signed_confirmation,False,0.321,0.645,0,678,0.8817,True
2bd87972-ae9c-4d62-9898-c746111732c1,fraud_card_not_present,electronics,card,3017.23,2,11,signed_confirmation,True,0.072,0.776,0,44,0.358,True
039de390-6953-4896-ae60-e3861ceb926b,item_not_received,apparel,upi,362.06,12,4,delivered_no_signature,False,0.771,0.415,1,1260,0.812,True
2e737aef-87a2-4745-9004-43166900979a,not_as_described,groceries,wallet,1249.65,3,13,delivered_no_signature,False,0.31,0.328,2,313,0.6417,True
2df84901-6cce-4c50-8196-3546c12c733e,duplicate_charge,home_goods,card,854.19,8,11,signed_confirmation,True,0.652,0.311,0,257,0.7422,False
f57b5cf3-d5e8-4693-a69f-052e751625b5,not_as_described,home_goods,netbanking,610.74,5,1,signed_confirmation,False,0.104,0.353,0,385,0.3144,False
691eac09-c361-4fc3-8de3-2a04dbfdcb14,not_as_described,electronics,upi,622.33,10,11,delivered_no_signature,False,0.407,0.872,0,285,0.4093,True
87c0a295-1b94-4096-bb5c-655c050944b9,item_not_received,beauty,card,461.53,14,8,delivered_no_signature,False,0.839,0.244,0,471,0.6706,True
3b16c133-984c-4d3f-8dfd-901fc282ec9e,item_not_received,apparel,upi,636.33,6,2,signed_confirmation,True,0.675,0.679,0,181,0.9434,True
ac65842b-9868-4a20-ba6e-f667e4bc5f32,item_not_received,groceries,upi,333.74,24,5,in_transit,False,0.537,0.784,0,127,0.2596,False
29bde2d2-0767-4fb4-b2b0-15a6d3d938fa,item_not_received,apparel,card,644.57,11,10,signed_confirmation,True,0.225,0.857,0,942,0.8473,False
28ac8992-9822-48c1-9d48-31c24139d98b,not_as_described,electronics,card,560.71,15,6,signed_confirmation,False,0.581,0.289,1,632,0.4968,False
ba700c3b-4085-4385-8f89-1bb427c3b45c,item_not_received,apparel,card,561.08,9,17,signed_confirmation,True,0.682,0.31,0,117,0.8678,True
13b945e6-c88c-4f06-8a74-df6137b4e185,duplicate_charge,digital_goods,wallet,536.38,2,10,delivered_no_signature,False,0.95,0.431,0,250,0.8055,True
efb22694-8e90-48b7-b668-ff1b83d7b752,not_as_described,electronics,upi,607.86,1,20,signed_confirmation,False,0.393,0.641,0,237,0.7929,True
9c42b386-fecc-4172-a366-6044e38e9539,item_not_received,beauty,upi,3725.96,15,21,signed_confirmation,False,0.065,0.764,0,175,0.7448,True
191e1e9c-0276-4705-b63c-eef38ccedbae,subscription_not_cancelled,apparel,wallet,1127.0,6,17,delivered_no_signature,True,0.733,0.63,1,769,0.8183,True
fa31a418-9780-4b59-8801-fffdf8473774,item_not_received,groceries,netbanking,542.77,15,14,delivered_no_signature,True,0.785,0.502,1,5,0.2418,True
ec3f2bf0-5a42-446d-a227-57071234fd6d,item_not_received,home_goods,card,943.25,12,14,delivered_no_signature,False,0.356,0.755,0,226,0.7255,True
76ab7f5b-5d37-4459-8716-eb8ccd8ae201,subscription_not_cancelled,digital_goods,card,305.79,23,5,signed_confirmation,False,0.597,0.641,1,425,0.5514,True
4f97218f-6185-4b2e-9f28-7719779fa853,subscription_not_cancelled,home_goods,upi,647.47,1,8,delivered_no_signature,True,0.553,0.604,0,401,0.7052,True
5d93be68-6e3f-4c06-83c1-46d1c7f82e78,not_as_described,electronics,upi,4197.07,5,15,in_transit,False,0.114,0.516,1,167,0.6088,False
8ae94cfb-9959-45d4-b452-232eaa851e70,fraud_card_not_present,groceries,upi,4829.81,12,8,delivered_no_signature,False,0.741,0.724,1,366,0.7453,True
58d71122-ab1f-498e-a0bb-984188034aac,fraud_card_not_present,apparel,upi,1709.21,1,2,in_transit,True,0.74,0.572,0,490,0.5576,True
699b7bb3-dfda-49ed-af94-4fd3ecbe5f7e,fraud_card_not_present,digital_goods,card,463.44,20,17,signed_confirmation,True,0.381,0.426,0,48,0.5571,False
9fd91ef7-6447-4fd7-b55a-80075273de0b,fraud_card_not_present,electronics,upi,757.69,13,17,signed_confirmation,False,0.29,0.796,0,22,0.6987,True
9fd69c32-6e42-4ca8-b0b6-84be7210aa34,fraud_card_not_present,digital_goods,card,583.06,8,1,signed_confirmation,False,0.925,0.207,1,13,0.3884,False
4aca3b10-ba47-4462-bf9e-18097b058b2b,item_not_received,apparel,card,1573.66,7,2,delivered_no_signature,False,0.534,0.55,1,50,0.4195,True
844d29e7-eadd-412e-a838-708830107a70,subscription_not_cancelled,groceries,upi,3794.81,28,15,in_transit,True,0.888,0.663,0,7,0.8379,True
e0a15cfe-8c46-4bfc-9edd-ac00f16b9a16,not_as_described,beauty,card,1007.32,2,19,signed_confirmation,False,0.808,0.836,0,373,0.5786,False
091ff2e9-bb14-4fca-a30f-0c195bf3925f,not_as_described,electronics,upi,3185.85,3,6,delivered_no_signature,False,0.513,0.508,0,441,0.3261,False
9f265373-aadd-45ac-9f67-d018a43fe4b9,not_as_described,groceries,card,3276.14,4,2,signed_confirmation,False,0.554,0.44,2,666,0.3317,False
a1de79c1-5547-4a6d-8592-90dccdba526b,fraud_card_not_present,groceries,card,3350.63,26,18,in_transit,True,0.444,0.765,3,131,0.3327,False
3e1a7c55-96a1-4348-90f5-d1f046adba44,item_not_received,apparel,card,850.31,20,2,delivered_no_signature,False,0.474,0.467,0,324,0.3639,True
8ede972f-b09d-4249-bbc9-dcaaef300d4a,not_as_described,digital_goods,upi,1432.89,11,16,signed_confirmation,True,0.458,0.747,1,266,0.7682,False
4dd3ccd9-0599-4ff3-86ab-27030d01bea8,item_not_received,home_goods,upi,272.25,4,3,signed_confirmation,False,0.305,0.299,1,96,0.8268,True
9626ccc6-e4d7-486f-8c8b-84dff4819d06,not_as_described,digital_goods,upi,1848.95,10,10,signed_confirmation,False,0.323,0.556,0,198,0.5449,True
e85edcb6-92b3-4317-a439-c891961758d2,fraud_card_not_present,digital_goods,card,988.3,5,9,signed_confirmation,True,0.215,0.4,1,178,0.2623,False
0abde2f4-5e05-429e-a9f8-8e30addd128e,not_as_described,electronics,card,348.34,16,5,signed_confirmation,True,0.708,0.464,0,669,0.7646,False
e601a235-d815-4d21-8e84-040b38d6057e,fraud_card_not_present,groceries,upi,796.34,14,10,in_transit,False,0.322,0.599,0,464,0.4672,False
ae0a6313-2762-46d2-a9ae-e57f324d8765,subscription_not_cancelled,groceries,card,2008.64,4,7,in_transit,True,0.146,0.726,0,129,0.6126,False
0bc149f2-8bab-4ac2-b45c-cffa076aaf89,not_as_described,home_goods,upi,1736.48,2,19,delivered_no_signature,False,0.604,0.144,0,559,0.215,False
fe4e1fdb-bd64-4bda-a8a1-eee62a02e883,item_not_received,digital_goods,netbanking,6131.84,23,19,delivered_no_signature,False,0.837,0.617,2,417,0.3598,False
d775caab-473e-467b-98ef-e2cd92bc96e0,not_as_described,apparel,card,477.9,5,18,delivered_no_signature,False,0.367,0.68,1,41,0.5229,True
8900e0e8-2eef-4470-9780-6e0112e814bc,fraud_card_not_present,electronics,wallet,3986.74,29,10,signed_confirmation,True,0.548,0.382,0,68,0.364,False
cc97790a-2d60-41a1-a535-f62d5fddea0b,item_not_received,digital_goods,card,554.74,6,13,signed_confirmation,True,0.153,0.371,2,123,0.9489,True
767e4ad9-07c9-447e-91fb-f7efb5eda6f0,fraud_card_not_present,digital_goods,netbanking,2609.7,3,17,delivered_no_signature,False,0.515,0.831,0,9,0.7966,True
308dd4df-cb5d-4cfc-a426-fa9e236f7bc8,not_as_described,beauty,upi,900.29,6,13,not_shipped,False,0.472,0.576,0,152,0.6005,True
aa3b1710-b6b2-4a9f-a144-c5aadb5bd979,item_not_received,electronics,card,646.76,12,19,delivered_no_signature,False,0.618,0.804,0,18,0.5977,True
ac9f306d-412b-405d-a2f5-2a812b455f67,fraud_card_not_present,beauty,card,506.72,3,12,signed_confirmation,True,0.342,0.511,2,341,0.3292,False
8f1249f9-d134-41d2-bc92-695f93939c20,fraud_card_not_present,beauty,upi,383.67,25,1,signed_confirmation,True,0.821,0.956,0,712,0.6677,False
cebc2e9c-86b8-4433-97c7-092eed4f749d,fraud_card_not_present,electronics,card,710.57,15,2,signed_confirmation,True,0.185,0.323,1,16,0.4376,True
13231d57-d490-46a9-8fcf-119c4072bf60,item_not_received,beauty,upi,539.98,22,10,signed_confirmation,False,0.581,0.776,0,616,0.6782,False
f9244312-65f0-4919-9108-6d17e89926b0,fraud_card_not_present,beauty,card,2151.46,3,5,in_transit,True,0.455,0.94,0,1376,0.5689,True
b97df3f1-db09-4a17-8f45-7c6e815cb24f,subscription_not_cancelled,groceries,card,1421.92,5,3,signed_confirmation,False,0.595,0.834,0,958,0.5673,False
a448806b-0c5f-4f87-9ed4-4e162b490af4,item_not_received,groceries,card,900.02,5,2,signed_confirmation,False,0.726,0.657,0,875,0.5679,False
8d28a5ce-a3bd-4150-ba64-e98be2531795,duplicate_charge,groceries,upi,836.04,8,10,signed_confirmation,True,0.213,0.817,0,821,0.5108,True
f4f341c8-f8f4-4b8d-846c-da3729260f8c,fraud_card_not_present,groceries,card,1749.18,27,19,not_shipped,False,0.217,0.839,0,6,0.7164,True
45d31a5b-e092-4816-85b6-0db46f12683a,fraud_card_not_present,digital_goods,netbanking,999.98,34,21,signed_confirmation,False,0.482,0.408,0,188,0.7345,True
895b134d-8f62-4a41-aee3-4eda1d54f57e,fraud_card_not_present,electronics,upi,623.55,1,9,delivered_no_signature,False,0.842,0.671,0,866,0.6822,True
1820b579-7db3-40b0-82d5-014acc5bcba6,item_not_received,home_goods,upi,2835.92,8,15,in_transit,False,0.632,0.882,0,344,0.4268,False
0c90dd9b-dddb-46f1-9c57-895f8797e8a7,fraud_card_not_present,home_goods,card,1164.23,36,2,delivered_no_signature,False,0.573,0.466,2,487,0.3987,True
33f58568-13ec-4f1b-b4b3-640914744caf,subscription_not_cancelled,home_goods,card,1041.79,11,4,in_transit,False,0.451,0.17,1,9,0.3479,False
9cb0e0e0-6f3e-40a0-9eaa-9cb2dc37deb1,not_as_described,groceries,card,2870.79,2,13,delivered_no_signature,False,0.264,0.385,0,621,0.5331,True
a139d0bd-b27d-43e7-b393-0ec218f4c96d,subscription_not_cancelled,electronics,wallet,113.19,13,7,delivered_no_signature,False,0.245,0.179,0,643,0.4298,True
c1181ddb-8896-40dd-b50b-16b58b404341,duplicate_charge,home_goods,card,1616.01,30,5,in_transit,True,0.201,0.586,0,506,0.8338,True
7f485df7-41de-4ae4-b3b5-0e6e2dd0470d,subscription_not_cancelled,digital_goods,upi,663.39,12,5,signed_confirmation,True,0.289,0.749,0,1060,0.9366,True
ed8d9df3-5e0e-4ca7-8b4f-4cf07b8280e0,fraud_card_not_present,electronics,upi,526.65,2,12,signed_confirmation,False,0.278,0.809,0,545,0.5641,True
d21f001e-e329-45e8-8abb-9792a47fe09a,not_as_described,groceries,card,3128.73,10,6,signed_confirmation,False,0.722,0.583,1,161,0.7098,True
bbce51dc-e992-4a8d-be06-8a014e6449ae,fraud_card_not_present,digital_goods,upi,472.47,14,21,not_shipped,True,0.552,0.67,1,129,0.1217,True
74c5b54d-5399-4437-8939-404de1b49d47,not_as_described,beauty,card,1466.6,5,11,signed_confirmation,True,0.127,0.822,0,411,0.8482,True
bcb6fc43-8c24-47ef-816a-043b5cba52d1,item_not_received,groceries,card,538.11,5,8,signed_confirmation,True,0.154,0.671,1,545,0.7821,True
f5d6e5c0-0171-41a1-ab4b-edf376821d79,duplicate_charge,digital_goods,upi,508.05,2,3,signed_confirmation,True,0.407,0.384,2,298,0.4946,False
78d59b42-735f-4501-8dbd-5f863f548cd5,subscription_not_cancelled,home_goods,upi,502.83,4,15,delivered_no_signature,False,0.71,0.635,1,78,0.4451,True
2d932de8-e54f-4a85-ba28-d1179b2bc39a,duplicate_charge,beauty,upi,3026.88,8,10,signed_confirmation,False,0.644,0.583,0,52,0.4472,True
86976e0b-357a-48d8-8923-dd6716fa56e5,duplicate_charge,beauty,card,957.74,3,20,signed_confirmation,False,0.268,0.399,0,100,0.8079,False
a3f5bfd8-506c-4fd9-9e8b-a22b35601a41,item_not_received,apparel,card,195.22,22,9,signed_confirmation,False,0.357,0.388,0,239,0.5806,True
931c7cd4-719a-423a-8702-e90fc912aa1f,fraud_card_not_present,electronics,card,3117.73,3,12,signed_confirmation,False,0.351,0.462,1,159,0.1176,False
4045d4da-06f6-446c-b013-60a8697458cb,duplicate_charge,groceries,upi,325.38,14,13,delivered_no_signature,True,0.691,0.365,0,754,0.7943,True
eb70ece9-a64e-4e91-9a98-9d87db554141,item_not_received,digital_goods,upi,353.8,6,20,signed_confirmation,False,0.588,0.53,0,697,0.8446,True
1136bc87-5272-4d3e-b13e-ffde80aebc31,fraud_card_not_present,digital_goods,card,783.7,10,7,signed_confirmation,False,0.936,0.779,0,241,0.5956,True
eb1a1d11-c057-476f-94b5-46d4bb55564f,item_not_received,groceries,card,1279.6,1,8,delivered_no_signature,False,0.538,0.686,2,296,0.8406,True
a762015e-6251-4c1b-aa50-c37b06367122,fraud_card_not_present,digital_goods,card,5501.73,1,21,signed_confirmation,True,0.338,0.152,0,753,0.4897,False
054c4375-b01d-4b47-a991-4f41d4b8f557,fraud_card_not_present,apparel,upi,301.89,20,5,signed_confirmation,True,0.707,0.582,0,182,0.6926,True
132f8a59-5d41-41fc-a313-671aa78f51bd,subscription_not_cancelled,groceries,card,338.21,6,12,signed_confirmation,False,0.343,0.724,1,554,0.6293,True
dbcff193-5d70-4898-93b4-d33394143dce,item_not_received,apparel,card,1049.33,8,12,signed_confirmation,True,0.234,0.332,0,114,0.848,True
271528ff-7d32-4b5d-860f-6fff5b2e1fa1,fraud_card_not_present,electronics,card,759.0,18,2,signed_confirmation,True,0.409,0.727,0,121,0.3985,True
734e369a-8b00-40a2-939b-228b4fa38a38,duplicate_charge,beauty,wallet,1629.68,3,16,signed_confirmation,False,0.163,0.698,0,14,0.1847,False
f00d7596-8379-4a8b-bd0c-a9ea9c7d5776,not_as_described,apparel,card,1887.14,1,17,signed_confirmation,False,0.252,0.666,0,116,0.5171,True
092117db-dda4-4af5-a857-b3257a47cac7,not_as_described,digital_goods,upi,1983.43,8,21,signed_confirmation,False,0.833,0.542,0,248,0.5605,False
a3c59797-0ef2-4632-af5a-11f9660244ed,duplicate_charge,apparel,card,783.93,12,19,delivered_no_signature,False,0.106,0.762,1,175,0.4109,True
5675c24c-887d-40c4-89c1-5f8dfe3ade4e,item_not_received,digital_goods,card,1003.01,1,12,delivered_no_signature,False,0.111,0.681,0,432,0.6042,True
bb71453e-0a87-443e-97b8-97b355bd250b,item_not_received,home_goods,wallet,1854.68,6,13,in_transit,True,0.731,0.826,0,971,0.3654,False
d01c6824-78c1-404d-bd7f-92249c1b61a4,item_not_received,groceries,card,148.73,4,12,signed_confirmation,False,0.28,0.727,1,70,0.8046,True
96f8b977-34e3-4d6f-b9ea-6e8c41bc2b15,item_not_received,groceries,wallet,184.7,16,15,signed_confirmation,True,0.394,0.636,0,1291,0.7336,True
a0d479c8-f805-49d1-9e48-f370daebe0cf,item_not_received,beauty,upi,855.09,9,13,signed_confirmation,False,0.326,0.695,1,1129,0.9748,True
fb420c77-d6d0-42b7-be81-d326b65c67dc,not_as_described,digital_goods,upi,505.4,11,20,signed_confirmation,True,0.494,0.216,1,793,0.5502,True
c93c091b-6bae-4ef5-b097-d50f1df4d196,not_as_described,digital_goods,card,1389.14,14,17,delivered_no_signature,False,0.702,0.729,1,137,0.6484,False
e7ef1372-964e-4988-a192-5934a1fb8be0,fraud_card_not_present,digital_goods,upi,1115.72,2,20,delivered_no_signature,False,0.73,0.465,0,361,0.6338,True
db6d560f-8bda-4f5c-b000-6c5bb0e2a91c,duplicate_charge,beauty,card,1933.7,2,5,signed_confirmation,False,0.813,0.757,0,26,0.9663,True
fb5354e5-049f-4a57-b402-2c1c840e2fe4,subscription_not_cancelled,apparel,upi,928.32,1,10,in_transit,False,0.368,0.816,2,41,0.3551,False
ff347759-5b97-4750-8a25-b293a411a987,duplicate_charge,groceries,wallet,533.34,22,11,in_transit,False,0.377,0.778,1,74,0.5169,True
7359e5b0-b544-480b-9044-a38ab1093ef6,fraud_card_not_present,digital_goods,upi,388.81,15,20,signed_confirmation,True,0.825,0.87,3,85,0.5804,False
b7b297c5-a737-4f16-aae4-5b6593f243a7,duplicate_charge,home_goods,netbanking,2852.19,19,14,signed_confirmation,False,0.29,0.509,1,381,0.6334,True
1fd5a25a-bd15-47c1-948f-7e60c8b89052,item_not_received,beauty,netbanking,1665.94,42,16,signed_confirmation,True,0.152,0.336,0,1132,0.8341,True
a8e06b0b-5c62-42f5-bb3a-fa1e1b362700,not_as_described,electronics,card,806.26,4,5,delivered_no_signature,False,0.237,0.72,1,2732,0.5612,False
1ba703ce-8393-4d4c-8a33-8fbaf3710bc4,item_not_received,groceries,upi,776.11,5,21,signed_confirmation,True,0.687,0.676,1,1098,0.9091,True
432c2852-eb67-4168-8d20-e65e42cbbab4,fraud_card_not_present,digital_goods,upi,382.41,16,11,signed_confirmation,False,0.502,0.527,0,90,0.3571,True
60c6089a-a0fc-450b-9d1c-233e0c026d1c,subscription_not_cancelled,beauty,card,616.44,22,18,signed_confirmation,False,0.776,0.635,1,6,0.2945,False
93e8a8ee-10c3-4e9a-a83a-4b2df4d7bb79,fraud_card_not_present,groceries,card,545.69,3,2,in_transit,False,0.803,0.037,0,18,0.7991,False
4e7311df-8889-4868-b85a-3f8c0ba64724,duplicate_charge,groceries,upi,204.12,2,15,signed_confirmation,True,0.546,0.58,0,252,0.7645,True
504241e4-6207-45d9-b0c4-149d06778322,item_not_received,beauty,upi,181.11,26,21,signed_confirmation,True,0.926,0.919,1,1602,0.7144,True
e4e86405-bc29-4699-81c1-f5a45add3568,duplicate_charge,beauty,card,877.26,2,9,in_transit,True,0.577,0.843,1,34,0.5994,False
5e451d87-63e4-42f8-b77d-eae5759b07b4,not_as_described,apparel,upi,1404.47,6,19,signed_confirmation,False,0.908,0.527,2,1497,0.5485,True
a5e45e42-a1cb-4940-ac89-3ac76be9a99c,fraud_card_not_present,apparel,card,360.28,13,16,in_transit,False,0.693,0.913,0,101,0.5769,False
b8a08758-faf7-42eb-92af-b6e62b673d1a,fraud_card_not_present,beauty,wallet,1080.75,16,21,signed_confirmation,True,0.163,0.61,2,844,0.3203,False
1200e85a-a5ea-42d5-8a03-377c39abec8c,duplicate_charge,digital_goods,upi,549.86,15,10,signed_confirmation,True,0.666,0.763,1,1039,0.8469,True
65b984f2-ba13-4029-9c95-80b0638a858d,not_as_described,home_goods,upi,1052.82,3,1,signed_confirmation,False,0.529,0.292,0,1201,0.1749,True
9e9c968b-34f9-490f-bbe9-e42fe0703a3a,fraud_card_not_present,digital_goods,card,1063.2,10,19,signed_confirmation,False,0.297,0.666,1,94,0.2791,False
4ebd16ec-718c-433c-9c97-1af601c4ce91,fraud_card_not_present,digital_goods,wallet,596.23,11,4,delivered_no_signature,True,0.561,0.518,3,112,0.8409,True
634b9354-6d4f-4376-9238-4fba4a53f3c9,fraud_card_not_present,home_goods,card,2738.06,8,7,signed_confirmation,False,0.359,0.814,1,653,0.7351,True
3d4192b3-9930-433e-ad25-c0dd780b01eb,subscription_not_cancelled,electronics,card,935.3,6,16,not_shipped,False,0.793,0.339,0,22,0.6912,True
9bc18645-8f34-49ee-9f88-a74ed68a2f20,fraud_card_not_present,beauty,card,1236.91,4,10,in_transit,False,0.412,0.821,3,743,0.6458,False
904cafc2-5ad5-4ea0-bb00-1db9f2cfb333,fraud_card_not_present,electronics,upi,867.02,32,18,signed_confirmation,True,0.413,0.718,0,488,0.6018,True
ebb3765f-d40b-4a3d-8573-6e5b32be3250,item_not_received,electronics,upi,422.14,5,20,signed_confirmation,False,0.524,0.751,1,2124,0.8786,True
6dafdd98-25a1-4999-8b9a-a9c522e126c8,item_not_received,apparel,card,630.15,2,2,in_transit,True,0.429,0.532,1,113,0.189,True
2bf52286-65c5-44c7-bdba-14dc9a45ae04,fraud_card_not_present,digital_goods,upi,435.98,11,2,in_transit,True,0.551,0.365,0,539,0.5708,False
12812ef0-d77a-4953-9cf5-a520b51b48b0,item_not_received,groceries,upi,1056.7,1,18,signed_confirmation,True,0.623,0.763,0,991,0.8944,True
244b6e27-4351-49a9-a8b8-4ef806140885,not_as_described,beauty,card,1003.78,4,1,delivered_no_signature,False,0.565,0.8,0,322,0.4214,False
00aa0763-307e-4e15-a5e4-ccd31a543972,fraud_card_not_present,apparel,upi,363.93,20,14,delivered_no_signature,False,0.757,0.827,0,15,0.4535,True
a799db6c-1a28-4efd-a2c7-d4ffcd8681a9,item_not_received,apparel,card,1091.11,15,12,not_shipped,False,0.38,0.491,0,504,0.1257,True
cd6a88d7-c51f-4501-a334-a6cd88b3cc7b,not_as_described,apparel,card,323.53,8,15,not_shipped,False,0.428,0.911,1,784,0.7442,True
33a02542-aa7d-42e5-beda-738899ea09bf,not_as_described,beauty,netbanking,1846.17,1,11,signed_confirmation,True,0.825,0.526,0,8,0.678,False
9d10ca93-ef7b-4564-9601-b1deabecfe9e,item_not_received,digital_goods,card,730.5,12,18,not_shipped,True,0.474,0.822,0,72,0.0821,False
3c3a199a-1500-4670-a365-d225e9e7fbc0,not_as_described,apparel,card,2663.72,12,8,signed_confirmation,True,0.599,0.909,0,11,0.677,True
b12affd3-5bb3-4547-9925-9fb5f0ecf580,not_as_described,digital_goods,upi,1444.4,2,16,in_transit,False,0.941,0.614,0,164,0.7681,True
0c31a55e-7cf9-49ae-9465-c1d838e7f514,not_as_described,electronics,card,4519.1,6,5,signed_confirmation,True,0.635,0.914,0,339,0.8714,False
e23d2b28-7c4d-47aa-bc83-fd0e4c4b052e,item_not_received,groceries,netbanking,804.98,10,13,delivered_no_signature,False,0.332,0.672,1,263,0.6506,True
e723c467-420b-4f81-a89d-e08d3e65f058,item_not_received,beauty,card,166.82,2,15,signed_confirmation,False,0.769,0.617,0,44,0.5293,True
e0c5c240-8932-4b5f-ba96-5431262cfbbc,item_not_received,beauty,card,3284.39,5,21,signed_confirmation,True,0.882,0.836,2,29,0.8448,True
b64bfea8-2339-41f8-8014-43e52fb11d97,duplicate_charge,apparel,upi,2739.4,25,18,signed_confirmation,True,0.546,0.779,1,94,0.5945,True
6a450556-0b0b-4ff3-8afd-32ce38f2531e,item_not_received,home_goods,card,548.25,16,3,signed_confirmation,True,0.707,0.486,1,1226,0.6789,True
c8758ba9-5c66-42cf-9718-4ec5f6f1767f,duplicate_charge,groceries,card,512.8,8,16,in_transit,False,0.641,0.872,1,13,0.5884,True
e6221a1d-63fb-47cb-874c-497bc2c50dc9,not_as_described,electronics,card,341.34,23,8,not_shipped,False,0.243,0.667,0,111,0.8612,True
f04d7663-29a2-460c-851e-1f7c2e1509e1,duplicate_charge,home_goods,upi,534.22,2,20,signed_confirmation,False,0.788,0.668,1,187,0.7044,True
2a7d2a52-d542-4ba2-b29b-0188545658d1,fraud_card_not_present,home_goods,upi,383.77,29,11,signed_confirmation,True,0.32,0.562,0,827,0.6149,True
310ca3a8-a477-48a0-8371-d44e5881fda3,fraud_card_not_present,groceries,card,591.18,11,20,delivered_no_signature,True,0.837,0.529,1,548,0.5323,True
4a1cbba9-2a7a-4df5-932c-a7a86fa86ad8,subscription_not_cancelled,groceries,card,604.22,3,20,signed_confirmation,True,0.415,0.799,1,263,0.9067,True
4d50ee0d-d2f3-4e06-b7da-5ad79febb6e7,item_not_received,beauty,card,1829.34,3,14,signed_confirmation,False,0.759,0.703,0,115,0.7357,True
dac9cf1f-f0c2-4e80-b12f-21a9f1a531fa,item_not_received,apparel,upi,2724.48,4,21,signed_confirmation,True,0.806,0.955,0,229,0.7635,True
809910b6-592b-4a09-8e90-3cbb3edeb14b,item_not_received,digital_goods,card,1236.6,7,14,not_shipped,True,0.279,0.773,3,235,0.0938,False
b5cd482c-b6b6-4a46-8c6e-02afab5a0a39,item_not_received,electronics,card,3225.08,9,14,signed_confirmation,True,0.233,0.849,1,640,0.9815,True
efc81c8d-ccc4-4e09-b876-c767771e428d,fraud_card_not_present,groceries,card,1882.89,5,13,signed_confirmation,False,0.522,0.814,0,9,0.7227,False
93a6a746-0821-497d-b8d0-41c216d9f16d,fraud_card_not_present,beauty,wallet,758.12,13,12,signed_confirmation,False,0.708,0.652,0,92,0.8602,True
d64f1c60-0ad7-4433-bf6d-6f717c80c4b0,item_not_received,beauty,card,732.91,5,4,signed_confirmation,True,0.648,0.417,2,5,0.9012,True
7d899858-f37d-4897-8cd4-923558e860a7,subscription_not_cancelled,electronics,upi,161.22,25,12,signed_confirmation,False,0.349,0.232,1,49,0.5527,False
ada34a84-d7be-4883-a90f-0ea9958bdb10,subscription_not_cancelled,groceries,card,3246.71,10,6,delivered_no_signature,False,0.649,0.878,0,1068,0.6379,True
94d81b5d-9696-4756-8af0-63eeae761a31,item_not_received,apparel,upi,161.25,6,7,in_transit,True,0.744,0.557,0,294,0.1772,False
3bd72e2c-7700-4c66-bff6-1fa93d62d6cd,item_not_received,apparel,upi,1129.33,2,16,signed_confirmation,True,0.561,0.665,1,60,0.9459,True
f2f6d255-46a4-4cb6-a51c-f60b739c107e,fraud_card_not_present,groceries,upi,3144.23,46,16,delivered_no_signature,True,0.895,0.542,1,282,0.4147,True
20858a25-2a03-4c56-b090-918e5760db1c,not_as_described,groceries,upi,442.89,21,19,signed_confirmation,False,0.452,0.926,0,1314,0.5424,False
0192879c-e646-40e1-8676-dde484f53133,subscription_not_cancelled,home_goods,wallet,481.93,4,7,signed_confirmation,False,0.223,0.615,0,502,0.524,False
1e81ce85-1c86-4cb5-a72b-4223a34c2dbd,not_as_described,apparel,upi,4408.6,1,19,delivered_no_signature,False,0.211,0.62,0,680,0.6699,True
8fe23f28-2676-4448-bb92-81fce0e7c00a,fraud_card_not_present,beauty,upi,961.33,8,15,signed_confirmation,False,0.696,0.861,1,134,0.8266,True
dcce9a28-3668-4f78-9262-13bfca699375,subscription_not_cancelled,electronics,upi,665.7,10,6,delivered_no_signature,True,0.859,0.658,0,1731,0.5185,True
4b301386-ca9a-4914-baae-1902633ba880,item_not_received,electronics,card,1901.82,9,19,delivered_no_signature,False,0.87,0.766,0,586,0.8024,True
7ebe3a89-f6be-4dec-be74-0e088fb7c382,item_not_received,beauty,upi,294.67,6,16,delivered_no_signature,True,0.328,0.372,0,997,0.9213,True
c392d0c4-2c21-44d7-a08d-5804f4ca23e0,duplicate_charge,apparel,card,2608.01,52,5,delivered_no_signature,False,0.927,0.851,0,516,0.4876,True
e8aaa288-fd84-474f-91db-0cb524d87578,not_as_described,digital_goods,upi,360.32,2,9,not_shipped,True,0.72,0.527,0,981,0.4763,False
ef267641-1e24-4a32-a24c-d6d2c56b3239,duplicate_charge,beauty,card,429.54,20,5,in_transit,True,0.791,0.441,1,1362,0.6312,False
abf0bbf7-3d85-4282-99ca-753a2cce5840,not_as_described,electronics,card,582.54,19,11,signed_confirmation,False,0.32,0.746,1,12,0.4425,False
769f536a-2f18-4336-849f-37356a852a4a,duplicate_charge,beauty,card,1064.88,23,10,signed_confirmation,False,0.584,0.91,3,289,0.5321,False
858ceb3e-d15e-40c3-9d50-ccceb7849312,not_as_described,groceries,upi,433.74,6,12,delivered_no_signature,False,0.746,0.205,0,291,0.3324,False
ce9aaa39-3a07-4a11-889b-67dcf48b6629,item_not_received,electronics,upi,585.97,15,1,delivered_no_signature,True,0.364,0.506,2,161,0.5256,True
82cae7ac-4b4b-4af1-a228-37508c6552cb,fraud_card_not_present,apparel,card,124.58,11,21,in_transit,False,0.297,0.614,1,340,0.4296,False
fd099331-a375-44c9-bfcf-574887c8a643,subscription_not_cancelled,electronics,wallet,253.66,9,7,delivered_no_signature,True,0.933,0.677,1,48,0.6429,True
364b57c5-2dbe-4f99-9380-de91777714a7,fraud_card_not_present,apparel,card,1851.8,20,12,signed_confirmation,False,0.269,0.58,0,145,0.3294,False
3c659ed8-9fb6-4ca4-b6e0-9e193fd0c790,fraud_card_not_present,groceries,upi,2435.2,2,9,delivered_no_signature,False,0.565,0.656,0,1401,0.6072,True
d828b1de-81a0-4fa2-b1c4-8042a7c2c9f9,item_not_received,apparel,upi,427.48,2,21,signed_confirmation,True,0.65,0.192,1,41,0.7365,True
2b8b5643-0077-46e3-80bc-96a1f6bbb9bc,fraud_card_not_present,digital_goods,wallet,969.47,14,12,not_shipped,False,0.107,0.785,0,619,0.1828,False
c850ec60-c43c-4f74-8769-ef4bd79f0105,duplicate_charge,beauty,card,618.04,3,11,delivered_no_signature,True,0.617,0.491,0,1075,0.806,True
bb62a2b9-e7da-4ccc-bdc9-1aae18ffbe99,duplicate_charge,groceries,upi,698.03,2,21,signed_confirmation,False,0.431,0.562,0,265,0.5141,False
6108f7eb-c487-4bf1-8dab-594ebf903107,item_not_received,home_goods,upi,4058.82,1,15,signed_confirmation,True,0.725,0.935,0,778,0.5294,True
ff067c0d-d9f5-471e-ae38-c78140138488,item_not_received,home_goods,upi,1958.21,5,10,signed_confirmation,False,0.93,0.243,0,140,0.7241,True
57970b8a-6007-4e62-952a-304b81829ebe,duplicate_charge,apparel,upi,1266.1,4,19,in_transit,True,0.676,0.192,1,111,0.9034,True
4ffa33c1-e8e1-4faf-9ac1-92fb0d91cfa9,item_not_received,digital_goods,netbanking,870.43,1,2,in_transit,False,0.519,0.506,0,1330,0.3726,True
395e37c4-f073-4fcb-bf32-19c85e00a18e,not_as_described,electronics,card,2464.61,6,5,signed_confirmation,False,0.281,0.308,0,689,0.5742,True
2e786142-9871-4702-8e87-a5d20a73b83b,item_not_received,beauty,wallet,1496.54,17,4,delivered_no_signature,True,0.556,0.484,0,135,0.9259,True
35687be1-ac68-45cc-8023-a6d046fe562a,not_as_described,groceries,card,327.11,3,21,in_transit,False,0.501,0.883,3,190,0.8805,True
f89a05c9-4a59-4615-919a-12257a2e3c5a,item_not_received,home_goods,wallet,739.17,22,14,signed_confirmation,False,0.779,0.349,0,612,0.931,True
1b7d6192-10e3-47a3-9ed9-aaf2944e8128,duplicate_charge,digital_goods,netbanking,2216.0,2,10,in_transit,True,0.146,0.47,1,326,0.6647,True
44c50119-ea48-4a90-a044-3c62f5906c8c,not_as_described,beauty,card,603.46,8,15,delivered_no_signature,True,0.525,0.345,1,734,0.7463,True
072b318c-4bd2-440a-a18b-baade4ed2e79,duplicate_charge,beauty,card,641.67,5,5,signed_confirmation,True,0.668,0.711,0,517,0.7765,True
7f8bc962-df19-4fcd-8a4c-731e852c5885,fraud_card_not_present,groceries,card,2222.22,14,8,in_transit,True,0.635,0.821,0,252,0.4249,True
214357bd-cd90-4167-8ba5-d856c58145a0,item_not_received,home_goods,card,727.08,22,10,not_shipped,False,0.289,0.385,0,211,0.191,False
abc2b5f5-5db3-4f10-bcbd-61f74d307ffa,fraud_card_not_present,home_goods,card,857.39,3,9,in_transit,False,0.319,0.315,0,637,0.1323,False
4765b102-4ce9-4c0a-a861-7c0e0261a5cf,item_not_received,electronics,card,2351.75,17,15,signed_confirmation,False,0.96,0.662,0,717,0.8737,True
8f84fa4b-56f1-4387-96d1-0ddf7cb4e1b2,item_not_received,digital_goods,upi,1575.96,3,15,delivered_no_signature,False,0.26,0.535,0,273,0.6351,False
0549f73f-b97d-44f5-bc76-ede40f731d03,item_not_received,groceries,card,604.05,2,4,signed_confirmation,True,0.526,0.517,0,192,0.9337,True
6567f8eb-01b8-4be1-b6db-a3f362a2b450,item_not_received,beauty,upi,1275.29,6,10,delivered_no_signature,True,0.311,0.883,0,43,0.8271,False
4a63464b-5b35-4945-8f7e-2bcf1d29e71b,not_as_described,home_goods,upi,514.83,11,19,not_shipped,False,0.712,0.553,0,1385,0.3988,False
69ead2bb-85cd-47d4-ad24-e6117f297b08,item_not_received,apparel,upi,118.06,8,18,delivered_no_signature,False,0.368,0.536,1,31,0.2392,False
66f22f76-8604-4e26-b1bf-315b9c6d6af4,fraud_card_not_present,electronics,upi,983.55,6,11,signed_confirmation,False,0.558,0.653,1,164,0.4404,False
3edec092-e44d-4786-be24-b4a87cb7e7b4,fraud_card_not_present,digital_goods,card,665.13,19,8,delivered_no_signature,False,0.455,0.347,0,1286,0.4101,False
7924480f-61f6-4a1c-b550-182f76d0a4ea,fraud_card_not_present,beauty,upi,8501.85,16,21,delivered_no_signature,True,0.322,0.838,2,142,0.1749,False
2fffeb0e-4c4a-4627-860c-f3bb6a3a3cf8,item_not_received,digital_goods,card,7866.29,22,6,signed_confirmation,True,0.775,0.716,0,27,0.8034,False
4905af93-01cf-4180-b60d-483c2235d7db,not_as_described,beauty,upi,301.0,6,9,delivered_no_signature,True,0.496,0.882,2,17,0.7628,True
7fcc35a2-8799-432f-bb42-851d2c94bf95,not_as_described,electronics,card,1390.13,13,15,signed_confirmation,True,0.231,0.481,0,124,0.6085,True
142df18a-f624-4490-bdcf-e81e95589415,item_not_received,groceries,card,1939.04,1,15,delivered_no_signature,False,0.828,0.751,0,932,0.5993,True
fecc532d-6214-4597-aa05-d6cbc5f5b9ed,subscription_not_cancelled,electronics,card,230.04,5,7,signed_confirmation,True,0.646,0.305,0,66,0.721,False
c7fab6b4-06cc-4002-980d-e31526059c68,item_not_received,beauty,card,813.09,12,3,signed_confirmation,False,0.282,0.637,0,24,0.7689,True
2ac45ea5-08ca-4674-aec9-9a352c7d2fa4,not_as_described,groceries,card,235.75,14,11,signed_confirmation,True,0.354,0.782,2,45,0.4753,True
3cb1a2fc-979b-45d7-a973-ca422e0550c1,fraud_card_not_present,home_goods,card,283.39,16,19,not_shipped,True,0.788,0.827,0,884,0.7524,True
c08590bb-faea-4965-9ae8-d50e0802127c,not_as_described,electronics,card,465.53,7,15,not_shipped,True,0.608,0.423,0,755,0.2472,False
7ba896aa-3a7d-49ea-b22b-52e02d1a9d71,fraud_card_not_present,electronics,card,1514.63,10,17,delivered_no_signature,False,0.843,0.829,0,163,0.5375,True
72a01520-80ae-4cbf-9a1f-47adb4c0221c,item_not_received,home_goods,wallet,2403.37,8,14,signed_confirmation,True,0.739,0.805,1,310,0.9624,True
96c68a1d-664d-47ca-9cda-d0c7508ccb19,item_not_received,digital_goods,upi,192.69,10,21,delivered_no_signature,False,0.227,0.793,0,277,0.2979,False
443e9c11-9a05-4353-8ea0-f934af5141db,not_as_described,groceries,wallet,1449.65,6,10,delivered_no_signature,True,0.169,0.788,0,750,0.5051,True
a4d0b584-7e67-49eb-b73d-54066bac0b40,duplicate_charge,electronics,card,453.32,25,2,delivered_no_signature,False,0.427,0.549,1,224,0.3558,False
06abca31-c347-4e5b-98fa-39dd784fb93f,not_as_described,digital_goods,wallet,924.73,9,6,signed_confirmation,True,0.246,0.817,0,905,0.9672,True
cf6a33f4-64b7-400d-9a76-98f4869a2e2d,fraud_card_not_present,apparel,card,447.33,17,10,in_transit,False,0.844,0.611,1,6,0.6475,True
47426eab-7afa-4562-8418-fbd1a19f2232,item_not_received,home_goods,upi,1432.36,1,14,signed_confirmation,False,0.22,0.846,1,26,0.9302,False
8f4359f6-3095-453d-ae9b-919dfe14a9ad,fraud_card_not_present,home_goods,upi,583.09,2,15,signed_confirmation,True,0.269,0.71,1,531,0.2005,False
94669e49-2bfb-4dd9-89a5-13f1eb8e59ee,item_not_received,home_goods,card,454.39,2,8,not_shipped,True,0.186,0.305,1,69,0.223,False
bf328610-7031-4220-8248-7415487dd5a6,item_not_received,apparel,card,1890.83,13,15,delivered_no_signature,False,0.33,0.552,1,745,0.6017,False
1fd11e82-6411-42b8-8add-e2ad49d7fd3f,item_not_received,apparel,card,510.42,3,15,delivered_no_signature,False,0.467,0.798,0,51,0.9389,True
ad660715-006b-44ac-a3ec-51684e0fa94a,fraud_card_not_present,beauty,netbanking,3566.96,40,20,in_transit,True,0.733,0.526,0,613,0.7093,True
4e68375d-895a-436a-8461-7a4189ef5b43,not_as_described,home_goods,wallet,83.52,9,1,delivered_no_signature,False,0.178,0.942,0,473,0.7103,False
e79953dc-1eeb-486d-b41a-1d01179a9024,duplicate_charge,home_goods,upi,1419.31,2,9,not_shipped,True,0.425,0.879,1,79,0.8668,True
09a2ffcb-c493-4402-b091-7492042bb1ed,item_not_received,apparel,card,900.68,19,9,in_transit,False,0.097,0.745,0,538,0.249,True
e8d4168a-fb75-404d-a355-e02e090f887e,fraud_card_not_present,home_goods,netbanking,730.92,5,17,signed_confirmation,False,0.733,0.295,0,292,0.745,True
6864f264-a662-40d1-ad37-282d38529f99,fraud_card_not_present,home_goods,upi,1890.36,8,6,delivered_no_signature,True,0.451,0.163,0,113,0.5478,False
9b085755-59c2-48d1-9bae-aad7a902f87f,duplicate_charge,digital_goods,upi,2497.86,4,20,delivered_no_signature,False,0.06,0.824,2,324,0.8944,True
9c07ebae-ad83-49fe-bf53-3c450c4d618c,item_not_received,beauty,upi,2398.05,5,9,delivered_no_signature,False,0.166,0.664,2,190,0.6287,True
33453212-7a80-488d-95ee-4dd30e423767,not_as_described,beauty,upi,3398.76,6,18,not_shipped,False,0.334,0.435,0,117,0.2459,False
0b9d1931-2fbd-4a61-95d8-64f479ba9f8d,not_as_described,home_goods,card,678.64,10,19,delivered_no_signature,False,0.537,0.833,0,31,0.7452,False
e9c44317-f4c2-4d74-b423-c2ee99b7956b,fraud_card_not_present,apparel,upi,954.07,9,10,signed_confirmation,False,0.374,0.567,1,476,0.703,True
d315bdf4-c938-4a11-a844-761e4b0f09ee,fraud_card_not_present,electronics,upi,4626.87,27,10,signed_confirmation,False,0.573,0.636,1,792,0.6662,False
70778bcb-dfbf-4b04-a30c-13371eba3f45,item_not_received,digital_goods,upi,6151.26,26,21,signed_confirmation,False,0.811,0.784,0,1883,0.7687,True
3e9ce7cd-5868-4469-b381-1590ddf563c2,item_not_received,digital_goods,upi,207.31,9,19,signed_confirmation,False,0.251,0.546,1,1023,0.7314,False
6a756daf-2647-4994-bc64-042c3f5e09b7,not_as_described,beauty,card,452.88,2,12,delivered_no_signature,False,0.777,0.875,1,331,0.7074,True
b75b6867-2957-4ac3-9113-c18c2822fc2f,fraud_card_not_present,electronics,upi,424.57,5,9,signed_confirmation,False,0.816,0.354,1,1033,0.6946,True
044f0ff5-b03c-402d-a073-d68a92cec78f,fraud_card_not_present,home_goods,card,631.76,7,5,not_shipped,False,0.046,0.203,0,89,0.2445,False
064d3b40-adf4-42c3-a983-78060df15a47,fraud_card_not_present,apparel,card,345.39,6,9,in_transit,False,0.907,0.762,0,119,0.2664,False
8cbf4e58-48de-4c28-a655-7da80009cd65,item_not_received,apparel,card,1321.11,2,5,signed_confirmation,True,0.473,0.632,0,299,0.7994,True
75ac684c-8594-49d7-a795-9cfdccae1d6b,fraud_card_not_present,groceries,card,1031.16,7,12,signed_confirmation,True,0.493,0.587,1,240,0.2655,False
33447d43-191b-4b9a-a8f9-6dfa2273ef41,fraud_card_not_present,beauty,upi,829.72,7,14,signed_confirmation,False,0.348,0.723,0,407,0.1566,False
1c4fd7c9-f3cc-415f-a426-f2762c0655fb,subscription_not_cancelled,groceries,upi,1720.4,4,21,delivered_no_signature,False,0.419,0.322,0,87,0.2187,False
50975dff-5080-4c30-adfe-3df2303aa95a,item_not_received,groceries,wallet,3736.51,10,19,delivered_no_signature,False,0.458,0.433,1,79,0.8631,True
3a23e332-f967-48ce-810a-e98bd65de86c,subscription_not_cancelled,electronics,upi,436.11,8,19,in_transit,False,0.149,0.732,1,188,0.8762,True
e4519bae-3cf5-4799-8fad-ae0b845c7d61,not_as_described,groceries,netbanking,842.74,11,19,delivered_no_signature,False,0.293,0.875,0,748,0.5097,True
23cba4e8-3583-427a-ba31-062e56c18dfe,fraud_card_not_present,digital_goods,upi,263.64,7,15,signed_confirmation,True,0.177,0.783,0,146,0.3517,True
2a54093e-e015-42da-9eb3-ac91a0be9934,fraud_card_not_present,groceries,card,1885.02,7,10,signed_confirmation,True,0.78,0.73,1,303,0.5571,True
05944bb5-7b6b-43e2-a1c3-70cf554f1a19,not_as_described,apparel,card,8266.6,2,13,in_transit,False,0.486,0.567,1,690,0.542,True
1f34c7c9-f3d1-405a-ba9f-df181c8c5be0,not_as_described,groceries,card,116.31,3,3,signed_confirmation,True,0.166,0.676,0,178,0.5502,False
02d167b6-3dda-4c71-b4e5-748f81a50334,fraud_card_not_present,apparel,card,1115.65,15,3,delivered_no_signature,True,0.124,0.433,1,554,0.3318,False
1b69260a-abd7-4756-83f6-2783a957e99e,duplicate_charge,electronics,wallet,2021.82,16,13,delivered_no_signature,True,0.514,0.632,2,148,0.7534,True
0d0f1692-73d6-496c-9d6b-3d480608c51f,subscription_not_cancelled,beauty,upi,3302.23,1,16,not_shipped,False,0.197,0.723,0,94,0.5397,False
72501616-3335-413f-999c-3ba45fdd30eb,not_as_described,apparel,wallet,334.67,4,2,signed_confirmation,False,0.451,0.499,1,204,0.6804,True
dbce8254-3599-4ef8-934b-7cd814e075e2,item_not_received,beauty,upi,985.3,1,9,signed_confirmation,True,0.209,0.607,1,441,0.9358,True
8be2da00-25e2-4803-a8f4-d9eac8a9446a,subscription_not_cancelled,electronics,card,1894.85,2,15,signed_confirmation,False,0.382,0.27,1,148,0.6797,True
901108b7-4d18-4959-90f1-d0a25cde996d,fraud_card_not_present,home_goods,card,1116.64,10,6,signed_confirmation,True,0.465,0.308,0,2449,0.6698,True
d8bb3dfb-bb6a-4031-a721-1229fe6d8bf1,duplicate_charge,electronics,upi,6215.38,6,4,signed_confirmation,True,0.839,0.738,0,1036,0.885,True
0e9d5050-4d2a-43dd-96d2-35dfcae0700c,duplicate_charge,groceries,upi,669.43,86,15,signed_confirmation,False,0.418,0.417,1,845,0.3919,False
c905846d-31d0-43f9-b5f8-042def477329,not_as_described,apparel,upi,4575.88,26,20,in_transit,False,0.566,0.64,0,1502,0.7847,True
a897d113-ccfe-44b4-9038-1d8b4d856114,not_as_described,groceries,card,576.02,12,17,signed_confirmation,False,0.828,0.876,1,596,0.6657,True
5b649ae6-c125-4d36-80b5-65d39dd49772,item_not_received,apparel,upi,5967.53,26,16,not_shipped,True,0.742,0.391,1,46,0.342,False
9be11325-517e-44ef-b2ce-fae773c319f9,item_not_received,apparel,card,2530.92,2,21,in_transit,False,0.283,0.787,0,262,0.4422,False
cf3ed166-c260-429a-8317-99c3f0240a64,duplicate_charge,beauty,card,872.55,1,8,not_shipped,False,0.54,0.865,1,45,0.5443,False
f1007946-45dc-4c2c-9cf4-c705c42e8341,not_as_described,beauty,card,129.36,1,13,signed_confirmation,False,0.552,0.672,1,704,0.7621,True
61de9028-7833-49cb-ae5c-1518b6853fa7,fraud_card_not_present,electronics,upi,1518.54,2,16,delivered_no_signature,False,0.514,0.617,1,73,0.161,False
524b0604-b849-4ba3-81f1-e4a22b527191,item_not_received,apparel,upi,1888.87,8,12,delivered_no_signature,False,0.906,0.552,0,313,0.7346,False
4bb2faa1-3de6-441c-bc90-f7a7f4344690,subscription_not_cancelled,home_goods,card,1174.82,8,20,signed_confirmation,False,0.505,0.799,0,41,0.3488,False
b7bf9a3a-960d-41e1-9758-30d08f954a9e,item_not_received,digital_goods,card,2897.96,13,21,delivered_no_signature,False,0.956,0.726,0,873,0.3489,False
0bdb9964-2151-44dc-865d-fa1da84308a6,item_not_received,home_goods,card,804.28,11,5,not_shipped,True,0.72,0.827,0,97,0.1497,False
fecb1d70-5649-4e0a-b5ce-016e11076ae8,fraud_card_not_present,groceries,upi,1623.96,12,4,signed_confirmation,True,0.41,0.4,0,1006,0.6395,False
7aaa13dc-2e42-4101-8ff4-456c7e6ea5ab,item_not_received,groceries,netbanking,410.65,2,13,in_transit,True,0.61,0.765,1,603,0.4587,True
9f20005c-3c88-493d-8063-5701a6eb2719,not_as_described,digital_goods,netbanking,3003.66,1,17,signed_confirmation,True,0.856,0.444,0,822,0.2234,False
db76d27c-bc30-4824-b712-6bc9ce5a7d5e,duplicate_charge,digital_goods,card,112.87,1,8,not_shipped,False,0.146,0.239,1,137,0.1489,False
1da1b393-af63-4056-bb77-4bc6009822a8,fraud_card_not_present,apparel,card,466.67,2,19,signed_confirmation,True,0.662,0.602,1,303,0.544,False
0c034f81-ded6-4335-a301-95b8b2401602,fraud_card_not_present,beauty,upi,654.91,4,10,not_shipped,False,0.405,0.417,1,285,0.2462,False
02fa2efe-c631-47e9-b6ed-bfafa277514b,not_as_described,groceries,upi,1048.88,5,19,in_transit,False,0.503,0.655,1,30,0.4683,False
48f0b2c7-65ea-4db8-8013-05aaadf6aa3e,duplicate_charge,electronics,card,1066.26,2,11,delivered_no_signature,False,0.295,0.678,0,605,0.7525,False
d470dded-99bf-4e42-bf4d-f46337ab8037,not_as_described,apparel,netbanking,761.08,5,4,signed_confirmation,False,0.39,0.528,1,205,0.3758,False
bedbfc47-f6c8-47af-a25a-c51d40c781ca,fraud_card_not_present,home_goods,upi,613.1,4,10,not_shipped,False,0.677,0.66,0,125,0.3833,True
4ee71f73-32cb-4025-aeab-b0b1d4a03f7a,duplicate_charge,beauty,card,841.59,24,21,delivered_no_signature,False,0.242,0.337,0,350,0.2156,False
dab17e7a-69b9-4b41-8ef8-3f63ee099c93,item_not_received,electronics,wallet,1635.78,16,18,not_shipped,True,0.726,0.895,0,406,0.1033,False
d70ce2ec-a6ea-4983-8623-4cbbc07a4aac,fraud_card_not_present,home_goods,card,1570.46,2,16,delivered_no_signature,True,0.835,0.516,0,915,0.9148,True
73d59db8-cbc6-46d9-b802-bff4b68d1d5c,duplicate_charge,digital_goods,card,798.28,8,6,signed_confirmation,True,0.599,0.318,0,158,0.6021,True
76b506e7-0848-45e7-963e-35bad9cb55e1,item_not_received,electronics,card,2511.09,7,19,signed_confirmation,True,0.372,0.68,0,273,0.9697,True
41620cb2-ea30-4d20-890f-25458f71157a,item_not_received,digital_goods,card,313.45,3,1,signed_confirmation,False,0.698,0.605,2,364,0.8562,True
f6f5fdc1-8844-415e-ae99-3c9e446bd04c,duplicate_charge,groceries,card,512.89,8,4,delivered_no_signature,False,0.731,0.369,1,25,0.4826,True
9480c571-cfe9-4f85-95dd-03b19e654972,not_as_described,groceries,netbanking,442.08,20,8,delivered_no_signature,True,0.712,0.574,0,708,0.4838,True
2627bd04-ebb3-4399-81e2-c820959b2217,not_as_described,home_goods,wallet,1707.7,9,21,signed_confirmation,True,0.877,0.598,1,203,0.2833,False
aa5e93ee-32c8-47dd-81e7-77677d40ae8a,duplicate_charge,beauty,card,2091.25,2,4,not_shipped,True,0.624,0.513,1,94,0.598,True
3bee38f0-b8ac-4dcc-a0e8-34987ae83d04,not_as_described,groceries,wallet,2802.98,14,19,signed_confirmation,True,0.503,0.797,0,67,0.8341,True
02fd60ce-fad2-468a-982c-382a803cbdc6,duplicate_charge,beauty,upi,1061.45,12,4,delivered_no_signature,True,0.879,0.664,0,654,0.7378,False
aa28298c-f534-445c-924c-564e6006974c,subscription_not_cancelled,digital_goods,upi,547.14,3,2,signed_confirmation,False,0.332,0.566,0,175,0.6325,False
80aa01aa-87e1-40da-a291-275903d5a87c,duplicate_charge,electronics,upi,930.66,13,16,signed_confirmation,False,0.248,0.41,0,122,0.3054,False
51f2d575-c9fb-4812-90f9-a78f4c681491,item_not_received,electronics,card,2455.83,1,16,signed_confirmation,False,0.412,0.42,1,78,0.7517,True
281e45cb-307d-4ff4-9a01-4d456eda4a0d,item_not_received,electronics,upi,340.06,5,13,signed_confirmation,True,0.274,0.337,0,438,0.8252,False
772353c0-253f-4057-933e-dc60ed445532,item_not_received,beauty,upi,253.3,22,15,signed_confirmation,False,0.351,0.694,3,411,0.7378,True
adf3b8b8-26f7-46e6-87b5-f988d46946cb,item_not_received,digital_goods,card,308.68,2,12,delivered_no_signature,False,0.688,0.9,0,383,0.4573,False
9046d725-c1be-49a3-a5ce-9fda108887de,fraud_card_not_present,beauty,wallet,359.19,51,12,delivered_no_signature,False,0.54,0.822,1,260,0.6352,True
4419a312-6056-476a-b0e4-0d01554b9dfd,fraud_card_not_present,groceries,netbanking,567.91,19,6,signed_confirmation,False,0.583,0.645,0,58,0.7088,False
723a7642-43e8-4cb6-b84d-3b5b8d93cb98,fraud_card_not_present,groceries,upi,526.1,1,7,in_transit,False,0.454,0.561,1,190,0.7789,True
ea8fba2b-dacc-4208-8818-ca700815a983,duplicate_charge,digital_goods,card,378.64,29,2,signed_confirmation,False,0.761,0.507,1,231,0.6379,True
2e0339a2-daf2-4369-9f66-bc48ee2fcbb1,not_as_described,digital_goods,netbanking,1313.05,3,21,not_shipped,True,0.417,0.686,0,663,0.753,True
02118a7b-e77a-4bbb-aecf-de350bfc0260,fraud_card_not_present,digital_goods,card,722.39,3,21,signed_confirmation,False,0.206,0.809,0,439,0.1846,False
0a090400-d546-4eed-8b32-f8e9c9231647,item_not_received,beauty,upi,1218.83,37,15,delivered_no_signature,False,0.422,0.65,1,179,0.5398,True
915a93d2-4c55-41fc-a3c1-f70b8815da6f,not_as_described,digital_goods,upi,567.99,4,12,not_shipped,False,0.676,0.571,0,736,0.3086,False
60090daf-8694-4ebc-aed8-4075df4223a6,item_not_received,groceries,card,1106.01,3,14,signed_confirmation,True,0.297,0.241,1,819,0.959,True
52d5a6a8-8936-49f0-8531-88b46c05350b,subscription_not_cancelled,beauty,card,354.46,8,19,signed_confirmation,False,0.726,0.544,1,717,0.4597,False
2d26e65e-3dc0-4d1c-b770-95c6704d820d,not_as_described,groceries,wallet,1561.43,3,19,signed_confirmation,False,0.26,0.664,0,1365,0.4114,True
c9a2c231-a8d7-4e81-82b0-c12fe982e811,fraud_card_not_present,groceries,card,955.28,21,17,not_shipped,False,0.443,0.728,0,433,0.0608,False
18c4f5c0-6236-4832-bd30-39f148bef403,item_not_received,home_goods,upi,701.62,11,19,signed_confirmation,False,0.073,0.89,1,99,0.8984,True
a605030f-0ea5-470c-88da-420a95597309,fraud_card_not_present,digital_goods,wallet,701.34,17,3,in_transit,True,0.539,0.695,0,142,0.4423,True
4fae13cf-4c20-4145-ae6f-82581afe525d,fraud_card_not_present,electronics,upi,779.9,4,13,signed_confirmation,False,0.143,0.897,0,103,0.3738,False
fa6f8f61-ac7a-4a7f-b1ec-76ae9949da31,fraud_card_not_present,home_goods,card,2652.9,29,10,signed_confirmation,False,0.777,0.274,0,1046,0.589,False
340a13c8-ac63-4fec-8cf6-a67ce6d9c492,fraud_card_not_present,digital_goods,upi,867.06,6,8,in_transit,False,0.41,0.405,0,54,0.4682,True
1f338693-a39b-4c15-9266-7dff2b3248f4,item_not_received,beauty,wallet,1889.01,3,20,signed_confirmation,False,0.578,0.954,0,14,0.8313,True
22206643-05dd-477e-a743-df047c0f6dc4,fraud_card_not_present,groceries,netbanking,2322.15,9,18,delivered_no_signature,True,0.312,0.65,0,130,0.2944,True
56d84b11-ba01-4ea5-8ace-00905eb0beea,fraud_card_not_present,digital_goods,card,1377.95,13,3,delivered_no_signature,True,0.245,0.493,1,94,0.4961,False
21f422d3-2415-4d2a-97cd-cfeafd2d2e2f,fraud_card_not_present,beauty,netbanking,2061.42,9,3,signed_confirmation,True,0.695,0.214,2,23,0.3778,True
2a49c58e-7c6e-4e17-9448-557cb1c14e85,duplicate_charge,apparel,card,1513.44,3,9,delivered_no_signature,False,0.415,0.831,0,65,0.419,True
3b85e9d2-5d07-432c-8cab-067c0a84298e,duplicate_charge,electronics,card,1016.37,2,10,delivered_no_signature,False,0.858,0.331,0,157,0.6144,False
53a7865a-5788-48a1-9bcb-70d1c7167d10,item_not_received,electronics,card,2051.62,5,1,delivered_no_signature,True,0.394,0.453,0,1097,0.9228,True
dc41daa5-abbd-41df-b681-fa1fabdf9bf1,fraud_card_not_present,home_goods,card,886.2,2,1,signed_confirmation,True,0.215,0.429,1,57,0.4047,False
3eb3b974-c9aa-4092-894b-40a98780113a,not_as_described,apparel,wallet,591.87,1,14,delivered_no_signature,True,0.675,0.774,0,407,0.8004,True
bcc38a22-24a7-4d22-8dc6-3b1543a6cb5e,item_not_received,home_goods,card,954.57,1,10,in_transit,False,0.466,0.861,0,184,0.371,True
773ce5a8-2db0-4fff-9ce5-7ac3de3a41e5,duplicate_charge,electronics,upi,1464.96,5,20,delivered_no_signature,False,0.566,0.698,0,1335,0.2752,True
177ab34a-f629-4ce1-a4e4-3ebb2e4c5884,duplicate_charge,electronics,card,1486.2,19,11,signed_confirmation,False,0.868,0.96,4,332,0.3933,True
6eb5dcaf-94b6-4a4d-a5dc-185de72064ad,duplicate_charge,electronics,upi,759.47,35,18,not_shipped,True,0.414,0.917,0,418,0.933,True
fca261cf-f507-4dde-983b-a97b061b93ce,item_not_received,apparel,upi,5333.34,11,17,in_transit,True,0.407,0.225,0,949,0.2366,False
75e39539-35b6-495a-9012-a57ebe60f711,fraud_card_not_present,apparel,card,1379.55,22,7,signed_confirmation,False,0.455,0.35,0,210,0.7426,False
463044ba-f39e-4b1f-a0ee-f1ec5d82fee3,item_not_received,digital_goods,netbanking,798.28,1,20,in_transit,False,0.884,0.575,0,1491,0.6818,True
4e730994-32b6-4a6c-9e3b-77fdc7d5afe6,item_not_received,beauty,wallet,725.74,5,21,signed_confirmation,False,0.609,0.717,1,119,0.6099,True
1e4abcbc-3097-4b9d-bc70-50c8d6d06722,fraud_card_not_present,apparel,wallet,2446.7,18,6,signed_confirmation,False,0.416,0.93,0,237,0.4634,False
a4f19670-60f3-4ca1-aafc-9db2d93cf500,fraud_card_not_present,digital_goods,upi,394.46,5,12,delivered_no_signature,True,0.522,0.843,1,314,0.5325,True
e7b5dedf-6145-4d05-b660-c12b056c7332,item_not_received,beauty,upi,3913.58,1,20,delivered_no_signature,False,0.605,0.864,0,101,0.3737,False
b08b9fb6-f268-429c-8ce3-35ade7df7dce,not_as_described,electronics,upi,3617.15,15,21,signed_confirmation,False,0.353,0.95,1,276,0.5293,True
34c15de5-46fb-4f90-9442-f54f744a3a7c,item_not_received,beauty,card,524.16,18,14,delivered_no_signature,False,0.392,0.393,0,166,0.6548,False
26fb7a3c-bcae-4be8-9e80-fa551db3ae75,item_not_received,apparel,upi,2383.64,3,15,signed_confirmation,True,0.517,0.701,1,111,0.9789,True
282fc37a-673d-443e-a653-e0fdbad818db,not_as_described,beauty,upi,2237.44,1,13,signed_confirmation,True,0.574,0.335,1,800,0.186,False
9a36135a-ea5b-4f6d-9d06-a8dac9394558,fraud_card_not_present,electronics,upi,892.32,13,8,signed_confirmation,False,0.886,0.81,0,1407,0.4784,False
cd102e0a-c3ec-40c8-820d-e363e0806f7c,duplicate_charge,electronics,netbanking,477.5,4,19,not_shipped,True,0.059,0.403,1,827,0.6167,False
660eaa98-dd0a-4eee-9b62-d969c8798d89,fraud_card_not_present,digital_goods,upi,195.72,6,11,signed_confirmation,False,0.67,0.56,0,19,0.5015,False
31cac34c-8997-4bd2-b9eb-841e02713163,fraud_card_not_present,groceries,card,575.76,1,11,signed_confirmation,True,0.596,0.834,0,230,0.4645,True
39902de8-35a9-44b5-b660-78284d95f4fa,duplicate_charge,digital_goods,card,457.83,11,18,delivered_no_signature,False,0.125,0.132,1,144,0.6657,False
8fec7ba3-d15a-4a0e-a63f-71351a559c9c,item_not_received,apparel,card,295.51,2,7,signed_confirmation,False,0.36,0.777,1,2310,0.9288,True
12bfaeae-8a35-40b6-b7b4-401079f8c3f0,not_as_described,digital_goods,upi,2550.31,6,2,delivered_no_signature,False,0.519,0.648,2,159,0.5265,True
cdadb7be-7693-4f56-a629-de92bc97c357,fraud_card_not_present,home_goods,card,3544.06,16,11,in_transit,False,0.432,0.655,3,444,0.1897,True
49ae2064-2487-4ece-add6-430aa41a7666,duplicate_charge,groceries,card,731.74,17,14,in_transit,False,0.736,0.585,3,105,0.311,False
2b501f36-a07d-4c3b-8ef6-0c5ebb89497f,subscription_not_cancelled,home_goods,upi,192.0,3,10,signed_confirmation,True,0.143,0.612,2,6,0.758,True
a212ea71-efa5-4a99-825f-a11ae274e235,item_not_received,home_goods,card,636.7,8,20,not_shipped,False,0.659,0.833,0,76,0.0233,False
a84f3cb9-0fd5-4e2c-89c9-9a1e1cd83be0,item_not_received,groceries,card,2183.57,28,7,signed_confirmation,False,0.25,0.495,1,542,0.3032,False
edb13d7f-16a8-4f43-9f7b-d27661c8a3cb,fraud_card_not_present,groceries,card,1096.04,2,3,in_transit,False,0.594,0.661,0,196,0.3848,False
9a09b7d6-c371-4b30-995d-8a66e732adec,fraud_card_not_present,beauty,upi,1042.39,3,18,not_shipped,False,0.347,0.44,1,14,0.3758,True
dd3b69da-83aa-4507-aae1-f8faddf1c900,subscription_not_cancelled,groceries,upi,288.05,5,5,signed_confirmation,False,0.431,0.691,0,631,0.6424,True
5b8f9c30-6ca0-4377-8ae6-17e89295e110,not_as_described,apparel,card,5861.63,1,18,delivered_no_signature,False,0.361,0.659,1,204,0.7994,True
269b8fb2-f785-4476-bcc5-a78d2232d058,item_not_received,apparel,wallet,329.46,36,18,signed_confirmation,False,0.495,0.421,1,586,0.3578,False
da69b104-fee5-44dc-aed6-33108dde4f53,duplicate_charge,beauty,upi,2120.51,59,7,signed_confirmation,False,0.403,0.467,1,143,0.8258,True
7fd41762-e2ee-481e-8a44-87ad6f36e99a,item_not_received,digital_goods,upi,1046.17,1,18,in_transit,True,0.392,0.454,0,866,0.7127,True
d4fbed65-bbe0-4a51-9438-2891133ae01e,not_as_described,apparel,upi,639.01,4,15,delivered_no_signature,True,0.749,0.903,1,2346,0.7625,False
d58700ff-ad0d-4361-98ee-3b22432009af,subscription_not_cancelled,groceries,wallet,791.58,5,5,delivered_no_signature,True,0.234,0.612,1,1594,0.5929,False
a2299e31-5a8f-4ada-96b1-70893c28c960,duplicate_charge,beauty,upi,759.55,2,17,delivered_no_signature,False,0.859,0.365,1,799,0.5805,True
aad89908-6c83-4bce-9da3-dd057a4143be,fraud_card_not_present,electronics,card,656.88,3,1,in_transit,False,0.707,0.222,1,665,0.2753,False
88cd1eac-ffb2-422b-ba5e-3294807b8baf,not_as_described,beauty,card,1231.75,6,9,delivered_no_signature,False,0.419,0.926,0,851,0.6095,True
238933d6-8947-4514-bf52-21dca5035a45,subscription_not_cancelled,digital_goods,card,817.21,12,1,delivered_no_signature,False,0.458,0.514,2,405,0.6611,True
1ca22aa4-d65c-460e-a939-fa95de4082b2,not_as_described,home_goods,card,5489.44,33,6,signed_confirmation,True,0.653,0.474,1,376,0.7021,True
85e1bd9f-2547-452f-9feb-0b6cca28f86c,item_not_received,home_goods,card,2818.35,1,18,delivered_no_signature,True,0.477,0.791,0,170,0.8859,True
2f111bbc-04c8-45af-ae0f-047dbf67264f,item_not_received,beauty,upi,268.55,2,21,delivered_no_signature,False,0.103,0.457,1,225,0.8763,True
30251bd8-c2ab-48c4-b099-d2bc3956ea19,fraud_card_not_present,beauty,upi,898.05,4,18,in_transit,True,0.298,0.488,1,811,0.1355,False
9d4033a7-db6a-4a12-8844-7d948f8d1b91,duplicate_charge,beauty,upi,1234.44,39,9,signed_confirmation,True,0.702,0.588,0,79,0.7504,True
e3588b6a-6447-4e24-9040-5cad2a5caab9,duplicate_charge,home_goods,netbanking,2792.26,19,5,delivered_no_signature,True,0.607,0.702,1,1028,0.8493,False
e9e15510-277b-4c60-b2bc-ef42347b28fa,not_as_described,digital_goods,upi,696.19,6,12,delivered_no_signature,True,0.923,0.875,0,363,0.8373,True
736aee88-78e9-4c2e-8e25-cea4e6e00ec4,not_as_described,home_goods,upi,344.16,2,17,signed_confirmation,False,0.971,0.727,0,210,0.5708,False
032d3118-24cb-4e59-84c6-3065cfa2df6c,fraud_card_not_present,home_goods,card,1428.71,14,12,delivered_no_signature,False,0.711,0.776,2,250,0.4305,False
2b612611-ac52-414c-8006-c3cd52f02bb5,duplicate_charge,electronics,card,1947.3,6,6,signed_confirmation,False,0.385,0.166,2,166,0.4636,True
95984ed7-ac45-4c1e-9b2d-6cbdeab7190b,duplicate_charge,digital_goods,card,238.58,2,6,signed_confirmation,False,0.93,0.755,0,36,0.4964,True
f4d0f8e4-c8fa-497e-ba89-b9d2380f2ad0,item_not_received,apparel,card,467.15,13,8,signed_confirmation,True,0.69,0.718,1,505,0.6765,True
c29e03e5-1ae6-489e-b851-8fc641c579db,item_not_received,home_goods,wallet,491.14,10,9,signed_confirmation,True,0.162,0.587,1,38,0.81,True
2e7fb7d6-f8b5-4e38-9fef-6c4de32b4595,not_as_described,groceries,card,231.31,5,5,not_shipped,False,0.829,0.978,0,128,0.6954,False
a25d76b9-0c65-4740-9617-9011cb62585e,not_as_described,apparel,card,3298.91,30,2,signed_confirmation,False,0.21,0.405,2,46,0.3438,False
d754c4bc-cf44-42b0-8527-185230ca3f07,duplicate_charge,groceries,upi,888.74,12,7,in_transit,True,0.587,0.199,2,337,0.8425,True
049e32ce-e92f-4fcb-9332-a5279664e6b9,not_as_described,electronics,card,807.76,20,7,signed_confirmation,False,0.677,0.533,0,233,0.949,True
1f05ad65-85c6-4ffc-bf84-15ebaf3af317,not_as_described,home_goods,netbanking,440.02,7,19,not_shipped,False,0.134,0.722,0,30,0.6876,False
93bfe66e-3cbe-4b7f-bc8c-ca1dc3f69cb7,duplicate_charge,groceries,netbanking,2108.39,1,21,signed_confirmation,False,0.466,0.8,1,579,0.4971,True
87ec1d58-7083-47bf-9d6a-59213a0b9f57,subscription_not_cancelled,digital_goods,wallet,2305.54,18,11,in_transit,False,0.845,0.682,0,597,0.8321,False
f9407eea-59f2-4ba0-bd05-39a7e84623fa,fraud_card_not_present,digital_goods,card,1828.35,1,10,signed_confirmation,False,0.508,0.2,0,60,0.8016,True
7a75de25-a362-499e-bfe1-d87857f97b96,item_not_received,digital_goods,wallet,1147.56,7,13,signed_confirmation,True,0.509,0.765,2,53,0.9018,True
3ab07f2c-4e52-43be-bab6-be94a89eeb1c,subscription_not_cancelled,home_goods,card,391.49,11,4,signed_confirmation,False,0.355,0.456,0,195,0.7555,True
45c16bb5-9689-45a7-a5e1-52ebbb3c416b,duplicate_charge,electronics,upi,526.76,6,21,signed_confirmation,False,0.366,0.58,2,346,0.4944,True
71f09f16-c3cf-4223-9c5d-8839ffc5950c,item_not_received,digital_goods,wallet,1155.32,2,17,delivered_no_signature,True,0.796,0.764,0,149,0.7452,True
5f24a650-cfa4-46ac-a425-954dbfc128de,item_not_received,groceries,card,1308.72,1,21,signed_confirmation,False,0.928,0.98,1,504,0.794,True
7ddca367-945a-43a6-949b-e44262ad9a57,item_not_received,apparel,card,1138.67,3,19,signed_confirmation,False,0.685,0.582,0,290,0.924,True
95b8e6cd-074c-44b1-abdf-eee148da6b16,subscription_not_cancelled,home_goods,upi,1129.89,19,16,signed_confirmation,False,0.802,0.614,1,202,0.6646,False
2d07c5f8-a305-4084-bf2e-ec06fd7d5667,item_not_received,groceries,card,1420.02,3,19,signed_confirmation,False,0.38,0.729,3,863,0.8006,True
839a9ceb-408a-4b4d-ba00-43762b2be517,item_not_received,beauty,netbanking,393.76,9,5,not_shipped,True,0.845,0.57,0,309,0.0744,False
c7bf98f1-a3bb-42c5-a184-a0b49a904be2,fraud_card_not_present,beauty,upi,879.72,18,9,delivered_no_signature,False,0.687,0.575,2,1353,0.6552,False
177ba0a1-9cb7-4527-ba0a-4cf59974406a,duplicate_charge,digital_goods,wallet,356.69,14,17,delivered_no_signature,False,0.278,0.695,0,307,0.2911,True
7cb33b97-613e-4b82-b2c7-699326e038af,duplicate_charge,beauty,upi,5705.81,7,9,signed_confirmation,False,0.585,0.458,0,238,0.2363,False
9594890f-69d6-4b72-b9f6-a5a060503916,item_not_received,digital_goods,upi,543.39,2,18,signed_confirmation,False,0.324,0.505,0,549,0.8667,True
bac118e5-f6e5-424f-bb40-4de33696c26b,subscription_not_cancelled,apparel,upi,262.27,33,12,not_shipped,False,0.908,0.666,1,111,0.1756,False
1bed5359-f267-43ca-984e-9ae5952a4061,duplicate_charge,home_goods,card,151.54,6,1,delivered_no_signature,False,0.77,0.74,0,12,0.5042,False
142cacb9-c84f-4bc2-ba68-1c8784e88d67,fraud_card_not_present,beauty,card,428.82,20,6,signed_confirmation,True,0.12,0.93,0,195,0.3094,False
4cf31315-f490-48a1-b3ac-eaa87bf3d0b6,item_not_received,electronics,card,1621.65,3,11,signed_confirmation,True,0.848,0.557,1,300,0.9279,True
bcab2a5c-dfbc-4f63-969d-29d8d7d6ccd9,item_not_received,electronics,netbanking,1187.99,14,4,signed_confirmation,False,0.093,0.443,0,704,0.7538,True
b177a418-8478-4997-b179-334a67cf5e35,duplicate_charge,beauty,upi,920.01,5,12,delivered_no_signature,False,0.054,0.197,0,248,0.4044,True
c32abcbf-054a-4235-a1b4-cd1e63c8e112,not_as_described,groceries,upi,330.37,5,14,in_transit,False,0.386,0.527,0,299,0.3289,False
fa24d586-35fb-499e-b569-03e073649625,fraud_card_not_present,home_goods,wallet,2481.45,20,14,signed_confirmation,True,0.627,0.542,0,1021,0.4824,True
0a3c5a35-35b5-49d0-9d89-be5110dda1a8,not_as_described,groceries,card,2364.49,17,18,delivered_no_signature,False,0.267,0.744,1,190,0.7152,True
e7d1e543-65c7-4bb3-b4f4-1ef524602202,fraud_card_not_present,home_goods,card,1030.43,18,11,signed_confirmation,False,0.387,0.31,0,16,0.2839,False
8a4eb574-949a-4d9d-a568-187660087c23,subscription_not_cancelled,home_goods,wallet,2240.87,1,2,not_shipped,False,0.229,0.447,2,229,0.5342,False
82e5d228-d8cc-47ef-be85-de34b1661300,fraud_card_not_present,electronics,upi,1283.3,24,20,signed_confirmation,True,0.285,0.359,2,160,0.1632,False
62d17621-0182-482e-829c-444c0d9655a2,subscription_not_cancelled,digital_goods,card,97.22,1,13,in_transit,False,0.15,0.856,1,633,0.5665,False
51b39f15-b26f-437d-83a5-44cb1d56fb66,fraud_card_not_present,home_goods,card,734.7,10,8,delivered_no_signature,False,0.345,0.092,0,696,0.7246,True
1a177d5d-4962-4b9c-9756-f48d47f87e8d,item_not_received,home_goods,upi,4434.25,10,16,signed_confirmation,True,0.657,0.855,1,232,0.9262,True
1e63f995-750c-4f3e-bd82-e3b094fb2562,not_as_described,digital_goods,card,2819.42,6,3,not_shipped,False,0.423,0.455,1,317,0.6803,True
c3a0990d-55ef-49d7-8e86-de8f76f5b074,not_as_described,digital_goods,wallet,498.04,2,5,signed_confirmation,True,0.57,0.353,0,496,0.866,True
08704a48-fc50-4559-9d1b-6d69a30da87c,duplicate_charge,electronics,wallet,324.15,33,9,not_shipped,False,0.843,0.606,1,179,0.6342,True
e9bb85c7-01a4-40a5-9925-1027754ea081,item_not_received,beauty,upi,568.41,13,11,not_shipped,False,0.444,0.306,0,347,0.0206,False
b6389264-e47b-4133-8172-cf5a84194e15,not_as_described,electronics,card,918.64,6,16,in_transit,True,0.567,0.669,0,979,0.6498,False
46ef4d35-b892-477d-95b0-a1da39ee4f75,fraud_card_not_present,apparel,card,226.48,2,21,in_transit,False,0.601,0.5,0,156,0.5471,True
03f43a5d-a3ca-4d79-a46d-c0142fa96fa3,item_not_received,electronics,card,3955.7,18,16,delivered_no_signature,True,0.577,0.67,0,359,0.8285,True
c24b0d33-6b58-42e1-a460-29798383a7bd,duplicate_charge,digital_goods,card,1760.78,24,3,not_shipped,True,0.463,0.697,0,284,0.9136,True
c69562e8-cf25-4ae3-8c94-2a9ff374c281,item_not_received,apparel,netbanking,492.43,24,16,signed_confirmation,True,0.222,0.371,1,387,0.4747,False
d6dd91e6-6e31-4ba0-b7c8-425dc856d96c,item_not_received,beauty,wallet,952.65,3,2,signed_confirmation,False,0.29,0.698,1,74,0.8589,True
8bd20ec5-9e6b-4284-8e27-3eafaf8295d6,not_as_described,home_goods,card,477.34,3,9,signed_confirmation,False,0.512,0.847,1,150,0.8268,True
d359b07f-5877-4f66-80e5-b2e697e34d28,fraud_card_not_present,home_goods,upi,595.87,10,14,signed_confirmation,True,0.506,0.78,0,71,0.8048,True
93f2ee8f-05ec-498c-b747-fa1488bf25a6,not_as_described,beauty,card,2143.04,4,14,delivered_no_signature,False,0.664,0.565,0,296,0.1801,False
17e27104-9ec5-45ec-9fe2-dc4861afb6d1,duplicate_charge,beauty,netbanking,448.75,11,15,in_transit,False,0.391,0.557,0,92,0.9248,True
3077b4f0-05e4-4063-b9d4-92c33ae52715,fraud_card_not_present,beauty,upi,771.5,10,13,signed_confirmation,False,0.493,0.756,1,94,0.3714,True
88b20c85-3850-4fc5-9b4f-5f41e7980b07,fraud_card_not_present,groceries,upi,846.17,11,10,not_shipped,True,0.286,0.796,1,118,0.1621,False
735ac651-4b91-4c6e-83c3-540f5259cacd,duplicate_charge,apparel,card,179.56,1,15,signed_confirmation,True,0.546,0.911,0,151,0.8204,True
847eee39-f2fd-46cb-bd9f-f4313771285d,not_as_described,groceries,upi,564.08,10,8,signed_confirmation,False,0.611,0.413,2,103,0.6643,True
274c3122-2cbc-43d7-96a6-00e6341c1884,not_as_described,groceries,card,767.15,2,21,not_shipped,False,0.316,0.398,1,799,0.3151,False
eac6637a-6627-4b79-8d7c-6f24004d9e20,not_as_described,digital_goods,wallet,914.1,2,3,delivered_no_signature,False,0.761,0.737,0,227,0.5302,False
7eee2403-1d3d-4df9-bafb-12789f3eb003,fraud_card_not_present,home_goods,card,224.56,2,13,signed_confirmation,False,0.815,0.864,0,48,0.5218,True
bf5a0424-5159-4027-abe1-4fbba4d82e11,item_not_received,digital_goods,card,3937.95,8,10,not_shipped,True,0.595,0.738,0,950,0.0992,False
ef4bcc07-7b3b-4011-83b9-e9b053e09f69,subscription_not_cancelled,beauty,card,620.41,11,21,in_transit,False,0.763,0.632,0,309,0.3879,False
33c3ad51-834a-4217-87f6-5317bc84bf77,not_as_described,home_goods,card,1686.49,9,10,signed_confirmation,False,0.501,0.556,1,182,0.2619,False
ac7e3756-22a1-4aaa-9805-279f9a618c5d,fraud_card_not_present,home_goods,netbanking,364.21,3,15,in_transit,False,0.45,0.898,1,1297,0.671,True
88d50bc0-7c75-42a7-8b2f-a81a0d5bf305,item_not_received,home_goods,upi,1236.52,6,6,signed_confirmation,True,0.64,0.331,0,149,0.8748,True
5085a5b4-9264-47fe-b762-eed52c8f1eae,fraud_card_not_present,apparel,upi,99.21,43,14,signed_confirmation,True,0.115,0.442,1,499,0.1433,False
278fa2db-a963-4e97-a435-2961a177b635,not_as_described,home_goods,upi,584.2,1,13,in_transit,False,0.305,0.872,0,1068,0.5922,True
e7a637e3-6f9c-48e1-ab4c-50909e4bd377,not_as_described,groceries,card,126.37,1,2,signed_confirmation,True,0.013,0.619,2,190,0.4585,False
b0d642bb-b3ad-4424-9919-af67e3a900f6,fraud_card_not_present,home_goods,card,2075.19,2,18,delivered_no_signature,False,0.542,0.287,2,338,0.255,True
61f25d69-d843-46b1-9f5e-714bb3211e12,fraud_card_not_present,electronics,upi,550.37,13,14,signed_confirmation,True,0.642,0.565,0,1225,0.3502,False
a039ae9e-4c5b-42d5-84ef-90c4a7ae0254,not_as_described,apparel,card,1077.65,1,6,delivered_no_signature,True,0.732,0.675,0,263,0.2246,False
adc85003-aff6-4d22-845f-7af9a8e4b651,not_as_described,electronics,upi,923.87,63,12,signed_confirmation,False,0.273,0.839,0,219,0.4386,True
65265058-9a0b-4cde-aabb-07d845bc6eb3,not_as_described,electronics,upi,1159.06,2,4,delivered_no_signature,True,0.013,0.911,0,193,0.6227,True
916a6b9c-fbae-4e83-bbdc-49d89a97f091,subscription_not_cancelled,digital_goods,upi,493.54,8,9,in_transit,False,0.6,0.952,2,131,0.7619,True
7195a159-a6e5-4a19-93e0-e1526c533e65,item_not_received,beauty,wallet,1464.92,12,16,signed_confirmation,True,0.354,0.652,2,483,0.9132,True
54e06ca9-2d75-406d-a422-ac158ed6e78f,fraud_card_not_present,beauty,card,191.37,11,12,signed_confirmation,False,0.801,0.671,1,120,0.7857,True
6296c4b7-0ac3-4e79-aae4-85e0c4ef3c1c,duplicate_charge,home_goods,upi,1639.85,9,14,signed_confirmation,False,0.182,0.526,0,122,0.8333,True
970b994d-7c1b-40fe-a952-bc037720a4f6,duplicate_charge,electronics,upi,720.01,16,6,delivered_no_signature,False,0.474,0.746,1,68,0.8127,True
847728eb-46e7-468b-9f39-280106d1e31d,item_not_received,electronics,upi,263.58,6,12,not_shipped,False,0.611,0.464,0,629,0.1451,False
2996c2d0-44d3-4d6d-bf2c-ca22a536a91d,subscription_not_cancelled,home_goods,card,6974.85,5,8,delivered_no_signature,False,0.133,0.59,0,361,0.4378,False
58f01465-4c9d-4e9e-b892-72c5b90e1bc3,duplicate_charge,electronics,card,566.69,3,15,delivered_no_signature,False,0.124,0.699,0,19,0.4789,False
976c898e-12e0-4ee7-8186-e0a14ba1e00e,fraud_card_not_present,apparel,upi,871.03,12,19,signed_confirmation,True,0.392,0.866,0,706,0.172,True
38b91630-a453-48d0-93a8-649f64f78226,duplicate_charge,digital_goods,netbanking,1975.64,8,4,signed_confirmation,False,0.579,0.844,0,489,0.8012,True
50182ed1-cd6c-4fe4-99f2-24795384aa0e,item_not_received,beauty,card,298.99,1,9,delivered_no_signature,True,0.619,0.485,0,64,0.5116,False
68d233de-573a-4476-91cb-1314d891f9ef,fraud_card_not_present,groceries,upi,2842.53,6,2,signed_confirmation,False,0.48,0.267,0,1067,0.3017,False
34102c4c-5f73-4f5c-a4a8-39d45a33a9b0,fraud_card_not_present,electronics,upi,682.65,9,18,signed_confirmation,True,0.65,0.433,0,96,0.6674,False
cc2ffb17-5c9c-49ea-b1f3-b9628f435096,duplicate_charge,digital_goods,card,578.53,32,16,signed_confirmation,False,0.316,0.039,0,268,0.7148,False
f89f7629-6716-4f72-97ff-1ae5a002764e,not_as_described,electronics,card,1352.12,4,16,signed_confirmation,False,0.261,0.582,0,597,0.2898,False
1102e313-bd01-47d9-81bf-27435d7f5cc4,item_not_received,electronics,card,1285.46,5,2,in_transit,True,0.411,0.717,1,155,0.288,True
0f21e25d-3b6b-4a2e-a006-696bcd070a8e,not_as_described,electronics,card,345.27,33,1,signed_confirmation,False,0.451,0.66,2,365,0.5253,True
70f2f82c-0bad-4d17-8c89-149f112a770f,subscription_not_cancelled,digital_goods,card,975.36,5,6,in_transit,True,0.31,0.746,1,564,0.8516,True
4980572f-c5ac-4fa9-915c-53b688600335,fraud_card_not_present,groceries,upi,828.18,8,1,in_transit,True,0.844,0.403,0,715,0.4481,False
0c7fcb37-4304-42a1-bf12-3b87f330cb47,fraud_card_not_present,electronics,card,1898.52,2,14,delivered_no_signature,False,0.377,0.64,0,858,0.302,False
8bc1cc32-28a8-4078-8fe1-48a455fb81c2,subscription_not_cancelled,groceries,upi,1025.29,6,5,delivered_no_signature,True,0.156,0.927,0,235,0.9433,True
32a17063-f7ed-4f90-a1f9-cab7d858de15,subscription_not_cancelled,groceries,upi,1202.27,12,13,delivered_no_signature,False,0.566,0.683,1,39,0.3355,False
08acb5e5-47f4-4e58-afef-cacf9d9fee15,duplicate_charge,electronics,card,421.67,38,18,delivered_no_signature,True,0.272,0.317,0,39,0.8228,True
72f09c69-1c94-46cd-b7b0-60eb2441cf20,not_as_described,groceries,upi,1112.95,6,14,signed_confirmation,True,0.402,0.677,1,647,0.707,True
dcf31f20-d95b-4f95-94e6-0f2c6b6692c4,item_not_received,apparel,wallet,942.4,6,17,signed_confirmation,True,0.331,0.722,1,147,0.9452,True
c5ea5cc2-a78d-435b-b496-c42cd237a0c8,subscription_not_cancelled,apparel,card,1550.65,13,6,delivered_no_signature,False,0.341,0.235,1,735,0.5067,False
558eabc2-11ac-4d51-a802-56d70d9a2cd9,item_not_received,home_goods,wallet,1211.91,18,6,signed_confirmation,False,0.58,0.164,0,53,0.4347,False
4ba42a94-d326-42bd-9087-0a92532dd7c8,item_not_received,beauty,upi,257.11,6,10,signed_confirmation,True,0.224,0.453,1,594,0.8994,True
41b80870-b7f4-43fd-9cab-12bc8c524b5c,not_as_described,electronics,card,168.1,21,16,delivered_no_signature,True,0.406,0.745,0,1036,0.5249,True
10206536-99c5-46c1-b16f-47ef0ef52d99,fraud_card_not_present,groceries,upi,812.15,7,7,signed_confirmation,False,0.74,0.693,0,795,0.5787,False
e5ed8b6d-f854-462d-b7de-03a1454d8ae3,fraud_card_not_present,electronics,upi,884.49,19,21,signed_confirmation,True,0.443,0.243,3,15,0.5029,True
e0752ac0-91a2-4cbf-9a52-d36fd689a207,fraud_card_not_present,apparel,card,491.79,1,7,signed_confirmation,False,0.177,0.215,2,27,0.1535,False
92196fe2-e287-46d5-bbd7-f6ec520e23d8,item_not_received,apparel,card,1014.57,3,21,signed_confirmation,True,0.125,0.857,0,48,0.8157,True
91a19a04-15c0-4a01-bc7f-258d98473e05,item_not_received,electronics,wallet,4213.55,4,18,delivered_no_signature,True,0.417,0.754,0,457,0.6636,True
bcdc64f5-baa4-4ff3-8cdb-9cc4876eb430,subscription_not_cancelled,beauty,wallet,548.93,5,17,signed_confirmation,True,0.774,0.485,1,399,0.6482,True
eb34c385-92d2-408d-b727-70024645bd15,fraud_card_not_present,beauty,card,1198.23,7,20,not_shipped,False,0.364,0.548,0,650,0.4464,True
7440ed98-15c0-428d-9c93-af8085db6f9a,item_not_received,apparel,card,556.71,5,2,delivered_no_signature,False,0.118,0.434,1,177,0.3413,False
6eb24549-394a-4545-b99a-5af3967e13d3,not_as_described,groceries,upi,4396.63,1,3,signed_confirmation,False,0.235,0.461,0,357,0.6023,True
6fdd24e4-d566-4ad9-8df1-d83f7aaa7b05,not_as_described,digital_goods,card,1493.94,14,21,signed_confirmation,True,0.855,0.519,3,671,0.6826,True
fe72249d-e21f-451b-b05d-7028c36b750e,not_as_described,home_goods,upi,108.53,11,9,signed_confirmation,True,0.58,0.453,0,135,0.3681,False
4f110a8c-f5cd-4f51-a236-81d93ad98c50,not_as_described,apparel,upi,2316.41,17,11,in_transit,True,0.191,0.844,0,146,0.5677,True
2c2d5016-d682-4946-a6ec-6bd6e526bba5,not_as_described,home_goods,wallet,2821.21,1,16,signed_confirmation,True,0.707,0.525,1,256,0.3396,True
9b80b058-ce9d-44ca-bf54-ef620a336c31,fraud_card_not_present,beauty,upi,941.06,2,13,in_transit,False,0.739,0.509,3,281,0.1463,False
51b39d17-7440-49b1-a40d-9156169d7bf8,duplicate_charge,beauty,upi,1604.05,7,11,signed_confirmation,True,0.837,0.25,0,73,0.6986,True
629b0c49-6315-4ab4-ad36-c1bfdbaa08ea,item_not_received,electronics,card,667.79,1,4,in_transit,False,0.094,0.61,1,132,0.4752,True
5ceb37a0-d389-4b54-94bd-c567cc7db7ae,fraud_card_not_present,electronics,upi,798.8,3,3,not_shipped,True,0.309,0.32,1,54,0.0791,True
50149cb6-5c5e-4ff7-94ed-8d5fff3eb3d6,item_not_received,electronics,card,306.63,1,3,signed_confirmation,True,0.627,0.74,1,746,0.928,True
57921bbc-46cf-4502-93ae-c11835194d65,subscription_not_cancelled,electronics,upi,163.54,5,17,signed_confirmation,False,0.582,0.459,0,345,0.4729,True
65da7255-f423-4bd6-9223-6a4600f54ca8,fraud_card_not_present,groceries,card,2948.79,3,6,not_shipped,True,0.786,0.785,1,399,0.5264,False
aa0c2ee0-a6d1-424f-a6c6-5e0f29f3a5c8,fraud_card_not_present,home_goods,upi,610.3,4,7,signed_confirmation,False,0.7,0.47,1,180,0.5165,False
0689e531-c0e3-4304-a56d-08421a1a2572,subscription_not_cancelled,electronics,card,927.51,32,7,signed_confirmation,True,0.768,0.94,2,402,0.4739,False
af3ea5dc-1dbc-437a-b53f-a21b40128e75,subscription_not_cancelled,home_goods,card,2692.92,1,16,signed_confirmation,True,0.797,0.394,0,234,0.8419,True
d7a63f3e-abb0-41ed-bf99-f34f1205e378,item_not_received,digital_goods,netbanking,376.52,1,17,in_transit,False,0.874,0.947,2,177,0.7082,True
5586e4d0-ed12-467d-b250-b71941aff62a,fraud_card_not_present,electronics,netbanking,578.91,9,16,delivered_no_signature,False,0.131,0.691,1,40,0.1031,False
5cc6b4a9-a3dc-4b27-a79a-e0b14c952c2d,duplicate_charge,groceries,netbanking,789.33,6,20,in_transit,False,0.278,0.103,0,1661,0.4028,False
92bcf98a-9613-49df-a6cc-27dc6c77cf7f,subscription_not_cancelled,beauty,netbanking,185.21,8,18,signed_confirmation,True,0.436,0.545,0,687,0.7393,True
6a663a23-b7bf-4970-baa9-4ec1cf00e200,not_as_described,groceries,upi,606.94,10,21,delivered_no_signature,False,0.764,0.715,0,76,0.4796,True
72f4a9d1-e8b2-479b-981e-5834da4d3e8d,fraud_card_not_present,groceries,upi,525.96,2,8,in_transit,True,0.654,0.514,2,438,0.4099,True
795a24ce-a801-4b06-ac03-341860d9a153,fraud_card_not_present,electronics,upi,979.82,24,14,in_transit,True,0.849,0.55,3,219,0.4196,False
d8052aba-0637-4bc9-8b91-f37832e54c92,item_not_received,apparel,upi,3076.19,16,6,signed_confirmation,False,0.462,0.564,0,165,0.9053,True
c411ca2a-2c85-45b3-af02-3f74f8d12bb9,item_not_received,home_goods,card,1534.01,12,5,signed_confirmation,False,0.778,0.318,0,1243,0.8638,True
2e160b12-b02a-4d2f-870f-ef8467558893,duplicate_charge,apparel,netbanking,1048.93,1,1,signed_confirmation,False,0.454,0.468,1,1428,0.8028,True
4d613c92-694d-49ef-a28b-a426d0ae0f0c,fraud_card_not_present,electronics,card,1199.41,43,20,delivered_no_signature,False,0.653,0.237,0,7,0.2655,False
2190648e-e608-45d7-a8c4-a787c3cb8bf3,subscription_not_cancelled,apparel,upi,2266.94,8,6,signed_confirmation,False,0.223,0.558,2,81,0.3438,False
c1d5fd81-0b18-4695-ab9f-031c557855a8,not_as_described,apparel,upi,341.85,1,15,signed_confirmation,False,0.493,0.493,1,586,0.7402,True
3c160dbc-5b0d-4cd9-a93e-b9ab1646c043,not_as_described,home_goods,card,4554.87,2,13,signed_confirmation,True,0.406,0.932,0,1009,0.9029,True
240224ce-413c-49da-be22-c2171830acae,subscription_not_cancelled,apparel,wallet,847.62,7,5,signed_confirmation,False,0.661,0.902,1,136,0.2719,True
905a9eae-4a1c-45f4-b73b-662cf31e9084,item_not_received,groceries,card,2246.31,14,8,signed_confirmation,False,0.145,0.252,1,1292,0.7002,True
9957e2dc-047b-42f2-ab59-82b6dcbd8fcc,fraud_card_not_present,electronics,netbanking,1551.2,8,17,signed_confirmation,False,0.201,0.845,1,427,0.2854,False
123890df-7c40-49c5-adb2-b9900b662cbc,item_not_received,digital_goods,upi,228.98,1,8,not_shipped,False,0.663,0.838,0,65,0.5146,False
0bb9c538-b41e-4144-9f83-c5932b896b8a,item_not_received,apparel,upi,827.99,19,12,delivered_no_signature,False,0.696,0.401,0,379,0.8945,True
8fe865ea-b39e-4f66-8ba3-26358a95ee37,not_as_described,beauty,card,401.63,3,10,signed_confirmation,True,0.368,0.381,1,543,0.8163,True
24d0f7a3-935e-4657-8e13-81ffc294108d,not_as_described,apparel,upi,315.47,7,6,signed_confirmation,False,0.067,0.64,1,312,0.8308,True
3d7520eb-b9cb-4821-8cd6-6f0491ce81b4,item_not_received,electronics,card,188.1,1,3,not_shipped,True,0.537,0.88,0,244,0.0656,False
8fbb36c1-3f41-4c73-98d9-4275f4144c3a,item_not_received,beauty,upi,9080.25,20,2,signed_confirmation,False,0.545,0.532,1,791,0.591,False
95bd648b-d504-4432-be52-9b113da4a2f7,not_as_described,electronics,upi,770.68,2,20,delivered_no_signature,True,0.235,0.571,2,115,0.851,True
6cecda77-ed49-4cd2-960d-471ded10c4ca,subscription_not_cancelled,electronics,netbanking,1220.39,4,16,signed_confirmation,False,0.099,0.29,0,376,0.2812,True
6f887f3f-3593-4154-ab00-4bbfdbf03b22,fraud_card_not_present,groceries,upi,979.76,9,9,in_transit,False,0.639,0.634,0,223,0.5488,False
67133b44-2e10-4391-be7b-2b2f3feedc2c,fraud_card_not_present,beauty,wallet,1502.64,9,8,delivered_no_signature,True,0.722,0.124,1,377,0.4326,True
5aa3436f-da46-4eeb-a784-491bf8a0efaa,subscription_not_cancelled,apparel,netbanking,771.23,8,1,delivered_no_signature,False,0.626,0.452,1,64,0.456,False
0134df12-f72e-45fe-9e42-e73b0f89d133,duplicate_charge,apparel,netbanking,833.16,30,8,not_shipped,True,0.521,0.251,0,38,0.6328,True
3bca303a-6a01-4eb5-b4ee-078d379fb711,not_as_described,home_goods,netbanking,748.2,9,3,signed_confirmation,False,0.145,0.664,0,2228,0.5343,False
3da70dcc-d478-4e82-bd1a-ccd2cc833786,item_not_received,electronics,netbanking,408.93,18,12,signed_confirmation,False,0.442,0.171,1,203,0.8265,True
5ace5319-8ae3-40c8-a1c7-5b0c45540070,duplicate_charge,digital_goods,card,2522.81,3,9,not_shipped,False,0.225,0.674,1,28,0.8301,True
69457b05-8bc8-4c67-8cd9-00e265ef8070,fraud_card_not_present,beauty,card,842.07,1,7,signed_confirmation,False,0.771,0.603,1,373,0.7748,True
0dafe620-013f-4170-94cb-18a840dfa9c8,fraud_card_not_present,apparel,upi,415.44,3,6,delivered_no_signature,True,0.856,0.695,0,64,0.8731,True
03885ad8-6c3a-411d-842d-51b8b2e04a1e,not_as_described,electronics,upi,391.55,8,19,signed_confirmation,True,0.829,0.59,0,42,0.8169,True
f679dee1-7798-4967-b06a-624e9dd75ba0,item_not_received,electronics,card,765.44,11,7,delivered_no_signature,False,0.583,0.384,0,6,0.6776,True
009bcba4-6ff7-49d4-8930-d26b57170073,fraud_card_not_present,apparel,upi,703.47,1,4,signed_confirmation,False,0.834,0.598,0,938,0.9034,True
7fd3aa85-26fe-436f-8927-93b42786f1cd,item_not_received,electronics,card,874.79,5,11,signed_confirmation,True,0.373,0.653,1,438,0.8731,True
3377df93-8430-4332-9ca8-065d5660e7c6,duplicate_charge,groceries,card,1156.13,2,20,signed_confirmation,False,0.157,0.465,1,873,0.3986,True
e1c5095f-b693-4766-b16f-cb29e8e8bad7,not_as_described,digital_goods,card,557.05,8,12,in_transit,False,0.43,0.329,2,408,0.6756,False
1c1a1ddf-e6a8-4673-b6d3-cccb87c38a8f,not_as_described,digital_goods,card,1006.75,8,5,signed_confirmation,True,0.712,0.491,0,318,0.672,True
fd90a61c-198c-4a36-b329-1590a9fff561,fraud_card_not_present,groceries,upi,903.09,14,8,signed_confirmation,True,0.677,0.44,1,503,0.6368,True
629ea41c-8384-4258-bc9d-a85a7a6ac9cf,subscription_not_cancelled,beauty,upi,6398.82,4,4,delivered_no_signature,True,0.959,0.804,1,385,0.8032,True
72de07b1-6232-4a16-8508-eb1ea8895074,item_not_received,apparel,card,1985.63,1,11,not_shipped,False,0.671,0.381,1,1819,0.0873,True
443c5bd7-4ba1-45cb-9fd5-d66275d38042,fraud_card_not_present,groceries,upi,226.02,2,15,delivered_no_signature,False,0.741,0.876,1,43,0.6105,True
f718a074-f216-49b1-93be-8ba5777b129d,fraud_card_not_present,electronics,card,1039.91,11,1,not_shipped,True,0.864,0.222,1,395,0.6386,False
dbe77173-fbb3-497d-a2de-a2fa04425916,fraud_card_not_present,groceries,upi,460.14,13,3,not_shipped,False,0.512,0.282,1,12,0.5953,False
dd6a3d95-7f40-4360-8204-d8b463a049ed,fraud_card_not_present,beauty,card,1357.09,25,17,signed_confirmation,False,0.439,0.493,1,389,0.4115,True
ca0af41e-3f3f-4fa5-a401-52d96c8099b7,item_not_received,groceries,card,216.02,2,21,in_transit,False,0.765,0.226,0,1418,0.4098,False
43e8e3ac-cf19-497c-beac-a8b81830cc58,subscription_not_cancelled,groceries,upi,657.04,2,13,delivered_no_signature,False,0.703,0.442,0,477,0.5711,False
bdba111d-1195-4bb9-9517-de84e4daa205,duplicate_charge,home_goods,card,893.83,1,5,delivered_no_signature,False,0.316,0.468,0,205,0.6379,True
70e642c1-24b3-45d9-9369-b9efe4b7152a,not_as_described,apparel,wallet,307.48,6,9,signed_confirmation,True,0.264,0.792,0,235,0.7448,True
2fd03a2a-2bd2-4bd3-8c5c-3623eaf116fd,item_not_received,beauty,card,3941.17,24,12,in_transit,True,0.815,0.723,0,252,0.205,False
df041d3d-066f-4425-b03d-427752074517,item_not_received,groceries,card,3632.66,5,14,in_transit,True,0.826,0.696,1,134,0.7127,True
2c9a3eb5-9d33-48d3-b7f3-57443bb251fc,subscription_not_cancelled,electronics,wallet,448.07,7,1,delivered_no_signature,False,0.561,0.596,0,753,0.5709,False
8dd03219-cbf4-4804-b561-715614816960,not_as_described,beauty,upi,248.92,1,10,delivered_no_signature,False,0.667,0.793,1,372,0.2834,True
fed96e68-d5a8-4928-a2ce-0286cf500a32,item_not_received,beauty,card,4217.42,10,6,delivered_no_signature,True,0.553,0.831,0,100,0.585,False
b4a43ccd-a7e6-4b77-a911-59edd3b8dc09,duplicate_charge,digital_goods,upi,2335.71,11,5,not_shipped,False,0.316,0.751,0,553,0.7589,True
cac5382f-a46f-40fe-ab5b-446d0a790fbb,not_as_described,groceries,card,1843.63,7,4,signed_confirmation,False,0.496,0.731,1,138,0.4616,False
20790e1f-e85e-46b4-8121-4edeab8b784a,not_as_described,digital_goods,card,1556.14,12,1,signed_confirmation,False,0.277,0.549,0,1020,0.5339,True
f7793da7-6c23-4606-9005-845e6377f438,item_not_received,home_goods,card,1210.11,14,4,signed_confirmation,False,0.288,0.806,1,244,0.8994,False
1477a034-4444-4ad1-81c3-ec9c078092bb,fraud_card_not_present,apparel,wallet,657.6,11,11,delivered_no_signature,False,0.576,0.196,1,125,0.4331,False
ba65d5ba-368d-4c88-a0ef-97fc544b2db5,fraud_card_not_present,groceries,card,634.68,5,10,delivered_no_signature,False,0.609,0.48,0,71,0.4475,True
1e931682-bd2a-450f-bec6-11a943b98faf,fraud_card_not_present,digital_goods,netbanking,325.44,20,13,in_transit,True,0.41,0.311,2,112,0.5687,True
aa4af006-3cba-400e-b70c-0e6615db850e,fraud_card_not_present,groceries,card,4599.24,17,13,signed_confirmation,True,0.53,0.457,1,34,0.5153,False
b0ef03d8-1060-484c-9c89-0c643420bd63,not_as_described,electronics,upi,273.29,4,16,not_shipped,True,0.637,0.97,0,535,0.9342,False
199c07e3-0ce7-4bef-a869-7ed1f5584e9b,item_not_received,home_goods,card,3876.49,26,17,in_transit,False,0.653,0.188,0,312,0.1853,False
791122d5-e736-440d-8de8-182841b58e5c,subscription_not_cancelled,electronics,card,527.51,23,3,not_shipped,True,0.403,0.338,1,235,0.825,True
af5df511-a1f7-4d6b-af5b-e4b9d0460b36,subscription_not_cancelled,beauty,wallet,2263.06,20,1,delivered_no_signature,False,0.656,0.839,1,47,0.2107,False
ff21ba7d-ed70-4f44-acb5-3fd51c1fcf19,fraud_card_not_present,home_goods,card,394.0,1,5,signed_confirmation,True,0.267,0.537,1,91,0.785,True
46483d94-c313-4972-9521-a665d671fc10,fraud_card_not_present,groceries,upi,126.86,8,5,signed_confirmation,True,0.14,0.347,1,431,0.3673,False
f0d55de9-c846-4724-8edf-183d3a0d0142,fraud_card_not_present,digital_goods,card,893.03,14,3,signed_confirmation,True,0.79,0.82,0,1438,0.7333,True
7e5b5855-5f75-4c4f-96b8-d3f22d75fc68,item_not_received,electronics,wallet,577.23,16,16,signed_confirmation,False,0.611,0.526,1,766,0.9255,True
b024d125-299f-4c33-b01f-d3c4c98a00b5,item_not_received,beauty,netbanking,448.16,9,14,delivered_no_signature,False,0.771,0.817,0,523,0.6011,True
ef30eeea-3f7e-4cfb-a479-b7d46af0a643,not_as_described,apparel,upi,1147.55,39,10,signed_confirmation,False,0.538,0.443,2,96,0.1443,True
74d6868a-83b2-4db4-8ee1-cf177f995707,item_not_received,electronics,upi,180.25,19,20,signed_confirmation,False,0.288,0.632,0,225,0.9292,True
56775612-b8b7-4824-af1c-4f0aea61664b,item_not_received,apparel,card,2022.41,28,9,in_transit,False,0.446,0.946,0,187,0.1006,False
6d43d4b9-ee57-4392-992a-3058063bbb85,item_not_received,beauty,card,182.21,16,12,signed_confirmation,True,0.323,0.124,0,381,0.8536,True
8f0e8e49-dea1-45b1-83a4-efe655e21914,item_not_received,beauty,card,1869.11,13,9,signed_confirmation,True,0.664,0.349,1,342,0.8782,True
df151d89-f5e9-4e3d-8158-a2e3554e1707,subscription_not_cancelled,groceries,card,473.53,2,9,signed_confirmation,True,0.535,0.792,0,237,0.9084,True
0fd0a95b-f755-4320-8773-fae9e71dbf18,not_as_described,beauty,card,476.57,2,4,signed_confirmation,False,0.842,0.461,1,59,0.392,False
e907f41b-fadf-40a6-8013-42b002ad43d3,not_as_described,home_goods,netbanking,1294.78,10,14,signed_confirmation,False,0.78,0.701,0,97,0.6668,True
50e73c33-9500-4d2d-a11a-2dcd97a5037d,not_as_described,apparel,card,4114.1,9,20,delivered_no_signature,False,0.212,0.679,0,1536,0.5334,True
3076f500-7f47-4a2f-bd6f-fb20bc93cf04,duplicate_charge,electronics,card,236.48,4,1,signed_confirmation,False,0.356,0.778,0,40,0.7868,True
ea6de97a-4713-4135-8857-bb2b83aec683,not_as_described,digital_goods,upi,428.1,19,9,delivered_no_signature,True,0.694,0.59,0,328,0.7903,True
ee4a8fc0-e158-4d54-ada5-9abd9394d94e,not_as_described,home_goods,upi,279.52,21,18,signed_confirmation,False,0.994,0.535,1,374,0.7804,True
4184130e-d7bc-47a4-9d9b-1c967a6d5edb,item_not_received,home_goods,card,1893.66,16,21,signed_confirmation,False,0.274,0.732,2,346,0.9621,True
ee3a60aa-9b6b-4a6c-ab39-2968a7b5871b,item_not_received,apparel,card,316.97,27,14,delivered_no_signature,False,0.841,0.347,0,96,0.8358,True
0b20ad53-c94e-47c1-818b-026eded2cae7,duplicate_charge,beauty,card,1021.13,9,4,signed_confirmation,True,0.632,0.932,1,411,0.6578,False
8d4e7503-23dc-4586-8fc0-25547bb6d28d,item_not_received,electronics,card,1578.17,4,16,delivered_no_signature,False,0.166,0.167,2,555,0.5936,True
90d528c0-e1f1-49a2-95f6-8c99bed24884,item_not_received,apparel,card,1764.61,9,10,signed_confirmation,True,0.511,0.495,2,127,0.6319,True
17217895-c54c-4759-8cba-bf4593959e37,not_as_described,beauty,wallet,431.44,3,3,not_shipped,False,0.703,0.597,0,62,0.7626,False
c0307811-09de-4aeb-a275-73fab75627e7,not_as_described,home_goods,upi,148.58,6,9,signed_confirmation,False,0.644,0.49,2,420,0.14,True
2fb537e3-c965-4402-9c4c-98513c23d6da,fraud_card_not_present,digital_goods,card,1151.96,7,19,delivered_no_signature,True,0.901,0.787,0,193,0.6376,False
96291b3d-8ee9-4de6-bbce-f5a26fcfa208,duplicate_charge,home_goods,upi,1250.57,14,5,not_shipped,False,0.522,0.727,0,190,0.2429,True
4e0e58e8-9332-4e38-bbf3-7bd63f2e3add,not_as_described,digital_goods,upi,302.57,2,13,delivered_no_signature,False,0.849,0.826,1,874,0.6361,True
ced24fff-7482-4184-9ee0-cd09657fe6eb,subscription_not_cancelled,digital_goods,card,2441.47,24,17,delivered_no_signature,True,0.829,0.489,0,1142,0.7707,True
0ed4ead0-daec-40b7-8f67-92eeaac872fb,item_not_received,home_goods,card,281.83,3,19,delivered_no_signature,False,0.667,0.803,1,103,0.4368,False
ff26a4db-f51e-46f3-8123-ec1e105ac5e4,duplicate_charge,apparel,upi,1985.41,29,15,signed_confirmation,True,0.279,0.622,0,252,0.6126,True
9ef2254e-1d89-4857-a79e-abb01d2b0ce7,not_as_described,apparel,upi,2324.83,2,6,delivered_no_signature,False,0.702,0.714,2,856,0.3532,False
677c09bf-a0a2-44e4-aa14-8546100af010,duplicate_charge,home_goods,upi,603.83,5,8,delivered_no_signature,True,0.941,0.851,3,144,0.8036,False
be2b76fd-7eab-4773-b5db-ef3dcff0a21d,subscription_not_cancelled,home_goods,upi,826.69,6,11,delivered_no_signature,True,0.394,0.31,1,33,0.5563,True
45b30384-7a65-479a-8f8f-2d317ee5a9cd,item_not_received,groceries,card,1347.06,11,7,signed_confirmation,False,0.561,0.23,0,1848,0.8213,True
3d56b84a-1ffa-40bc-8086-62d744d39d0b,item_not_received,apparel,card,200.14,8,3,signed_confirmation,False,0.745,0.537,0,355,0.8197,True
6a3d76e0-d0ab-4dcf-841f-cd837babac88,duplicate_charge,beauty,netbanking,686.55,10,20,signed_confirmation,True,0.34,0.518,0,609,0.7107,True
213079cc-2378-4895-8b5d-2b6df4b144a0,duplicate_charge,beauty,wallet,257.92,2,17,not_shipped,False,0.591,0.435,2,6,0.6119,False
cce99213-14ae-4ef5-b5bd-ee4d359748f1,item_not_received,home_goods,card,1385.06,2,6,signed_confirmation,True,0.737,0.615,0,229,0.7594,True
4bd7faa4-e698-4815-9276-b56541cc0d17,not_as_described,beauty,card,862.58,13,4,not_shipped,False,0.65,0.832,1,158,0.4631,True
8c1e231b-9d3f-4379-ba38-5187d73df611,item_not_received,groceries,card,689.99,24,5,delivered_no_signature,False,0.76,0.475,1,30,0.6088,True
cf303672-fb83-430c-91c2-c707c33c3695,duplicate_charge,groceries,card,3220.82,8,15,signed_confirmation,False,0.132,0.669,1,132,0.6177,False
a01ad89f-35c7-4bde-862f-eb10c3bb6422,item_not_received,electronics,netbanking,500.75,27,8,signed_confirmation,True,0.085,0.952,1,486,0.8833,True
cf874a1b-5bf6-4602-a2dc-98fd32978d64,fraud_card_not_present,home_goods,card,492.51,14,11,in_transit,False,0.399,0.567,0,50,0.5091,False
b24a6970-ecc6-4c7f-ba74-c1c2c6bde888,fraud_card_not_present,electronics,card,729.7,45,11,delivered_no_signature,False,0.716,0.958,2,874,0.3439,False
95ae5e72-de55-4a8d-bd20-bae8a588f364,fraud_card_not_present,home_goods,upi,882.29,6,8,not_shipped,False,0.695,0.738,1,101,0.6525,True
34fc6276-b558-4150-801f-511639797db5,item_not_received,electronics,card,246.18,5,6,delivered_no_signature,False,0.576,0.502,0,701,0.5851,False
52a201d7-a2c9-4b10-80f9-a84ee3e8513b,item_not_received,groceries,upi,1316.93,7,10,not_shipped,False,0.571,0.577,1,13,0.0616,False
7898cfa9-5f71-4179-b8c2-039ade97a185,not_as_described,home_goods,wallet,3567.97,5,9,delivered_no_signature,False,0.332,0.387,3,71,0.5064,False
73c56444-7e4e-4bad-bde1-6919ad86c978,item_not_received,beauty,upi,523.47,14,4,not_shipped,False,0.798,0.85,2,764,0.0534,False
8b02fb6a-857c-44b8-ac0a-065957fa0a1f,item_not_received,electronics,card,987.13,4,1,signed_confirmation,False,0.709,0.594,1,1006,0.717,True
a846ad3e-3e9f-46a4-8cb4-d7436ab177fd,fraud_card_not_present,beauty,card,3516.14,5,3,signed_confirmation,False,0.535,0.605,0,481,0.5777,False
97583805-7716-4969-a602-ecbf541d532a,item_not_received,electronics,upi,2353.32,19,5,delivered_no_signature,True,0.619,0.64,0,185,0.56,True
cb01fb7d-6210-4151-9263-41468065d522,duplicate_charge,digital_goods,card,508.84,25,18,delivered_no_signature,False,0.91,0.788,1,746,0.3451,True
e390702c-17f1-4c31-accc-20861580b8df,duplicate_charge,electronics,upi,335.23,6,20,signed_confirmation,True,0.312,0.862,0,343,0.7277,False
aedd52d8-da11-4b14-a265-197f6da7880a,item_not_received,electronics,card,671.68,3,17,signed_confirmation,False,0.282,0.477,1,198,0.6587,True
0d9fbdc8-9724-4bf0-9683-2480ac0fe0ff,duplicate_charge,home_goods,card,3521.83,2,17,in_transit,True,0.326,0.752,0,490,0.6016,False
56b9b0c0-0ee8-4690-8671-3d7ff420ee0a,not_as_described,apparel,card,339.11,2,13,delivered_no_signature,False,0.847,0.855,0,330,0.3692,True
fef2cc61-71b1-46f7-ba99-2c2cee6057b3,not_as_described,electronics,wallet,3604.36,2,11,signed_confirmation,False,0.231,0.813,1,2263,0.3524,True
229eb361-8faa-4f8f-99c6-d27abbb2ca82,duplicate_charge,groceries,upi,953.98,2,16,not_shipped,False,0.457,0.811,0,99,0.5007,True
b148f54c-8423-41da-9f39-46da86acd722,not_as_described,beauty,netbanking,2415.99,2,9,delivered_no_signature,True,0.593,0.932,2,724,0.7816,True
cb378f4c-989f-4e71-95a5-4fa79b59fc4e,fraud_card_not_present,beauty,wallet,273.65,5,18,signed_confirmation,True,0.595,0.785,0,576,0.9347,False
0e91eb53-3afe-41ca-bab8-7dae1f7e36fe,fraud_card_not_present,digital_goods,wallet,7887.25,19,11,not_shipped,True,0.753,0.625,0,52,0.3004,False
f92a528f-89f5-4625-8978-9740064bd188,fraud_card_not_present,electronics,upi,1303.45,4,21,signed_confirmation,True,0.715,0.598,0,1038,0.5277,False
3718cf07-6cd2-4c4d-9272-d6c448def49a,item_not_received,home_goods,upi,338.92,11,4,delivered_no_signature,False,0.343,0.663,0,849,0.4173,True
fe1cf11d-a33a-465e-af71-098d519b7538,item_not_received,digital_goods,card,1068.06,4,19,delivered_no_signature,False,0.392,0.138,0,430,0.9143,True
ccafbdd5-3a4f-48b8-994b-6e497c0a33bb,subscription_not_cancelled,digital_goods,card,885.27,13,17,delivered_no_signature,True,0.144,0.389,1,341,0.3351,True
2002b070-8986-468c-ab38-9c35e5c60d0a,not_as_described,digital_goods,card,312.42,16,19,signed_confirmation,False,0.644,0.848,0,28,0.5447,False
bbb9213b-1195-47d2-b49a-f912af828450,fraud_card_not_present,beauty,upi,344.12,10,19,signed_confirmation,False,0.522,0.378,0,42,0.8519,True
114d8057-b9b4-47bd-a224-08cd492d95fe,fraud_card_not_present,groceries,wallet,5599.24,5,6,in_transit,False,0.616,0.366,1,125,0.6227,False
820b241d-7794-4397-99f1-fc40193f02cb,item_not_received,digital_goods,netbanking,1139.85,1,16,signed_confirmation,True,0.371,0.679,0,659,0.9584,True
9c4a8c0d-28d0-4bd3-87dd-8fc6a3ec161c,fraud_card_not_present,apparel,upi,2808.24,5,13,signed_confirmation,False,0.606,0.679,0,10,0.753,False
668f20a4-5556-440c-b425-fb0068b51304,subscription_not_cancelled,beauty,wallet,631.96,4,15,signed_confirmation,False,0.234,0.262,0,77,0.1807,False
c730b770-2a18-4a1c-82ee-3d48b027b23d,item_not_received,electronics,card,1204.75,9,8,signed_confirmation,False,0.8,0.695,0,72,0.9051,True
637d8f75-5965-4c0b-91c6-b3fa98a0f7d4,fraud_card_not_present,electronics,card,252.53,11,7,signed_confirmation,False,0.123,0.268,2,999,0.3089,False
b6887ba7-b7b0-460a-9d2c-ceceb26561ff,fraud_card_not_present,electronics,netbanking,1093.88,1,20,signed_confirmation,False,0.792,0.378,0,69,0.6891,True
084f527f-dd27-4580-9a4a-56fc881aed43,not_as_described,beauty,wallet,444.32,11,10,not_shipped,False,0.695,0.731,1,689,0.3959,False
888f8114-ae31-4cd9-b5f4-471cfcfc0d45,not_as_described,electronics,card,136.87,37,4,signed_confirmation,False,0.134,0.711,0,164,0.7517,True
26d3e46b-6d05-4f04-8424-5bc7d1a0b21e,fraud_card_not_present,groceries,wallet,145.6,7,4,delivered_no_signature,False,0.413,0.493,0,815,0.2987,False
8d5553ce-50f2-40b4-a74e-e75405cf41fd,fraud_card_not_present,apparel,wallet,551.91,5,11,signed_confirmation,False,0.783,0.414,0,90,0.7629,False
ecf32a5f-398d-4089-935d-9aec7cefd2a9,subscription_not_cancelled,groceries,netbanking,1096.38,4,7,delivered_no_signature,False,0.376,0.879,2,41,0.314,True
86029a1e-63b1-443c-954d-1f94b61396c7,item_not_received,digital_goods,card,452.03,16,1,delivered_no_signature,True,0.368,0.739,0,494,0.7808,True
df94d386-a966-4b87-8f77-64bf821172f4,not_as_described,home_goods,upi,524.84,7,14,delivered_no_signature,False,0.795,0.832,1,1112,0.6316,False
296b9c46-cdf9-4bac-9095-712811cdf11b,item_not_received,electronics,card,4352.87,1,18,in_transit,False,0.652,0.309,0,82,0.1536,True
228e9884-6fbe-489c-9051-6d46b209ef4f,item_not_received,electronics,card,1166.98,16,8,delivered_no_signature,True,0.234,0.643,0,450,0.3484,True
afefca01-6813-49f7-8184-5df8fb669237,item_not_received,home_goods,card,433.38,6,20,in_transit,False,0.162,0.496,0,828,0.1267,False
7bedac71-05cc-4e9f-a19f-67bc87cd6c08,fraud_card_not_present,groceries,wallet,403.06,7,2,signed_confirmation,True,0.357,0.717,1,565,0.5081,False
7035b81c-684f-42c8-8c4a-aaa52f8ca856,item_not_received,apparel,upi,1084.8,1,19,in_transit,False,0.759,0.984,2,95,0.8624,True
d9ead441-9151-4344-b973-44a9a6dfb0bd,subscription_not_cancelled,home_goods,wallet,1118.0,19,6,not_shipped,False,0.647,0.39,2,1733,0.6165,False
fc27a425-a62b-4d72-a8a5-343977378688,fraud_card_not_present,home_goods,card,900.35,4,16,signed_confirmation,False,0.205,0.755,3,431,0.2172,False
fbb9af62-7edc-430c-9c69-122bb1f1c75c,fraud_card_not_present,home_goods,wallet,399.81,10,17,delivered_no_signature,True,0.894,0.713,0,250,0.3929,False
37c44c67-bec6-4a8b-b79a-c6085525c825,duplicate_charge,apparel,upi,693.89,2,5,signed_confirmation,True,0.252,0.472,3,446,0.4048,False
47ca221f-4499-4ae4-9ce8-d7f7ba0d21c9,fraud_card_not_present,home_goods,card,908.2,14,9,not_shipped,False,0.246,0.62,0,441,0.3382,False
89792b69-59f9-4cee-a182-27d758ded96a,fraud_card_not_present,groceries,netbanking,936.83,17,2,in_transit,False,0.477,0.526,0,456,0.7481,False
aaa5e7e8-29b4-47e8-8709-008a0f4d04ac,item_not_received,digital_goods,upi,387.91,1,11,signed_confirmation,True,0.68,0.745,1,298,0.867,True
e41a3aad-c91a-44bb-b799-bf5305ef92de,subscription_not_cancelled,home_goods,upi,490.03,31,2,delivered_no_signature,False,0.662,0.536,1,208,0.5287,True
656996ee-6b33-43c3-ae8c-69d907dd7a1c,fraud_card_not_present,beauty,upi,547.04,6,20,signed_confirmation,True,0.707,0.67,0,2639,0.4963,True
c5b04365-4cf8-46a9-932c-ec666754803f,not_as_described,electronics,card,1809.24,5,16,delivered_no_signature,False,0.41,0.702,1,146,0.2299,False
25733519-f365-4b4b-ad38-aa7c3d142370,duplicate_charge,digital_goods,wallet,428.27,26,19,delivered_no_signature,False,0.207,0.343,0,127,0.7546,True
c246acab-32b0-42c0-9fe4-e23c4c8537a8,subscription_not_cancelled,digital_goods,upi,989.24,17,3,delivered_no_signature,True,0.314,0.742,1,140,0.6024,False
7252d3da-29f5-4d34-bc81-ac7f5c6aa224,fraud_card_not_present,electronics,wallet,1608.24,11,16,signed_confirmation,False,0.463,0.518,0,1150,0.5376,True
b2c28b67-7ced-47c5-be91-dc2ecded019f,not_as_described,apparel,card,497.01,9,7,in_transit,False,0.8,0.858,0,510,0.7652,False
8604348b-3754-41ab-b673-ac4736797e78,item_not_received,digital_goods,card,468.92,1,17,delivered_no_signature,False,0.27,0.48,2,153,0.4333,False
21637061-0ed8-48ea-8f95-6dd398609278,fraud_card_not_present,apparel,card,2447.25,10,19,not_shipped,True,0.253,0.678,0,828,0.3092,True
332861d1-f00e-4e31-894d-6907c477555d,item_not_received,electronics,upi,712.15,7,20,signed_confirmation,False,0.567,0.851,0,600,0.7097,True
4d5a19fb-8527-4be7-8bd3-cf32cb119e59,fraud_card_not_present,electronics,netbanking,115.62,4,18,delivered_no_signature,True,0.057,0.66,1,72,0.4866,True
10f6d915-60cb-43a5-b0a3-76f73e535945,fraud_card_not_present,groceries,card,1436.55,23,17,signed_confirmation,False,0.33,0.68,1,136,0.4182,False
85f35439-767d-4674-b92b-c22d54768768,not_as_described,apparel,card,1472.96,4,14,in_transit,False,0.166,0.507,2,835,0.0907,False
01a4902e-a371-4578-a8b0-626f38dec2ed,duplicate_charge,groceries,upi,2174.36,6,5,signed_confirmation,False,0.673,0.752,1,16,0.7492,False
fab54b80-5f02-4501-b107-470434781f30,fraud_card_not_present,beauty,upi,404.42,10,5,in_transit,False,0.765,0.838,0,427,0.3168,False
740593f1-159a-4ac5-ab47-675c5c47f02e,fraud_card_not_present,beauty,wallet,229.24,9,2,signed_confirmation,False,0.742,0.814,0,397,0.3889,True
7164917d-faf8-4acd-bc80-57dd4ff38602,item_not_received,electronics,upi,441.15,6,2,signed_confirmation,False,0.074,0.82,0,18,0.9085,True
9517489f-c805-4f81-888d-147313996486,not_as_described,electronics,wallet,555.68,7,4,delivered_no_signature,True,0.369,0.304,0,90,0.7454,True
ae9511c5-ff6e-465a-bafc-6fd7c4d98820,not_as_described,digital_goods,card,3041.82,1,6,signed_confirmation,False,0.095,0.168,0,104,0.3833,False
0aefb398-8717-40a2-8eef-a7db4b777d6f,fraud_card_not_present,electronics,netbanking,1592.72,1,16,delivered_no_signature,False,0.587,0.354,0,724,0.6278,True
366214de-bd5a-47a8-974c-4ff539a8ed54,subscription_not_cancelled,apparel,card,869.49,5,9,delivered_no_signature,False,0.499,0.667,0,1020,0.5801,False
09bc141d-1f6b-4673-bcaa-8215d5a854bd,item_not_received,digital_goods,upi,263.27,13,16,signed_confirmation,True,0.449,0.762,2,197,0.5619,False
d176905f-d688-4691-9399-de27932e804d,not_as_described,groceries,card,1179.42,3,8,in_transit,True,0.185,0.466,1,250,0.3011,False
cccd63c0-c245-4502-b033-31dd153aae03,fraud_card_not_present,electronics,card,405.23,8,11,delivered_no_signature,True,0.499,0.402,0,27,0.3801,False
7bd9b7e0-931e-4665-9b94-09e1c0d6b7cb,duplicate_charge,beauty,netbanking,916.05,1,3,delivered_no_signature,True,0.59,0.365,0,76,0.647,True
4d7e74cd-d40a-4924-8136-f61fe721483c,item_not_received,apparel,upi,1738.19,7,7,not_shipped,False,0.128,0.205,1,528,0.0136,False
96825e2d-b9b8-4b83-a61f-6ee8227eddc3,subscription_not_cancelled,beauty,upi,7752.8,5,5,delivered_no_signature,False,0.588,0.767,0,404,0.5026,True
a656ae06-9519-4f08-86e1-36e1e413bfcc,duplicate_charge,groceries,netbanking,444.06,4,20,signed_confirmation,True,0.787,0.458,1,215,0.7693,False
472f17a2-d4f6-47bc-91a3-d84300e17a09,subscription_not_cancelled,electronics,card,1073.06,11,9,signed_confirmation,True,0.364,0.62,0,174,0.9298,True
9f6d2834-c785-4cd0-aaed-7f0245561334,subscription_not_cancelled,apparel,upi,457.21,2,18,delivered_no_signature,False,0.598,0.638,0,291,0.3802,False
d9ff082c-76e4-4494-b4cb-daa4288463ab,item_not_received,digital_goods,card,359.21,16,15,signed_confirmation,True,0.279,0.535,1,29,0.9314,True
1ad58e4e-5c90-4e4e-aaf1-9ff396baa5d8,fraud_card_not_present,apparel,upi,484.22,42,8,delivered_no_signature,True,0.405,0.326,1,327,0.6654,True
aa656948-b037-4ccc-b90f-b5d0dc25a745,not_as_described,digital_goods,upi,2491.96,7,7,signed_confirmation,False,0.449,0.627,0,275,0.3107,True
9fbd84c9-f676-4ae7-8105-0743b5592e18,duplicate_charge,home_goods,upi,2449.66,10,19,delivered_no_signature,False,0.27,0.624,2,279,0.4293,False
a3bfa831-88f6-4ecf-8bbf-f8dcdb60f5b5,item_not_received,electronics,netbanking,329.3,20,10,delivered_no_signature,False,0.93,0.747,1,431,0.368,True
e5249557-d526-4421-bdde-4af1260a77c6,fraud_card_not_present,apparel,upi,1412.09,1,14,delivered_no_signature,True,0.645,0.632,0,764,0.5196,True
3b63c0a5-eed9-401f-8b3f-001939e21c94,subscription_not_cancelled,home_goods,card,797.14,12,9,delivered_no_signature,False,0.227,0.728,0,103,0.8253,True
f2ead1d7-ddb0-4005-808f-cddd190c9784,item_not_received,groceries,upi,5037.87,25,20,signed_confirmation,True,0.243,0.745,0,339,0.7061,False
fd0e20ba-429d-4292-9791-40b74ee891b8,item_not_received,digital_goods,card,386.26,9,15,delivered_no_signature,False,0.497,0.201,0,791,0.3237,True
68ee00c6-159c-4515-b554-9d88c1bffb21,subscription_not_cancelled,home_goods,card,666.13,10,4,in_transit,True,0.166,0.778,2,380,0.6822,False
e5c23d75-4285-49d9-bd3c-541b1b090d56,item_not_received,home_goods,card,774.25,15,5,signed_confirmation,False,0.126,0.443,1,241,0.8822,True
15576da4-134a-474e-8b85-6edc4deff919,item_not_received,groceries,upi,279.25,6,7,delivered_no_signature,False,0.772,0.782,0,339,0.4079,True
8f1f6c94-15e5-4d78-8477-762a3de84b41,fraud_card_not_present,groceries,upi,1256.34,5,12,delivered_no_signature,True,0.683,0.986,0,73,0.8741,True
7891fb97-9d01-4f27-8654-37abc3cb72dc,not_as_described,electronics,wallet,758.87,19,9,signed_confirmation,True,0.042,0.311,0,199,0.4221,False
8b38a48f-42de-42e1-883f-bda2e3630129,item_not_received,digital_goods,netbanking,206.21,40,14,signed_confirmation,False,0.236,0.678,0,325,0.7791,True
8070fbd3-5bf6-4d8e-a2e1-d9393f29d014,fraud_card_not_present,electronics,upi,689.76,2,12,delivered_no_signature,False,0.297,0.646,1,567,0.6303,True
adb63942-5c3b-4f57-9044-403de1c60f56,item_not_received,apparel,wallet,4649.99,15,21,signed_confirmation,False,0.224,0.275,0,625,0.8741,True
e2000612-8746-4e22-acd2-c7813a44271d,fraud_card_not_present,electronics,netbanking,3660.77,15,13,delivered_no_signature,False,0.551,0.473,1,201,0.4457,True
93c8377d-8014-4379-b908-08923d74cf01,fraud_card_not_present,home_goods,netbanking,2702.84,4,6,not_shipped,True,0.856,0.225,1,397,0.5745,True
34cf2cc3-3034-4573-a356-03e6352d59ef,item_not_received,electronics,upi,333.29,14,9,in_transit,True,0.402,0.903,1,134,0.3038,False
798fbfbd-c416-4785-885b-edc1eacba9d3,fraud_card_not_present,digital_goods,wallet,1650.07,10,11,not_shipped,False,0.619,0.522,0,157,0.3272,True
190bb97f-64a5-4783-8ea7-f2e327febc72,fraud_card_not_present,groceries,wallet,776.69,9,20,signed_confirmation,False,0.067,0.887,3,345,0.41,True
32053edf-3995-4ca9-9001-5e2a9796821f,not_as_described,home_goods,netbanking,243.39,29,6,delivered_no_signature,False,0.682,0.344,0,59,0.3435,True
aa26cde7-936c-4931-8cbb-4c5a877afa96,item_not_received,electronics,upi,7325.03,16,12,signed_confirmation,True,0.389,0.382,1,258,0.9389,True
39185488-7741-44e9-a20e-3be83815d4f7,item_not_received,digital_goods,upi,236.13,1,10,signed_confirmation,False,0.135,0.576,0,621,0.8844,True
07a3b977-c6b6-4882-9050-d398113e85db,not_as_described,beauty,upi,511.75,25,8,in_transit,False,0.731,0.857,1,287,0.5523,True
6e31815c-012d-4c19-b6ba-ac4941e42a3d,subscription_not_cancelled,home_goods,card,176.4,7,12,signed_confirmation,True,0.914,0.424,0,479,0.7527,True
e622f7df-9c2f-49a3-966a-11be373effe8,subscription_not_cancelled,digital_goods,upi,387.08,14,9,signed_confirmation,False,0.82,0.557,0,406,0.5968,True
12562090-5dfc-47fa-b20c-8ea653146fd5,fraud_card_not_present,beauty,card,1464.82,10,21,in_transit,True,0.471,0.386,1,1160,0.2926,True
dff0f891-c0d0-46b6-b6e3-5c8d4eff9cfe,fraud_card_not_present,electronics,netbanking,2172.63,9,17,delivered_no_signature,False,0.683,0.667,0,54,0.566,False
26ea8e29-7a4a-4d96-ba6c-07e93a82febb,duplicate_charge,groceries,upi,706.2,4,3,signed_confirmation,True,0.636,0.791,0,1061,0.5748,True
bd05aeb9-b33c-4b5f-bd29-9b64163d9b74,item_not_received,home_goods,card,669.77,2,15,delivered_no_signature,False,0.374,0.762,0,1102,0.4482,False
6c497979-b9c7-4ea5-b2de-f8bbec70d376,item_not_received,groceries,card,365.2,3,10,in_transit,False,0.421,0.531,0,633,0.2809,False
ebc24bff-4aad-42ff-ac9b-8a83e1a7a67c,item_not_received,electronics,card,789.78,3,12,signed_confirmation,False,0.686,0.736,0,537,0.9302,True
a5ff0bc5-0c43-43f4-bcda-34926a71b34b,item_not_received,apparel,upi,137.41,21,4,signed_confirmation,False,0.411,0.808,0,63,0.8548,True
b25f447c-5a29-48db-b9ab-b136dffc37e7,fraud_card_not_present,home_goods,upi,474.48,9,10,in_transit,False,0.57,0.84,0,274,0.746,False
7c2ef029-ac9e-44e3-ad64-ef416507307d,duplicate_charge,apparel,card,7743.8,8,3,delivered_no_signature,False,0.201,0.629,1,365,0.4881,True
76322224-cabb-4b10-9fae-989e8d2afc20,fraud_card_not_present,beauty,upi,1354.21,18,5,in_transit,False,0.945,0.744,0,247,0.8061,True
7c3837d2-4d5a-4e61-b32b-f8b8c380ada8,fraud_card_not_present,groceries,card,1104.74,34,13,delivered_no_signature,True,0.688,0.809,0,548,0.6633,False
77312cd3-a0ae-4820-9801-2be66894c564,duplicate_charge,home_goods,netbanking,1022.03,11,21,not_shipped,False,0.347,0.492,2,1195,0.6508,True
84022c18-4997-4d96-b61e-a0a92ee96c70,subscription_not_cancelled,electronics,upi,1017.08,6,21,delivered_no_signature,True,0.564,0.774,0,392,0.4736,True
d5fa1322-06e8-42d2-81d1-42b085be7c6d,duplicate_charge,digital_goods,upi,2031.92,17,16,signed_confirmation,True,0.701,0.385,0,699,0.9789,True
e4387a5f-a413-469b-8f07-54011f79f300,duplicate_charge,electronics,upi,639.64,3,18,delivered_no_signature,False,0.554,0.274,0,119,0.7466,False
a8d3b7e8-38c7-4f82-855d-9f1e8c01066e,fraud_card_not_present,digital_goods,card,906.54,17,1,delivered_no_signature,False,0.563,0.429,0,350,0.7666,True
aaa1f0bd-00fd-4b01-8d53-a0d5dcb6706e,item_not_received,apparel,wallet,1240.86,1,4,delivered_no_signature,False,0.829,0.303,3,155,0.1953,True
8f8eb441-1b24-482c-a3c5-dc0659913509,fraud_card_not_present,electronics,upi,491.78,4,9,signed_confirmation,False,0.178,0.58,2,1409,0.4493,False
acc7a33b-c5ec-4cdf-9841-080814b467b0,fraud_card_not_present,beauty,card,3354.59,5,11,signed_confirmation,False,0.452,0.854,1,372,0.7042,True
4ba79062-42d3-4d0b-8057-fcd36880c119,item_not_received,beauty,upi,698.81,8,8,signed_confirmation,True,0.819,0.323,0,268,0.8368,True
9f97e60a-52e2-492a-a518-37a769f2efe0,item_not_received,groceries,card,413.38,8,3,signed_confirmation,False,0.404,0.339,1,390,0.574,False
92bf6519-e172-4160-9f89-c87d06ea0283,fraud_card_not_present,apparel,card,1366.86,2,3,signed_confirmation,False,0.942,0.435,0,62,0.694,False
b0c674ef-f6dc-4c9f-be98-54a72f493b19,not_as_described,electronics,upi,404.86,1,5,not_shipped,False,0.434,0.403,1,1246,0.2029,False
badff43a-fe98-40f4-8255-c47e90d88b34,duplicate_charge,electronics,upi,368.05,6,1,signed_confirmation,False,0.457,0.659,1,620,0.8797,True
6b146548-fad2-4347-8765-ea4ecce7ef39,not_as_described,beauty,netbanking,1600.14,10,20,delivered_no_signature,False,0.348,0.392,0,264,0.0734,False
798f7142-d6c7-4506-b225-5c0b70e0b3ec,fraud_card_not_present,apparel,card,2036.73,35,12,not_shipped,False,0.869,0.774,1,472,0.1639,False
4b846149-1dc9-4b0f-8758-ad542c4e42bf,not_as_described,digital_goods,upi,2910.67,3,3,delivered_no_signature,True,0.485,0.646,0,241,0.3045,False
b281b6a8-b138-4b69-a911-b4c2f04df902,item_not_received,digital_goods,netbanking,529.6,15,5,in_transit,True,0.439,0.542,1,712,0.5237,True
3aade71c-b963-4b79-bd4b-d58e58a14cb0,fraud_card_not_present,digital_goods,netbanking,2706.99,1,13,in_transit,True,0.519,0.833,0,801,0.362,False
a6e8f6c7-f113-45c5-bb87-3de279153572,not_as_described,groceries,upi,1057.62,3,9,delivered_no_signature,False,0.557,0.299,1,52,0.3938,False
e88aedfd-4418-4488-8eb6-eabd4a47b882,item_not_received,apparel,card,970.64,1,4,delivered_no_signature,False,0.385,0.906,0,844,0.7359,True
d2a0fecb-f151-4429-95ed-7ae8af69f951,not_as_described,home_goods,netbanking,1392.38,4,10,signed_confirmation,False,0.548,0.446,0,87,0.5125,False
2d89d476-006b-4b87-a586-a154394b9c0b,item_not_received,home_goods,card,333.21,13,11,signed_confirmation,False,0.165,0.884,1,773,0.8866,True
a6a34e33-0655-4d0b-90d6-901d224ed442,not_as_described,digital_goods,netbanking,1325.26,3,3,signed_confirmation,False,0.719,0.902,1,976,0.6218,False
6b1b76a3-e2a1-494f-a6ed-fa09d573f178,not_as_described,digital_goods,upi,1557.89,1,20,signed_confirmation,False,0.671,0.7,0,250,0.8301,False
286b5e24-294a-4156-b42b-c9c57ae0e606,item_not_received,beauty,card,2796.07,13,4,not_shipped,True,0.884,0.192,0,357,0.3429,False
5c28867b-1038-4818-9ecc-2dbf998a3a79,item_not_received,electronics,upi,697.35,2,6,signed_confirmation,False,0.37,0.515,0,193,0.7753,True
cdbec6b7-b8f8-45fa-b562-5e6544a0c792,item_not_received,groceries,netbanking,119.36,13,21,signed_confirmation,True,0.583,0.685,0,618,0.8719,True
6034d228-8ab0-461e-9a3e-f095c26d79f4,duplicate_charge,beauty,wallet,3524.74,18,2,signed_confirmation,True,0.396,0.494,0,23,0.8121,True
999411c1-0597-4a97-adcc-9af079b8a278,fraud_card_not_present,beauty,upi,922.13,5,3,delivered_no_signature,False,0.409,0.665,2,1210,0.2823,False
7e19493e-9170-4124-9986-a51817ca44db,subscription_not_cancelled,electronics,card,301.62,5,7,delivered_no_signature,False,0.601,0.961,0,589,0.765,True
dd2e22d7-905b-4391-a26d-d0f5c9d9c450,not_as_described,beauty,card,271.17,6,17,signed_confirmation,False,0.537,0.293,0,141,0.1794,True
1e2f7f5c-a143-48c2-9c01-937e61fb0abc,not_as_described,electronics,upi,932.7,5,11,signed_confirmation,True,0.87,0.487,0,515,0.5096,False
56f3ddcf-cdb2-4023-9994-b3a88721e9a1,item_not_received,beauty,netbanking,734.25,13,19,not_shipped,False,0.934,0.296,0,490,0.2754,False
372d74c3-ac0a-4adb-9e8c-0b2620edddc1,fraud_card_not_present,beauty,upi,597.92,1,2,signed_confirmation,False,0.478,0.91,0,197,0.7392,True
5a8faf8f-722f-42a8-b886-b1a68a1a4a6e,duplicate_charge,beauty,upi,344.0,14,15,in_transit,False,0.786,0.882,2,730,0.317,False
6c415e1f-e625-4766-98cf-5136754b440b,not_as_described,groceries,netbanking,469.59,7,6,signed_confirmation,False,0.864,0.7,0,471,0.5444,False
480dff6d-360d-447d-b809-2a1097cacc04,fraud_card_not_present,beauty,card,621.65,3,21,not_shipped,False,0.663,0.455,0,751,0.1575,False
7b90b9f9-8596-4959-ac18-a0f43741e17a,item_not_received,apparel,wallet,1288.38,6,13,delivered_no_signature,False,0.531,0.863,1,211,0.8481,True
e138e963-7e6c-4ce8-9dc9-06710d4ff505,not_as_described,beauty,card,964.27,4,21,delivered_no_signature,True,0.721,0.685,1,142,0.2724,False
7d7d7bb5-a510-444f-9b99-691dddfd2e0d,fraud_card_not_present,electronics,netbanking,363.13,9,1,in_transit,True,0.076,0.696,1,301,0.2399,False
b18a772f-ab10-419d-ba83-5337d00dd535,not_as_described,apparel,wallet,1723.27,3,7,not_shipped,True,0.789,0.779,0,126,0.7916,True
fc4ab250-c9f3-4408-8e11-2cb81c4be316,not_as_described,electronics,wallet,4244.4,3,7,signed_confirmation,False,0.291,0.675,0,1814,0.4017,True
176846a6-585b-488d-b439-524d9cdd5631,item_not_received,digital_goods,upi,1881.78,2,2,not_shipped,True,0.082,0.917,0,260,0.2135,True
c5745406-a571-4b94-b323-91a6647ba525,subscription_not_cancelled,digital_goods,card,768.98,12,14,in_transit,False,0.534,0.583,0,309,0.6146,True
d9605222-0af3-4245-9aa8-84e7ccc950c3,subscription_not_cancelled,apparel,wallet,143.25,1,17,delivered_no_signature,False,0.409,0.318,2,359,0.2303,False
990c9b05-1d2a-45ca-b687-3fea6cb6c866,duplicate_charge,digital_goods,wallet,107.83,27,12,delivered_no_signature,False,0.69,0.583,0,517,0.5755,True
6b4bf1ab-efb4-4b8c-b60f-d8a08645eb2e,fraud_card_not_present,home_goods,card,425.27,2,21,signed_confirmation,False,0.868,0.852,0,1047,0.5409,True
03026825-554a-4a01-82de-64fdc6a0a1ee,duplicate_charge,apparel,wallet,935.27,16,18,delivered_no_signature,False,0.261,0.652,2,458,0.2872,True
5a55a16f-4179-4413-b8ce-566b39add789,item_not_received,beauty,card,283.91,6,19,in_transit,False,0.447,0.324,1,294,0.4165,False
2f952813-7330-4603-b3bf-54231d730dc3,duplicate_charge,apparel,upi,906.48,5,21,in_transit,False,0.358,0.505,0,515,0.7635,True
eb87cf43-5832-4d80-b3fe-20ef0e75831d,item_not_received,digital_goods,upi,298.69,26,8,signed_confirmation,False,0.314,0.592,1,372,0.8661,False
2537db9e-4e5e-4efb-88c3-cd168098c346,item_not_received,beauty,card,331.15,16,17,signed_confirmation,False,0.646,0.336,1,209,0.9069,True
bac932af-5f2c-4c7e-b009-d546875bcff8,fraud_card_not_present,groceries,card,2809.44,51,10,signed_confirmation,False,0.533,0.477,0,417,0.6391,True
55204ca4-93d9-47d4-b40e-57b0d41a06bd,fraud_card_not_present,digital_goods,card,644.91,4,13,signed_confirmation,False,0.42,0.448,2,67,0.2472,False
336cea75-84a6-42f9-aff1-038bc028ad92,fraud_card_not_present,apparel,upi,813.79,5,16,in_transit,False,0.681,0.531,2,658,0.2437,False
81e9126d-7383-4123-b4e2-2fe374e0700b,not_as_described,digital_goods,netbanking,1195.75,15,18,signed_confirmation,False,0.871,0.677,0,37,0.3028,False
3184360f-eda4-4295-92bf-8664a7396dd9,fraud_card_not_present,groceries,netbanking,1849.98,2,11,delivered_no_signature,True,0.47,0.778,1,15,0.0273,False
f4dd95a8-4979-408c-aa8d-71e07fa5bf67,fraud_card_not_present,digital_goods,netbanking,743.41,10,1,delivered_no_signature,False,0.596,0.333,0,85,0.3934,False
e181439f-3d82-4887-9458-c130a2e2e812,fraud_card_not_present,digital_goods,card,217.39,8,13,signed_confirmation,False,0.679,0.651,1,115,0.6864,True
f12ef34d-b8ca-4d1f-84b2-09720d010639,fraud_card_not_present,electronics,upi,538.39,10,14,delivered_no_signature,False,0.888,0.458,0,178,0.525,True
9b9a8d12-fa5c-4a25-99bc-05eb09f702a7,fraud_card_not_present,electronics,card,303.94,1,18,not_shipped,False,0.859,0.232,1,291,0.5139,True
b9071f09-09cb-49e5-9403-fc5b77469aba,item_not_received,electronics,upi,729.21,32,14,not_shipped,False,0.838,0.671,2,230,0.0607,False
ce0c165d-fa41-430a-99f6-93b36d9460fa,item_not_received,groceries,card,337.26,1,12,not_shipped,False,0.071,0.503,0,534,0.0132,False
43f49eb4-03cb-4256-8d8a-49fdae82c946,item_not_received,beauty,netbanking,587.92,2,7,delivered_no_signature,False,0.515,0.438,0,345,0.3445,True
08a3ce42-7353-499d-99f3-5f34cce40b2c,fraud_card_not_present,apparel,card,1794.05,6,13,delivered_no_signature,False,0.559,0.862,0,27,0.5209,False
34303827-03bd-4973-b234-98b64bce940c,duplicate_charge,electronics,card,6119.83,3,14,in_transit,False,0.786,0.623,0,922,0.2135,False
b18bd068-8879-40a4-a636-4db6dfaccf46,fraud_card_not_present,groceries,card,901.77,8,8,delivered_no_signature,True,0.817,0.645,0,338,0.2071,False
d4ef1312-e365-4664-8bf9-0fb185932e30,fraud_card_not_present,beauty,card,712.23,3,12,signed_confirmation,True,0.507,0.546,0,157,0.7296,False
00757feb-44e7-4d98-96f7-5db142fbaf41,item_not_received,apparel,netbanking,1011.88,24,9,signed_confirmation,True,0.853,0.608,0,499,0.7684,True
ac5aa9ad-2bfa-4961-a112-54b5643a25dc,fraud_card_not_present,digital_goods,netbanking,424.12,1,19,signed_confirmation,False,0.265,0.568,0,1012,0.7938,True
64ee3728-4aa2-4e0a-a7e6-8221ce14d4f5,item_not_received,home_goods,card,7253.35,5,10,in_transit,True,0.521,0.79,0,256,0.3913,False
d86028b4-99ce-4096-b526-b7ba55593b57,subscription_not_cancelled,home_goods,card,4733.27,19,8,delivered_no_signature,False,0.458,0.169,4,36,0.5237,True
ccb65b5d-c12d-4392-804d-b39b4f1fa1d1,not_as_described,home_goods,wallet,597.85,6,2,in_transit,False,0.486,0.912,1,635,0.6171,False
83b5cf4d-095f-4010-85e6-ec36e7d40bd0,duplicate_charge,digital_goods,card,881.46,8,7,signed_confirmation,False,0.267,0.597,0,1663,0.8134,True
695c469d-fc98-4929-8b05-528f09b7eec9,item_not_received,groceries,card,2503.36,1,8,delivered_no_signature,True,0.221,0.546,2,150,0.6017,False
7c5a05a3-df6f-43e1-ba36-6aac195303d8,item_not_received,digital_goods,upi,1618.36,7,5,delivered_no_signature,False,0.364,0.547,1,309,0.8082,True
6b9672d0-c4a3-426d-b6bc-3011adc8024b,item_not_received,groceries,card,422.41,19,12,delivered_no_signature,False,0.346,0.422,0,138,0.7393,True
41d37810-f793-4bfa-bf94-02a16086c077,duplicate_charge,groceries,card,1191.5,17,20,signed_confirmation,True,0.295,0.618,1,310,0.5701,False
4a85d2ea-9827-40d8-9721-edea2e28a5db,not_as_described,home_goods,card,382.55,23,17,not_shipped,True,0.255,0.879,0,1384,0.7995,True
f7fe75de-af1a-4f5c-a1ac-8c58fd34927e,fraud_card_not_present,apparel,upi,548.02,28,4,signed_confirmation,False,0.517,0.592,0,520,0.6415,True
afc06fac-c802-43b8-b6aa-de8c89e351f0,subscription_not_cancelled,electronics,upi,486.43,13,4,in_transit,True,0.386,0.716,1,342,0.6911,True
aa408b1b-cd4c-46b2-9374-64ec7ce88db4,not_as_described,apparel,wallet,1516.38,25,4,in_transit,True,0.202,0.426,1,127,0.2953,True
e99e8e22-ee72-4662-b028-0a81ace4e7ed,item_not_received,groceries,card,1947.42,2,6,in_transit,True,0.439,0.58,0,1733,0.6663,True
4eb658ae-e539-49dd-abc0-c2608a646dd3,item_not_received,groceries,upi,1863.09,16,21,signed_confirmation,True,0.13,0.811,1,57,0.8186,True
06ef7a0a-1aef-4961-97a6-b43a73cc5686,item_not_received,home_goods,upi,2076.9,3,3,in_transit,True,0.378,0.513,1,27,0.7663,False
ee3984d8-d0e0-4f8e-9ce2-90cbb67d034e,fraud_card_not_present,apparel,netbanking,1351.44,8,18,signed_confirmation,False,0.704,0.196,0,292,0.7247,False
5630b671-1369-4482-8d36-3cfe3d025c9d,item_not_received,groceries,wallet,2550.85,6,5,signed_confirmation,False,0.688,0.822,1,338,0.8537,False
d56fc2ac-1ac3-4a39-b543-9ce903a4049d,item_not_received,digital_goods,upi,586.72,1,12,delivered_no_signature,False,0.637,0.283,0,579,0.6438,False
e3461184-b51b-4a02-b021-59ddff1b8e05,item_not_received,home_goods,card,616.72,2,18,delivered_no_signature,False,0.073,0.145,0,396,0.6573,True
7670f33c-d1b4-4013-b134-1d40458634f3,fraud_card_not_present,apparel,upi,167.3,10,20,delivered_no_signature,False,0.271,0.935,0,45,0.2072,False
7078e6f2-0898-4105-b8cc-b0a300741881,subscription_not_cancelled,digital_goods,upi,1265.3,8,9,signed_confirmation,True,0.51,0.497,0,257,0.8712,True
18049d0e-ec4a-40a3-85d3-cc2870f25550,fraud_card_not_present,home_goods,card,687.77,1,12,delivered_no_signature,False,0.371,0.713,0,396,0.7934,True
36054405-3d9b-4c4e-84cf-1438936d32f8,fraud_card_not_present,electronics,netbanking,1672.71,4,13,not_shipped,False,0.381,0.544,0,313,0.2261,False
5e1c3b5e-8d36-4d41-ad83-1e28b29e74b9,item_not_received,apparel,upi,520.51,5,15,signed_confirmation,False,0.559,0.528,0,298,0.8936,True
2bc06bdf-5eda-4aae-8573-7adf8072d28a,not_as_described,electronics,card,2657.04,15,18,delivered_no_signature,True,0.481,0.864,1,145,0.7509,True
00c96e29-c598-455e-9137-1790dec37161,item_not_received,apparel,card,502.33,11,5,delivered_no_signature,True,0.147,0.246,0,546,0.6915,True
9515c234-1ca7-418e-92db-14247728b29b,item_not_received,electronics,card,351.22,2,14,delivered_no_signature,False,0.423,0.13,1,160,0.828,False
21498637-9384-43ba-a060-a796d63e2232,fraud_card_not_present,beauty,wallet,317.31,8,11,signed_confirmation,False,0.307,0.475,0,534,0.1844,False
e9533f28-d58b-4eb4-9279-aae1ac2069d2,fraud_card_not_present,groceries,card,630.05,1,14,delivered_no_signature,True,0.634,0.525,0,447,0.593,True
df450c4e-f310-445a-8207-a32f5f47bf61,duplicate_charge,home_goods,upi,94.16,20,21,signed_confirmation,False,0.567,0.591,1,213,0.3742,True
bf2399e7-b040-45e1-b755-fd86d0398581,item_not_received,beauty,upi,1138.67,25,2,delivered_no_signature,False,0.385,0.675,0,150,0.4279,False
ea707788-a6a4-4b4c-b7da-d42fdca04987,fraud_card_not_present,beauty,card,2170.53,25,17,delivered_no_signature,True,0.216,0.804,1,50,0.6011,True
ce694e5a-3b10-48fa-82a2-6070389fd3ea,item_not_received,groceries,netbanking,444.11,27,1,signed_confirmation,False,0.237,0.417,3,518,0.8108,False
1b743eab-21d2-4c9f-9884-18b932e735ed,fraud_card_not_present,apparel,card,4349.93,12,6,signed_confirmation,False,0.701,0.564,0,501,0.7555,True
e4a679c0-6a67-4011-835a-51452f9cc885,duplicate_charge,digital_goods,card,980.65,3,14,signed_confirmation,False,0.632,0.746,2,197,0.4324,True
7eb91b21-3782-4a63-9a44-9e5c7b37eb68,item_not_received,beauty,upi,2533.92,3,1,delivered_no_signature,False,0.498,0.661,4,418,0.7639,True
a9d496ea-1112-47e3-b5c5-5b841ff74048,fraud_card_not_present,apparel,wallet,538.27,1,8,delivered_no_signature,True,0.646,0.407,0,63,0.6955,True
0e3985c5-4b75-4a5c-b2f7-4b877c0b1f81,item_not_received,home_goods,upi,310.17,7,10,delivered_no_signature,True,0.403,0.73,0,49,0.9182,True
6b825244-e8a5-4f43-96fc-250e9669d9e3,fraud_card_not_present,digital_goods,netbanking,751.87,5,11,signed_confirmation,False,0.943,0.254,1,383,0.815,True
b8343950-7105-4794-a4a3-aa8d4648e0bf,item_not_received,groceries,card,1377.02,27,8,in_transit,True,0.615,0.34,0,782,0.6262,False
4c96b0c2-d0a5-4c35-a108-30200d2e7e19,item_not_received,apparel,upi,5466.31,13,3,delivered_no_signature,False,0.379,0.312,1,472,0.4641,False
9bc25b70-73e7-4b5c-ae66-64d116a79615,not_as_described,groceries,upi,1971.67,3,8,delivered_no_signature,True,0.794,0.711,1,20,0.62,True
262ca77b-deba-42f0-b0c2-2329c38d4591,not_as_described,home_goods,upi,3495.51,22,3,in_transit,True,0.254,0.896,1,282,0.4476,True
eaabbc09-2ae1-4919-8e79-69d4a5eeac8e,item_not_received,apparel,upi,90.64,3,2,in_transit,True,0.32,0.766,0,351,0.5219,True
5703917b-faa5-4476-b921-357458e18297,duplicate_charge,electronics,card,3442.45,6,16,signed_confirmation,False,0.687,0.422,2,519,0.6109,False
b4321105-b419-48c4-a8ce-299dee63116b,item_not_received,beauty,upi,108.7,3,17,signed_confirmation,False,0.513,0.93,1,282,0.977,True
70d748aa-53fb-45cf-b11e-7db27d6f0cd0,fraud_card_not_present,apparel,upi,476.92,2,10,signed_confirmation,False,0.623,0.668,0,429,0.5632,False
b2fef66f-5b2c-439f-8082-bc0d9f1ca208,fraud_card_not_present,digital_goods,card,2112.73,13,14,signed_confirmation,True,0.671,0.524,1,562,0.2028,True
c9a790d0-7d23-46bd-af6e-4930be026dbc,fraud_card_not_present,electronics,upi,584.75,1,2,signed_confirmation,True,0.24,0.365,0,669,0.1921,False
f1f8dbf6-9e9d-4298-bff2-c246a720c846,not_as_described,electronics,upi,2165.15,2,12,delivered_no_signature,True,0.899,0.816,1,329,0.2556,False
8a7d027c-6143-4e0a-a6b3-d17ca048b18c,fraud_card_not_present,apparel,upi,3463.24,47,8,not_shipped,True,0.273,0.822,0,65,0.1986,False
f7c74065-3b36-4201-9f71-c52562c29821,fraud_card_not_present,apparel,upi,136.75,1,21,signed_confirmation,True,0.929,0.856,0,1020,0.4966,False
8ae4ea62-b35a-4f3b-83a6-41c1f13af336,duplicate_charge,apparel,upi,1211.2,6,9,in_transit,True,0.216,0.582,0,231,0.8709,True
745c0b60-5e0a-44bf-8d0f-d46d6ec33629,not_as_described,beauty,netbanking,214.01,15,5,signed_confirmation,False,0.618,0.695,1,36,0.6363,False
49783969-77a6-417f-8c2a-230a4271aeac,not_as_described,groceries,upi,2531.3,20,14,signed_confirmation,True,0.308,0.447,0,735,0.7115,True
c1816ddc-b9cb-4771-8633-5c3ef3e47fd5,duplicate_charge,groceries,card,741.38,12,19,signed_confirmation,True,0.404,0.713,0,297,0.7245,True
f6af3a11-d58a-47e7-b260-93beef2ac75c,fraud_card_not_present,apparel,upi,347.78,3,2,in_transit,False,0.587,0.628,0,264,0.2178,False
b754ee65-8296-4df4-a641-b0c735f02b47,subscription_not_cancelled,apparel,upi,1772.29,14,1,delivered_no_signature,False,0.932,0.581,2,901,0.2443,False
96af9960-027d-460b-adee-09504be31b55,subscription_not_cancelled,digital_goods,card,1041.97,3,6,not_shipped,True,0.799,0.146,1,503,0.366,False
b97f61a4-37f7-46e4-b96a-8c8a65b35cbf,item_not_received,electronics,netbanking,2241.81,6,21,delivered_no_signature,False,0.829,0.785,0,169,0.6532,False
1ba02af4-57a9-4453-8aac-651fc416379c,fraud_card_not_present,beauty,netbanking,914.69,8,7,delivered_no_signature,False,0.73,0.747,0,196,0.618,True
a888b5c1-d867-4cfa-b2ad-9b46e0060390,fraud_card_not_present,home_goods,card,318.93,21,13,delivered_no_signature,False,0.108,0.637,1,294,0.3688,True
60f24356-8631-471e-aaed-0ab101c9119a,not_as_described,electronics,wallet,885.61,2,17,not_shipped,False,0.578,0.181,1,201,0.0624,False
ea08425b-8303-4d6b-ac08-902b2418e2e7,item_not_received,apparel,card,1822.09,2,21,in_transit,False,0.6,0.527,1,412,0.2835,False
44301f3a-69ad-49c6-92fe-5198f8625846,subscription_not_cancelled,groceries,netbanking,142.25,19,17,not_shipped,True,0.45,0.684,0,1013,0.8465,False
5a1cedaf-d89f-4b22-a418-0369a1060242,subscription_not_cancelled,digital_goods,card,719.86,2,21,delivered_no_signature,False,0.699,0.744,0,232,0.4946,True
c236f2f5-4e2d-4752-bec8-df5e58461632,not_as_described,groceries,card,453.85,5,11,signed_confirmation,False,0.239,0.551,0,140,0.565,True
bd017301-5945-422b-9136-e3fc2158415b,item_not_received,beauty,upi,679.21,4,8,signed_confirmation,False,0.367,0.395,0,374,0.5366,True
a96c1cbb-4e72-40c9-b45c-c7236ed7d3a1,item_not_received,beauty,netbanking,2610.49,1,18,delivered_no_signature,False,0.165,0.373,1,117,0.5174,True
e5634bb6-b4d9-45dc-9e16-a75492ed52ec,duplicate_charge,beauty,card,782.49,2,7,signed_confirmation,False,0.833,0.733,0,658,0.7348,True
218093ec-6d5c-4a63-a15a-7bf9829dffc4,fraud_card_not_present,groceries,card,1336.23,2,21,signed_confirmation,True,0.195,0.422,1,169,0.4692,False
31e0d22a-9608-42d4-afe6-39b670ee21d4,item_not_received,electronics,upi,520.05,4,11,delivered_no_signature,True,0.588,0.936,1,393,0.7356,True
8bf37d03-8fb8-407e-8070-56fda3c385c5,item_not_received,home_goods,card,111.9,6,19,signed_confirmation,False,0.712,0.737,0,276,0.771,True
79459fbf-b83e-449a-a52e-8ef3c4aa0faa,duplicate_charge,beauty,upi,271.43,3,9,signed_confirmation,True,0.713,0.766,1,379,0.8269,True
90183904-fd99-4a7a-8346-ab0cd660727a,fraud_card_not_present,beauty,card,2595.76,1,16,signed_confirmation,False,0.034,0.531,0,101,0.4108,False
62d45f8e-f3f4-46ea-b643-ce9fd281dc6e,not_as_described,digital_goods,card,965.19,23,7,delivered_no_signature,False,0.152,0.503,0,462,0.2638,True
fe46ae89-093c-4750-a19c-5fd880c0e4e7,item_not_received,home_goods,wallet,510.1,5,2,not_shipped,False,0.456,0.862,0,129,0.0698,False
d83d7997-7956-46f9-a7bb-b7065fb4d144,subscription_not_cancelled,apparel,card,714.14,12,6,not_shipped,True,0.501,0.927,0,84,0.8158,True
e32f425d-c405-43bb-b857-1f253a2e1840,subscription_not_cancelled,electronics,card,298.09,10,14,signed_confirmation,True,0.41,0.62,0,370,0.7274,True
42faa2ea-0161-4029-bed5-f9f78d869025,fraud_card_not_present,groceries,card,607.52,5,7,delivered_no_signature,False,0.604,0.583,0,535,0.4519,True
d605463c-c034-4593-ab4d-c9f507479d0b,item_not_received,groceries,upi,334.52,4,2,signed_confirmation,False,0.515,0.273,0,35,0.7738,False
dba6a17d-b7c3-4102-8072-3c76a03afa16,not_as_described,groceries,upi,953.45,7,11,signed_confirmation,True,0.276,0.56,0,62,0.7627,True
92bb8728-4814-40ab-b782-32b055d2494e,item_not_received,electronics,card,668.0,4,5,not_shipped,False,0.276,0.669,1,220,0.1039,False
10cef1f2-696f-4772-b473-3d5916caae65,item_not_received,groceries,card,463.28,1,1,delivered_no_signature,False,0.918,0.311,0,886,0.6686,True
59559f62-a6ea-400b-8c2e-ad0f8f008eb4,item_not_received,digital_goods,upi,163.55,15,1,in_transit,False,0.786,0.521,0,620,0.1709,True
912f931b-0770-45ce-a856-47d15b187e00,not_as_described,groceries,card,1865.68,7,18,signed_confirmation,True,0.586,0.173,0,696,0.7515,True
f02d4ee1-771f-4e5e-8b18-6fd4f1745080,item_not_received,home_goods,wallet,2202.79,7,16,delivered_no_signature,False,0.311,0.761,0,101,0.4001,False
1432c0eb-6133-49a6-9afa-c13f51261644,fraud_card_not_present,electronics,upi,568.4,4,16,not_shipped,True,0.709,0.481,0,892,0.4253,True
a46e3b39-ef97-4596-b25f-f28fc91b63fd,fraud_card_not_present,digital_goods,card,451.35,14,10,signed_confirmation,True,0.244,0.733,1,750,0.1726,False
57a6e78a-7eee-42da-b759-24ae981e6876,subscription_not_cancelled,groceries,upi,589.5,10,5,signed_confirmation,False,0.84,0.864,2,395,0.1405,False
c29875ec-191d-4096-b0fa-89859f8f2b56,subscription_not_cancelled,home_goods,card,2780.74,21,16,signed_confirmation,True,0.427,0.452,2,1151,0.6546,False
4e71db86-e4d9-4195-8d4e-71c4dbe413a3,not_as_described,digital_goods,upi,1130.51,6,12,in_transit,False,0.675,0.454,1,385,0.2813,False
9f90545f-7431-4f9b-928c-785b6e6cb1a4,item_not_received,digital_goods,card,869.38,1,14,signed_confirmation,True,0.864,0.523,1,446,0.8078,True
3e6d0ec4-2e55-438f-b358-3deaa7e3fc01,fraud_card_not_present,beauty,card,1126.34,32,6,signed_confirmation,False,0.933,0.393,2,172,0.628,False
1f15e472-3f22-4806-90eb-5fa492805930,fraud_card_not_present,home_goods,upi,1136.93,8,3,delivered_no_signature,True,0.517,0.59,2,65,0.1435,False
36a19159-ca98-4335-989d-144de9c5f8b9,fraud_card_not_present,electronics,card,609.25,13,13,signed_confirmation,False,0.203,0.641,0,205,0.548,True
257529e3-a819-4549-b133-de0739a7ca8a,item_not_received,electronics,card,754.43,4,20,delivered_no_signature,False,0.218,0.453,1,13,0.4019,False
e1a9bcd7-f385-43a0-b964-eb98cb4e5771,fraud_card_not_present,apparel,card,1502.61,5,20,delivered_no_signature,True,0.78,0.751,0,753,0.4582,True
e74ca2a1-5336-454b-8362-e11dc7837154,item_not_received,digital_goods,upi,266.3,32,1,delivered_no_signature,False,0.674,0.832,0,109,0.8109,True
041e7351-4202-45bf-8e15-6ce26f279cdb,item_not_received,beauty,card,181.86,6,15,delivered_no_signature,False,0.473,0.62,3,82,0.2982,False
85f22d4c-aae6-43ca-a6c0-a2c38c943ce7,item_not_received,home_goods,netbanking,910.2,29,2,signed_confirmation,True,0.588,0.675,0,765,0.8333,True
3761a1e3-6476-493b-80d9-24dea548b9e6,item_not_received,groceries,upi,1757.55,7,13,signed_confirmation,False,0.494,0.422,1,153,0.9194,True
55118f83-95cf-4137-b643-b748671dc4aa,item_not_received,apparel,netbanking,123.96,4,8,delivered_no_signature,False,0.473,0.309,1,652,0.5499,True
4fc96e66-fd49-479f-adc2-c0916da35fba,not_as_described,groceries,upi,2818.9,7,11,signed_confirmation,False,0.372,0.729,1,529,0.3671,False
7f48796e-f732-40ab-b280-f03dc40ea126,item_not_received,beauty,card,1611.12,8,20,not_shipped,True,0.187,0.718,0,215,0.0895,False
9f53fa96-123f-4819-84f1-16c7421c9fad,not_as_described,electronics,upi,3188.02,11,1,signed_confirmation,False,0.516,0.704,1,111,0.5384,True
67597d24-47ca-4b8b-829d-11afcb72046f,fraud_card_not_present,apparel,card,1025.23,20,10,not_shipped,True,0.193,0.814,0,864,0.1484,False
ed7bc1e7-1119-4b66-9bc9-e82652c7bd3b,not_as_described,home_goods,card,1101.69,17,18,delivered_no_signature,True,0.605,0.543,2,348,0.4563,True
e7adc8c8-0f6a-4943-97ec-b7b1312d69ef,item_not_received,groceries,upi,1561.45,21,2,delivered_no_signature,False,0.063,0.499,0,118,0.857,True
b76384d7-aeea-4c13-be4b-0d4c2594ed14,fraud_card_not_present,beauty,card,7846.81,3,11,signed_confirmation,False,0.085,0.493,1,301,0.3859,True
0c6297e5-5f23-4369-bd24-b8f6dccb03bb,duplicate_charge,home_goods,upi,613.71,24,19,delivered_no_signature,True,0.526,0.63,1,434,0.8414,True
ac6ffaa3-f1c7-46f7-8e6a-11cebe4f2395,item_not_received,beauty,card,979.36,3,20,signed_confirmation,False,0.43,0.422,0,107,0.8798,True
1dc8f3da-7b45-48c8-ae03-5b28dd0f062f,subscription_not_cancelled,apparel,upi,357.96,2,6,signed_confirmation,False,0.539,0.918,0,701,0.9008,True
fcd497cc-149e-4ecf-b631-7499c38bd849,not_as_described,groceries,card,1808.16,18,9,signed_confirmation,False,0.479,0.528,0,694,0.1683,False
65865818-7830-4a27-bc8b-ab0aa7784dc1,not_as_described,beauty,upi,97.93,21,13,in_transit,False,0.338,0.534,1,313,0.567,False
f5b95f67-1210-4a5a-916e-593a110ef6dd,fraud_card_not_present,apparel,upi,267.94,2,15,signed_confirmation,True,0.693,0.634,0,68,0.7021,True
3c1bb07e-9fc2-428c-bd9c-db3423277fae,item_not_received,digital_goods,upi,795.29,10,20,delivered_no_signature,False,0.709,0.6,0,21,0.6389,False
7db4f888-2cd7-4bcb-9fc4-aa818bc9a2f9,not_as_described,electronics,upi,1935.72,2,15,not_shipped,False,0.223,0.66,2,1125,0.4191,False
e9f3bde9-7488-4f71-a9d8-05bba6669dd2,fraud_card_not_present,digital_goods,card,1304.29,10,12,delivered_no_signature,True,0.517,0.506,0,22,0.4629,False
25bfeefa-7ce9-4d9d-b580-5f5e491fd006,item_not_received,digital_goods,upi,835.23,2,2,signed_confirmation,True,0.366,0.588,0,57,0.7931,True
96d64e4e-9673-4d9a-a6de-0bcd121f4ce4,duplicate_charge,home_goods,upi,108.2,13,17,signed_confirmation,False,0.547,0.704,3,86,0.7327,True
e3bbcedf-1351-49a5-a57b-690df710a221,item_not_received,home_goods,upi,901.39,3,19,not_shipped,True,0.155,0.665,0,935,0.0744,False
e33b3371-f5f6-4c2b-acfe-af459a58b270,not_as_described,electronics,upi,65.84,1,3,delivered_no_signature,False,0.536,0.656,0,721,0.1504,True
5a95644a-ae5c-4a68-a9e6-7af7b992fff1,fraud_card_not_present,beauty,card,1548.61,12,19,not_shipped,False,0.623,0.379,0,160,0.3283,False
7c6f0736-842b-49d4-932f-75c8258a1e92,fraud_card_not_present,home_goods,card,114.79,41,10,delivered_no_signature,False,0.553,0.8,3,120,0.1397,False
419edb2b-43ba-4cfb-bea8-42ba8f79df9e,not_as_described,apparel,card,401.39,3,8,delivered_no_signature,True,0.719,0.148,0,353,0.4992,False
f896c70d-8525-4f41-8947-53573e37a91e,item_not_received,home_goods,netbanking,1567.07,19,5,signed_confirmation,True,0.308,0.87,1,571,0.949,False
6d460af4-2447-44bc-bdaf-0d2c16ca61ca,fraud_card_not_present,apparel,wallet,809.82,3,11,in_transit,False,0.4,0.551,1,51,0.0942,False
779f9746-abd6-4d50-a8d3-e6efe6b0dc82,duplicate_charge,electronics,upi,1055.09,1,8,signed_confirmation,False,0.545,0.381,0,241,0.6774,True
6e6d1dea-0b05-4b53-9218-6e72c795257a,not_as_described,groceries,card,196.02,3,14,delivered_no_signature,True,0.519,0.958,0,60,0.3778,True
a44ca2dd-2e3e-4195-9a4c-657395d417e2,duplicate_charge,home_goods,card,2574.62,2,14,delivered_no_signature,False,0.735,0.283,0,141,0.5655,False
c0fc306e-0262-47f0-9503-3c55c242ffe1,not_as_described,digital_goods,card,1379.34,11,16,signed_confirmation,True,0.425,0.678,0,437,0.691,True
a9f1b708-cf48-485c-bfa1-c0c6c6339d9b,not_as_described,apparel,card,1261.41,5,19,delivered_no_signature,True,0.133,0.134,0,528,0.6999,True
69284892-c6eb-48d9-b2e0-d78736b4a5fe,not_as_described,electronics,netbanking,1755.51,12,2,delivered_no_signature,True,0.434,0.237,1,170,0.6023,True
72788ada-d743-4d35-82db-cb7cd642ab54,not_as_described,digital_goods,card,691.53,5,5,signed_confirmation,True,0.474,0.501,1,739,0.6837,False
4fa440ed-3b07-4d65-9f61-348cec23a75e,not_as_described,digital_goods,card,367.0,1,15,delivered_no_signature,True,0.384,0.868,0,403,0.5755,False
3333b9a6-206e-4d57-9be3-ea4fbbacdaa1,fraud_card_not_present,apparel,upi,3756.17,16,2,signed_confirmation,False,0.73,0.458,0,50,0.6494,True
ef6c1754-0d4a-4d46-8888-300a2adf5f82,fraud_card_not_present,apparel,card,529.62,4,2,not_shipped,False,0.744,0.273,0,443,0.9046,True
823329ab-aa42-4303-94ed-541a3dd253f5,not_as_described,beauty,upi,434.31,4,4,signed_confirmation,True,0.829,0.565,0,512,0.5611,False
80c0a12b-1408-4372-872f-cf3ddfecdc7b,item_not_received,groceries,card,832.07,11,3,delivered_no_signature,True,0.672,0.856,2,225,0.6883,True
a2a10acc-d531-4a5a-bc2f-da83224b6c65,fraud_card_not_present,home_goods,card,2498.42,9,8,in_transit,True,0.83,0.524,0,489,0.5571,False
225e32d3-c3fc-4503-886e-a8c2452477a9,item_not_received,apparel,upi,203.29,1,3,not_shipped,False,0.523,0.737,0,164,0.1132,False
28684249-b231-4a22-9e85-424dbfc18391,item_not_received,beauty,wallet,369.55,4,1,in_transit,False,0.34,0.756,1,53,0.1965,False
139f4e3f-430c-43a6-85c7-9f016a1c8af4,not_as_described,groceries,card,1008.97,40,19,in_transit,True,0.284,0.922,0,694,0.638,True
98105c0a-3812-4e95-9b2b-3513a23851d5,duplicate_charge,electronics,card,713.48,5,1,in_transit,False,0.269,0.767,0,512,0.7841,True
1611ff18-d495-444d-8843-8cb5085618eb,item_not_received,groceries,card,295.55,15,20,in_transit,True,0.418,0.604,2,611,0.5901,False
5adc2177-adf4-41e4-94a4-f691542191fb,item_not_received,apparel,upi,953.2,7,17,signed_confirmation,True,0.633,0.572,0,37,0.9161,True
becea7af-789b-43c8-b837-c8d7ce1d2e51,subscription_not_cancelled,groceries,wallet,508.39,36,6,in_transit,False,0.72,0.789,1,137,0.6413,False
017337d9-279d-43db-9708-8265056460a9,not_as_described,beauty,wallet,517.49,16,2,signed_confirmation,True,0.434,0.84,0,306,0.8881,True
e719003c-1dc7-46e7-af75-4918ea29b3b4,fraud_card_not_present,electronics,netbanking,1341.0,9,19,delivered_no_signature,False,0.841,0.768,1,925,0.4547,True
4735e7ab-de51-4d37-b474-9fe3513bf9d6,duplicate_charge,electronics,netbanking,827.5,26,4,not_shipped,False,0.205,0.684,1,591,0.4184,True
33976e72-12ca-4019-81cb-ae72f112d44e,item_not_received,groceries,wallet,965.47,23,21,not_shipped,True,0.429,0.448,0,97,0.077,True
2e7ec89f-cc01-443d-91c8-583c83d5c10b,duplicate_charge,apparel,card,1321.18,18,5,signed_confirmation,False,0.832,0.44,0,867,0.6382,False
8efcc422-1792-4e0e-9aa4-dbf83803ee65,fraud_card_not_present,groceries,upi,1327.15,12,14,delivered_no_signature,False,0.693,0.632,2,158,0.4687,True
a66043c5-6d63-48d7-9954-cf04358475a6,fraud_card_not_present,home_goods,netbanking,1757.27,3,3,signed_confirmation,True,0.267,0.3,1,26,0.2666,False
3919a6ec-8c3a-40a8-9799-4d262ac23c04,subscription_not_cancelled,electronics,card,1052.26,18,21,in_transit,True,0.593,0.616,1,1390,0.6265,True
87bd5c24-9428-41dc-a291-6b4aaeefb879,fraud_card_not_present,groceries,upi,6903.32,2,17,signed_confirmation,False,0.798,0.52,2,170,0.2323,True
092a4e75-1366-4bf6-913f-a247580a2981,fraud_card_not_present,digital_goods,netbanking,1023.66,11,18,delivered_no_signature,False,0.567,0.576,0,485,0.5486,True
49eeff44-7b33-4f86-b8ec-8bb142ef8597,item_not_received,groceries,card,621.11,2,1,signed_confirmation,False,0.274,0.405,0,300,0.8884,True
a7f3b27c-7ec9-4aa5-8691-f50323c46007,item_not_received,beauty,upi,643.67,4,8,signed_confirmation,False,0.625,0.541,1,90,0.9366,True
6d1e68a4-5c92-411c-a0d3-ff7718197c40,fraud_card_not_present,apparel,netbanking,533.07,1,19,signed_confirmation,True,0.375,0.515,1,913,0.2488,False
d07916a1-40ca-4694-a4ee-0f884a8c2127,fraud_card_not_present,home_goods,card,2223.26,7,4,in_transit,False,0.835,0.337,1,289,0.7883,False
59598c07-7617-499d-ba78-a7a32ad85e12,item_not_received,beauty,card,1059.39,6,18,delivered_no_signature,True,0.245,0.345,0,84,0.4068,False
40e5dadb-002b-49ca-afd6-17038bc38113,duplicate_charge,electronics,netbanking,1138.98,3,20,in_transit,False,0.434,0.711,1,169,0.6743,False
e7c1660d-eac6-45a4-8aae-daa35bbcc9e3,item_not_received,apparel,card,1657.88,20,3,delivered_no_signature,True,0.79,0.824,1,89,0.8741,False
9acd1b06-6647-41ab-a39c-41fa54d104ee,subscription_not_cancelled,apparel,upi,598.35,1,18,in_transit,False,0.652,0.864,1,151,0.5018,False
27e655b7-d109-4f2a-8bc0-d4cc7def05b6,not_as_described,apparel,card,917.23,42,11,signed_confirmation,False,0.793,0.476,2,1145,0.5434,True
08a5880c-4a95-4314-ae3a-f0d69f9a8401,item_not_received,home_goods,card,393.68,22,2,delivered_no_signature,True,0.78,0.566,1,508,0.6034,True
f16f7a12-a386-4772-8ca6-079901163194,item_not_received,groceries,netbanking,1286.17,17,2,delivered_no_signature,False,0.506,0.809,0,151,0.28,True
0ef52625-4e59-427f-979d-5f779e7ac237,not_as_described,beauty,card,1415.24,18,19,not_shipped,False,0.422,0.372,1,638,0.5519,False
bc68c82d-c31d-49a6-9c98-52ea44267435,fraud_card_not_present,apparel,wallet,1398.79,9,1,delivered_no_signature,True,0.794,0.566,2,330,0.2277,False
263a87be-0b6a-4cc1-8ba0-cbd1c8a15c70,item_not_received,electronics,card,966.9,5,16,signed_confirmation,True,0.529,0.637,0,11,0.9354,True
aff043a1-ebac-445c-a80f-d5b89384efd0,fraud_card_not_present,home_goods,wallet,302.88,6,18,in_transit,True,0.495,0.904,0,84,0.379,True
c48c3909-1de6-4b73-8419-5a7e3a268b0f,not_as_described,home_goods,upi,3566.73,28,2,not_shipped,False,0.291,0.497,0,510,0.7214,True
41ce0738-001f-4341-9cdb-b56aefe14922,fraud_card_not_present,groceries,wallet,1132.54,8,13,in_transit,False,0.488,0.391,0,171,0.4771,True
768523e7-7356-4159-941f-98eb2dc4a833,not_as_described,groceries,upi,3139.38,6,13,not_shipped,False,0.639,0.624,2,316,0.2816,False
04f534e8-3117-4aef-a66a-e725516fe864,fraud_card_not_present,beauty,wallet,1776.59,6,3,delivered_no_signature,False,0.835,0.697,1,371,0.6355,False
a9f61649-7daf-48d7-99c0-0feeec8082f4,duplicate_charge,apparel,card,1991.28,5,19,not_shipped,False,0.531,0.869,1,217,0.488,False
ea5f52b7-989a-45d5-b204-006457cc9fe5,not_as_described,groceries,upi,1826.99,8,15,delivered_no_signature,True,0.274,0.855,1,685,0.6331,False
a166a507-6784-453b-8671-7b85b3bf7a31,duplicate_charge,electronics,card,434.71,52,6,signed_confirmation,False,0.337,0.707,0,312,0.0767,False
2ec87e23-2434-42b5-ad87-181232a5b926,item_not_received,digital_goods,netbanking,2769.9,24,20,delivered_no_signature,True,0.19,0.987,4,482,0.8678,True
95d3fadc-4ad2-4c1d-a7cb-d730c519b4eb,fraud_card_not_present,digital_goods,netbanking,5512.34,2,3,delivered_no_signature,True,0.307,0.503,0,248,0.6057,True
218de86e-40af-41d6-9000-0a869731fc15,item_not_received,digital_goods,upi,619.08,11,6,in_transit,True,0.264,0.843,0,343,0.7161,True
f5299996-0f9e-41f4-8a34-a6a183bb92e6,item_not_received,groceries,upi,1071.22,15,2,signed_confirmation,False,0.321,0.611,0,253,0.8117,True
3b1ac6f9-5ef5-4cef-bf5d-3211147328ed,not_as_described,digital_goods,upi,1282.11,13,1,not_shipped,False,0.474,0.656,1,53,0.6136,False
56c09828-7152-4efa-8009-2668c3968920,item_not_received,electronics,wallet,665.33,8,11,not_shipped,False,0.733,0.944,0,560,0.0213,False
4d60c211-869a-4049-ae33-3aa600d69628,subscription_not_cancelled,beauty,card,432.24,3,14,signed_confirmation,True,0.651,0.562,0,151,0.8893,True
cd0196de-766b-45de-be5d-5dbf1d3f4403,fraud_card_not_present,groceries,upi,422.57,3,21,delivered_no_signature,True,0.084,0.276,2,20,0.1066,True
2bc76f4c-2c7d-40e7-8eb7-ca5a4769d1ea,fraud_card_not_present,home_goods,card,1145.46,5,18,in_transit,False,0.591,0.309,1,251,0.4195,False
9c0ab660-b204-404e-b6ee-a9c94cd5cf57,item_not_received,electronics,upi,399.28,19,21,signed_confirmation,False,0.67,0.706,1,58,0.9405,True
86400cc6-91c3-4e9c-84d5-485b332e4eb4,item_not_received,digital_goods,upi,557.57,7,4,signed_confirmation,False,0.222,0.844,1,165,0.8175,True
6cf2bcb9-da4d-4350-a45a-d2f262f29650,fraud_card_not_present,apparel,card,1491.96,15,21,in_transit,True,0.322,0.759,0,356,0.4504,False
1341701b-5609-4d09-874f-4264c22968ad,fraud_card_not_present,home_goods,card,5310.24,29,15,signed_confirmation,False,0.42,0.936,1,84,0.4164,True
9b5264d4-81c8-43b4-8dde-123b32d3c257,duplicate_charge,home_goods,upi,9453.38,6,18,in_transit,False,0.831,0.829,1,695,0.4753,True
71df5120-5906-479c-8360-14f99c4df46a,item_not_received,digital_goods,wallet,1334.32,4,18,not_shipped,False,0.624,0.43,0,21,0.0172,False
513a40ae-4ca3-41a8-9450-81647c3dc6bc,subscription_not_cancelled,electronics,card,1469.81,3,5,signed_confirmation,True,0.57,0.677,0,22,0.7495,True
65120c24-d142-4d78-8bc2-a8c7c87e2511,fraud_card_not_present,beauty,netbanking,687.17,11,11,signed_confirmation,True,0.237,0.699,1,224,0.2226,False
51be94b6-aa7d-4372-abe4-9234e886900d,not_as_described,apparel,card,281.2,3,12,signed_confirmation,False,0.428,0.713,0,20,0.5998,False
b82c4899-6756-48e9-9974-648e720e28df,item_not_received,apparel,upi,171.55,30,8,signed_confirmation,False,0.135,0.233,2,330,0.7504,True
fdbab9c3-c9fd-41bd-b9de-0c0017e3c5b1,subscription_not_cancelled,electronics,upi,1390.84,29,18,in_transit,False,0.296,0.612,1,132,0.4057,True
94efd5d9-e9d2-4e31-81b6-eeee2bcf9954,item_not_received,electronics,netbanking,864.37,7,13,signed_confirmation,False,0.985,0.512,0,462,0.7982,True
28960c97-8893-466e-a0f1-c785e7bd4261,fraud_card_not_present,home_goods,card,467.13,12,12,signed_confirmation,False,0.467,0.756,0,1963,0.8869,True
a1eebfaf-4018-405c-8df4-26cd9f79f4c1,fraud_card_not_present,groceries,wallet,2891.58,10,17,delivered_no_signature,True,0.543,0.571,0,193,0.5005,False
008131e8-a3ba-430f-bb57-ebe6fe56b37b,item_not_received,beauty,card,91.81,1,2,signed_confirmation,True,0.76,0.742,0,1215,0.9283,True
812a85b4-4299-45a6-9d02-c65da7ef0bdd,subscription_not_cancelled,digital_goods,card,580.72,6,5,signed_confirmation,False,0.896,0.781,1,380,0.4099,True
e2c54d89-c287-44e0-b419-4d2c46a85919,fraud_card_not_present,home_goods,netbanking,2154.72,8,6,signed_confirmation,False,0.169,0.916,1,145,0.2337,False
98415ac9-d9d8-4274-8a35-b9ffd7aa8747,subscription_not_cancelled,groceries,card,804.19,7,18,in_transit,False,0.712,0.626,0,284,0.6434,False
4da61596-baee-465e-8649-5c57d44fbf98,not_as_described,groceries,upi,230.08,7,19,delivered_no_signature,True,0.147,0.654,0,204,0.7353,True
1a1235f6-edb3-4956-9279-95ca7a88d836,item_not_received,groceries,upi,270.21,4,9,signed_confirmation,False,0.696,0.51,0,930,0.9336,True
461522f8-4d0d-46b8-a03e-4ea507b6c7b4,subscription_not_cancelled,home_goods,card,625.18,34,1,delivered_no_signature,True,0.411,0.258,1,307,0.4311,True
90f8e126-ab88-406d-a086-c800fc31fa5d,fraud_card_not_present,beauty,wallet,1971.63,3,19,delivered_no_signature,False,0.204,0.428,1,47,0.1936,False
169868d9-e087-41a2-a2f3-d23b31ab2762,subscription_not_cancelled,digital_goods,upi,443.01,3,7,delivered_no_signature,False,0.408,0.568,2,528,0.5575,True
294ba64d-4e25-4137-b276-6739fbca6021,item_not_received,digital_goods,card,1903.67,5,15,delivered_no_signature,True,0.905,0.649,1,431,0.8855,True
df50c5c1-2d1b-4b55-bff5-e9c31c5930da,item_not_received,beauty,upi,1133.26,5,7,signed_confirmation,False,0.874,0.892,0,629,0.7552,True
5ac275b5-6d20-4c9b-9945-27347510aa99,duplicate_charge,apparel,upi,1431.87,19,3,signed_confirmation,False,0.539,0.801,0,385,0.3396,False
536b7b20-2eaf-4da9-a3e9-1535accdcbd1,duplicate_charge,electronics,card,614.99,3,2,delivered_no_signature,True,0.751,0.426,1,354,0.6001,True
6a2bec0d-debb-4a69-b421-dc83f8756929,not_as_described,beauty,card,780.64,16,20,not_shipped,True,0.644,0.588,0,371,0.6143,False
2558ca26-388f-4fb8-a47b-7a97a9845794,fraud_card_not_present,digital_goods,card,1535.85,6,9,signed_confirmation,False,0.569,0.648,1,1289,0.5123,True
e7519589-08da-45bc-a739-2de8bb4755ae,item_not_received,digital_goods,card,360.99,19,16,signed_confirmation,True,0.343,0.095,1,757,0.7551,False
8eb073a9-14fc-420b-b9cb-9936e84e9efa,duplicate_charge,home_goods,upi,191.9,28,14,delivered_no_signature,True,0.562,0.755,0,1052,0.7893,True
c3e5da34-992d-437b-92cc-1de523685f7f,not_as_described,home_goods,card,1782.07,9,2,not_shipped,False,0.534,0.91,0,84,0.4849,False
af2212c3-8f6a-4cfa-b60a-3d55b6f1c143,subscription_not_cancelled,electronics,card,470.51,5,16,signed_confirmation,True,0.412,0.852,0,289,0.5499,False
75df9735-e762-4951-9555-eb432ff91395,duplicate_charge,digital_goods,wallet,544.17,2,11,signed_confirmation,False,0.14,0.454,1,243,0.6879,True
2a46487c-e66c-4bb5-9178-3cc2eacfe317,duplicate_charge,beauty,card,1460.48,3,11,delivered_no_signature,True,0.642,0.732,0,41,0.6278,False
8f259cf3-db2b-4f9f-9131-1917942bae48,fraud_card_not_present,digital_goods,card,221.91,5,17,signed_confirmation,False,0.38,0.886,1,226,0.1937,False
e55e4b8f-9637-4333-8107-1e6e7a295612,item_not_received,groceries,card,720.26,2,17,signed_confirmation,True,0.906,0.766,2,477,0.7942,True
9fb205e7-a82e-4355-a97d-1365a056dfdb,subscription_not_cancelled,electronics,upi,2503.25,33,3,in_transit,False,0.736,0.857,0,696,0.4763,True
5e601753-69e6-46e7-bc4c-2059fbb25bc7,not_as_described,home_goods,card,1587.74,3,17,delivered_no_signature,False,0.285,0.515,1,511,0.3736,False
ac63df69-193c-4a40-883d-f4954b3f258f,subscription_not_cancelled,groceries,upi,2187.47,12,21,delivered_no_signature,True,0.719,0.846,1,1709,0.7197,False
6b7ec428-790b-4f68-8f9b-8012f29b0988,item_not_received,digital_goods,card,312.85,12,7,signed_confirmation,True,0.076,0.933,0,56,0.8241,False
c6ea8687-975d-46b5-8a07-4905843572db,not_as_described,electronics,upi,389.77,39,21,delivered_no_signature,False,0.866,0.686,0,196,0.493,True
8d6e22fb-50e8-4c2c-932d-8a0f4c13091f,item_not_received,apparel,card,1502.81,5,3,signed_confirmation,False,0.555,0.358,1,867,0.8045,True
78a58902-8795-4666-a50a-96c846acf258,fraud_card_not_present,home_goods,card,1619.3,1,4,delivered_no_signature,True,0.785,0.773,1,456,0.2546,False
2d7fa92e-89cd-446a-b898-a093412d3180,duplicate_charge,groceries,upi,1705.08,2,11,signed_confirmation,False,0.867,0.599,0,320,0.1923,False
76ae9f1f-1686-415e-ab7e-7df72ef81bf1,fraud_card_not_present,home_goods,upi,1348.37,7,18,signed_confirmation,True,0.504,0.592,0,1175,0.7759,True
c75d48ad-a310-4987-940e-da88368907af,item_not_received,groceries,upi,935.28,7,8,signed_confirmation,False,0.523,0.449,0,694,0.67,False
b504f5c2-e459-40d6-956c-6387223927cd,fraud_card_not_present,home_goods,upi,2970.92,16,15,delivered_no_signature,True,0.167,0.29,0,52,0.0951,False
ad2e8c7b-c811-4c16-9a8c-3aab79740b9b,item_not_received,home_goods,card,494.29,22,2,signed_confirmation,True,0.37,0.498,1,1709,0.6666,False
7d9bc694-9cc8-4d90-960e-c6b4091b4a65,fraud_card_not_present,home_goods,upi,98.89,13,7,signed_confirmation,False,0.469,0.907,2,74,0.4212,False
9f834b1b-a6e5-465d-bb15-94a5b6a0b24c,subscription_not_cancelled,digital_goods,wallet,962.38,22,15,delivered_no_signature,False,0.814,0.231,1,6,0.3996,True
7e9c37b5-d76b-4d14-a57d-fbd4381f2960,subscription_not_cancelled,digital_goods,card,6157.67,6,13,not_shipped,False,0.466,0.486,1,108,0.0746,False
a813b0ef-1021-439f-b996-e6f70342b7bd,duplicate_charge,electronics,upi,1841.08,7,18,signed_confirmation,False,0.226,0.866,1,100,0.5151,False
924b4780-d221-4dac-b879-913c6c4cb239,subscription_not_cancelled,electronics,card,2445.37,3,19,delivered_no_signature,False,0.667,0.614,0,73,0.7307,False
dc469040-ada0-4112-bb64-320a0d49dcb1,fraud_card_not_present,digital_goods,card,2060.22,1,7,signed_confirmation,False,0.538,0.34,0,62,0.7255,True
15e0de30-f661-4cde-8b5e-396ac6c48095,item_not_received,beauty,upi,1458.59,9,18,delivered_no_signature,True,0.9,0.513,2,179,0.8336,True
ab22a8f9-ab6b-4bdf-8f3f-db8e051d280c,subscription_not_cancelled,apparel,upi,750.0,9,1,signed_confirmation,False,0.455,0.386,2,216,0.7844,True
960ff498-c616-42c2-b5be-2e8895c05256,not_as_described,digital_goods,card,470.32,24,9,signed_confirmation,False,0.459,0.513,0,189,0.5603,False
f0241f73-6706-441a-a2e5-8ec4c9188aea,fraud_card_not_present,apparel,wallet,225.0,2,12,signed_confirmation,False,0.715,0.675,0,803,0.9366,True
94d31ee6-8c46-4189-ac00-e2482832d394,subscription_not_cancelled,electronics,wallet,318.98,4,9,delivered_no_signature,False,0.691,0.733,1,648,0.7041,True
16b59186-302a-4dae-887d-8219d179e73e,fraud_card_not_present,apparel,card,328.59,14,2,signed_confirmation,True,0.912,0.42,0,131,0.7075,True
f0af3e36-f985-407a-892f-06a30dd33f3e,item_not_received,beauty,card,524.66,8,4,signed_confirmation,False,0.76,0.505,0,445,0.9273,True
6f3e38cd-8b1e-48e1-9616-3851cd6e86cf,item_not_received,home_goods,card,737.19,7,16,signed_confirmation,True,0.374,0.804,0,38,0.7757,True
10314953-8bf5-4bc2-b2fc-5858edb693b1,item_not_received,beauty,card,38.55,12,3,delivered_no_signature,False,0.647,0.739,1,193,0.7125,True
f57dcf60-02c3-4ace-988a-68ea76ff4861,item_not_received,groceries,card,1791.4,17,14,signed_confirmation,False,0.606,0.542,0,472,0.7672,True
e2718bc9-9e7e-467f-8aa8-674d685b7630,fraud_card_not_present,home_goods,card,406.13,1,5,signed_confirmation,False,0.46,0.624,0,371,0.8745,True
efd384dc-adf6-4144-991d-dd6d0e3d972f,subscription_not_cancelled,beauty,card,519.08,9,1,delivered_no_signature,False,0.761,0.729,0,781,0.7703,True
fd7ec9a2-eecd-4706-88d7-14c7875fe790,not_as_described,groceries,netbanking,555.32,54,13,not_shipped,False,0.473,0.364,0,33,0.2942,False
2f18e7be-2db6-441b-b6b7-453266e2654f,not_as_described,apparel,upi,1110.85,6,5,signed_confirmation,True,0.214,0.32,1,591,0.2652,False
19d396cb-63c2-47a8-af6a-29fba7d9c26a,item_not_received,electronics,netbanking,1335.56,8,16,delivered_no_signature,False,0.719,0.592,2,893,0.5647,False
657721a8-87ba-48b9-ba9f-33db468721a1,item_not_received,digital_goods,card,2154.37,1,5,delivered_no_signature,True,0.644,0.708,1,651,0.8649,True
1d14ff3f-a400-4696-b1f8-f0ec149f4e53,fraud_card_not_present,electronics,card,147.33,21,16,signed_confirmation,True,0.739,0.242,1,20,0.5247,True
136a8eb9-2179-4381-9951-a89f8681c2c9,fraud_card_not_present,home_goods,card,1578.97,1,5,signed_confirmation,False,0.18,0.824,0,511,0.246,False
6984c9c0-c30d-4b02-8f43-93a4ff5faf79,not_as_described,digital_goods,card,385.35,18,11,in_transit,False,0.613,0.733,0,876,0.2088,False
1f6783c9-3262-415d-9cd9-61eda849a643,duplicate_charge,apparel,card,634.96,8,15,in_transit,False,0.575,0.617,0,67,0.6158,True
43f94d5b-3f8f-4c04-b9d5-979ce748c8fb,item_not_received,groceries,upi,865.66,15,19,signed_confirmation,True,0.623,0.14,0,1110,0.8253,True
deecbeaf-47cf-428f-b1e1-909f8ca11693,item_not_received,electronics,card,151.06,2,17,delivered_no_signature,True,0.511,0.318,1,223,0.882,True
b1d56ea7-753e-4c45-ac24-74e280e1408d,duplicate_charge,electronics,card,1840.73,1,13,not_shipped,False,0.8,0.492,1,276,0.105,False
39a5e4d7-7643-4c54-bd3f-544a4ba90ba8,item_not_received,digital_goods,card,1917.73,7,9,delivered_no_signature,True,0.695,0.457,1,808,0.5996,False
2c4a7c1d-c774-4ef6-8f11-7d0be4cdaea9,fraud_card_not_present,groceries,card,3276.06,16,6,signed_confirmation,False,0.278,0.354,0,248,0.3767,True
c6a811a9-1627-41aa-a9c8-f538d061a676,item_not_received,digital_goods,card,621.44,11,11,in_transit,True,0.638,0.584,0,90,0.2374,False
89cd1c28-af80-4040-b0dc-a3b80a1036ae,not_as_described,home_goods,card,865.24,12,19,delivered_no_signature,True,0.707,0.718,0,292,0.8544,True
3208fb5a-c581-4668-a667-2ca563e79225,subscription_not_cancelled,home_goods,card,805.37,2,15,in_transit,False,0.688,0.821,0,348,0.4375,False
6ee1ac49-d357-4dda-bc6c-cbee98d4905a,item_not_received,home_goods,card,2137.93,16,7,delivered_no_signature,False,0.259,0.876,0,400,0.4471,False
6c470c01-33e8-40cf-923d-ecb783eddbc8,item_not_received,apparel,card,428.36,2,12,delivered_no_signature,False,0.735,0.651,1,59,0.6857,False
baff51e9-49bb-42dd-b628-34b1bcbc2200,not_as_described,beauty,upi,451.55,1,11,signed_confirmation,True,0.366,0.472,1,508,0.5585,False
f98b067a-5c13-4dd3-9640-27c00ca42b90,fraud_card_not_present,home_goods,card,1579.34,4,17,delivered_no_signature,True,0.884,0.516,2,74,0.1922,False
1f7c9381-b42d-4433-840e-cbb4caf76d0d,subscription_not_cancelled,home_goods,upi,3731.34,7,1,in_transit,False,0.816,0.283,0,1559,0.7562,False
7184836d-d40b-4dde-873c-4b4e04b5ac92,item_not_received,home_goods,upi,2093.88,2,15,delivered_no_signature,False,0.449,0.628,1,179,0.178,False
13a53108-96cf-41ee-b0e3-637ac0068b22,not_as_described,electronics,card,710.48,14,9,signed_confirmation,True,0.3,0.672,0,286,0.5557,False
7a29659f-18e4-4ccc-a8b6-d2d23147e380,fraud_card_not_present,beauty,wallet,531.52,1,19,signed_confirmation,True,0.037,0.864,0,287,0.6547,False
92ad41c9-b97d-4cad-bcae-1cea53b01178,item_not_received,beauty,upi,224.0,7,3,not_shipped,False,0.452,0.857,0,493,0.0132,False
baf6b1ac-2ec6-4564-b149-fe4d6bec9861,duplicate_charge,apparel,card,206.04,1,13,in_transit,False,0.418,0.513,0,494,0.1237,True
d6303937-9a38-458b-a338-ac3dfeea15df,item_not_received,apparel,card,708.23,1,13,signed_confirmation,False,0.748,0.786,1,75,0.8634,True
339b52da-3227-4a59-9d8e-81abc2ec4c2b,item_not_received,electronics,card,1237.84,13,14,signed_confirmation,True,0.504,0.438,0,468,0.7175,False
b89096eb-8bb2-4a7e-bf23-048d36fbc059,duplicate_charge,home_goods,upi,2345.5,23,1,not_shipped,True,0.4,0.832,1,45,0.752,True
8f8bdf0e-c441-4a19-a8c0-be760a1eec67,item_not_received,digital_goods,upi,181.99,1,20,not_shipped,True,0.848,0.735,1,223,0.0202,False
b625b0ee-2894-45fc-8f55-0e3bd19de663,fraud_card_not_present,beauty,upi,846.4,30,15,delivered_no_signature,False,0.125,0.693,0,328,0.4065,False
60fdf1ef-fb88-4db7-8343-5d4f4311aa8a,duplicate_charge,apparel,wallet,332.11,2,11,signed_confirmation,False,0.807,0.523,1,1084,0.345,True
df88b4f8-e6b1-4bb6-ada0-da708819e79c,item_not_received,beauty,upi,246.4,5,17,signed_confirmation,True,0.626,0.601,1,603,0.915,True
9f08ad22-fd8a-406c-bfbd-e1540a8a603e,fraud_card_not_present,digital_goods,wallet,789.71,2,13,not_shipped,False,0.117,0.259,1,44,0.1125,False
2f99154b-36fd-40a5-b5f7-16565ba8c073,fraud_card_not_present,electronics,upi,1559.53,3,8,delivered_no_signature,False,0.498,0.887,2,102,0.2871,False
7f2f7f63-226d-42ad-963b-bcea6a54445e,not_as_described,beauty,wallet,3419.95,6,10,delivered_no_signature,False,0.282,0.788,2,119,0.8156,True
12d3ec2d-3f24-4486-ad09-34ee84203518,duplicate_charge,home_goods,upi,511.07,1,2,delivered_no_signature,False,0.736,0.852,0,555,0.6276,False
302737cf-0dd1-4c70-b35b-271cb02073c0,subscription_not_cancelled,home_goods,wallet,831.11,8,12,not_shipped,True,0.258,0.371,0,371,0.5202,False
66789134-4be4-489a-a2e6-96a211f2e0a4,fraud_card_not_present,groceries,wallet,1577.46,1,9,in_transit,True,0.432,0.493,0,391,0.5013,False
4feff6ed-0e8f-4e1c-82f0-cd261b5e1f1b,duplicate_charge,electronics,upi,584.89,1,5,signed_confirmation,True,0.955,0.506,2,163,0.5739,True
6332e192-8cd2-47fd-9d8d-5fc51d1dfaaa,fraud_card_not_present,digital_goods,card,3599.06,21,14,signed_confirmation,False,0.51,0.275,2,164,0.6162,False
f50fb117-bf38-4bfe-92a8-bb9acec48816,fraud_card_not_present,digital_goods,card,2828.67,5,8,delivered_no_signature,True,0.135,0.149,0,131,0.5365,True
2aa10232-4bf6-4db6-bccf-173a8c6aed37,duplicate_charge,groceries,upi,737.4,6,8,delivered_no_signature,True,0.717,0.812,0,39,0.5911,True
aa13bd0a-962a-47f4-ac01-2f9f643c5515,subscription_not_cancelled,electronics,card,1348.39,12,14,signed_confirmation,True,0.092,0.114,1,156,0.9164,True
738f4871-f482-43bf-b935-883faf55e2aa,fraud_card_not_present,electronics,upi,1808.68,1,8,in_transit,False,0.261,0.727,0,611,0.2704,False
b349db20-52ef-47bd-ae1b-e27400f4c592,fraud_card_not_present,electronics,upi,424.84,2,13,in_transit,True,0.619,0.754,1,51,0.7971,True
08b98e63-e774-400c-ac87-a328d5f63da9,item_not_received,groceries,card,406.3,10,18,signed_confirmation,False,0.665,0.806,0,47,0.3807,True
be86dbf5-58cf-4626-8688-4d92fff616be,fraud_card_not_present,electronics,card,642.13,1,13,signed_confirmation,False,0.35,0.191,2,110,0.184,False
c5d6b4bb-e0ab-449b-9348-8c5e7f20bba6,not_as_described,digital_goods,upi,2237.63,29,20,signed_confirmation,False,0.509,0.719,0,57,0.4884,True
d16a75f6-5729-4e65-b768-7209d414a926,not_as_described,home_goods,card,2674.61,11,17,signed_confirmation,False,0.564,0.227,2,1457,0.7134,False
573f8849-a45e-4f8f-9068-382f141ad1ff,duplicate_charge,home_goods,card,814.3,6,6,signed_confirmation,False,0.31,0.373,1,208,0.3519,False
fcc107db-6299-4e30-9f8f-26247468d6f2,duplicate_charge,electronics,card,811.31,8,4,in_transit,False,0.686,0.288,1,27,0.5717,False
5d81a387-a526-4e82-b8bc-379eb8a1145b,item_not_received,groceries,upi,322.28,7,12,signed_confirmation,False,0.729,0.858,2,641,0.9615,True
54d9b802-11c5-4ae9-b8e6-f27361805e6f,not_as_described,beauty,upi,1198.76,12,16,signed_confirmation,False,0.147,0.796,0,1247,0.7504,True
3387569d-5ad5-41ad-ad2c-ac7b6a9989cf,item_not_received,digital_goods,card,3543.23,16,21,delivered_no_signature,False,0.806,0.86,0,300,0.5732,True
709a31e7-a2a7-4729-9205-387b6c4ed294,item_not_received,apparel,card,600.19,14,10,signed_confirmation,True,0.853,0.371,0,263,0.8521,True
282f4604-77e8-49be-8320-f05359a3f07c,subscription_not_cancelled,digital_goods,upi,3176.4,14,15,signed_confirmation,True,0.954,0.596,1,311,0.7051,True
8fa309c0-6b24-47eb-b00a-53a924e0c4ce,item_not_received,digital_goods,wallet,1647.14,2,3,signed_confirmation,True,0.598,0.948,0,693,0.746,False
18cb311c-1a97-44cb-aff7-3caeae99597c,fraud_card_not_present,digital_goods,upi,3578.24,39,20,delivered_no_signature,True,0.527,0.345,1,107,0.4657,False
254740bb-9327-4cff-a8fb-d22d0e7bfa2c,item_not_received,beauty,card,219.7,8,6,delivered_no_signature,False,0.656,0.358,1,1610,0.6325,True
b27fca60-f008-45c6-a257-f6dec81eb41a,duplicate_charge,apparel,upi,737.64,28,9,signed_confirmation,True,0.803,0.57,1,448,0.7174,True
01c4e04a-40da-419a-988c-236616fc03fd,not_as_described,groceries,upi,629.49,8,6,signed_confirmation,False,0.834,0.828,1,55,0.4283,False
22e1c46e-9e6f-41d9-88c6-cfe2c8c5706d,duplicate_charge,groceries,wallet,889.82,9,17,signed_confirmation,True,0.842,0.85,0,282,0.806,True
ce3b4410-e923-4151-ac92-7405a8c85cf4,subscription_not_cancelled,home_goods,card,638.97,6,3,signed_confirmation,False,0.439,0.262,0,1020,0.6416,True
e4543451-d6b8-4300-9531-670a76abf23c,item_not_received,groceries,card,14595.28,25,3,signed_confirmation,False,0.395,0.441,1,137,0.9114,True
bbf58760-a6b8-4791-9162-cf22ff14cfe2,fraud_card_not_present,home_goods,wallet,2114.99,18,1,in_transit,False,0.6,0.438,1,110,0.2183,False
7be5767f-c2c4-4602-adce-40f2e3a33f58,item_not_received,electronics,netbanking,444.01,10,19,not_shipped,False,0.942,0.537,2,145,0.0431,False
be867a4b-33b4-426d-b348-79405118af48,fraud_card_not_present,beauty,netbanking,1338.88,25,20,signed_confirmation,True,0.796,0.497,2,171,0.847,True
ecf7437a-4f9a-4a3c-b7e1-fa7cf6479585,duplicate_charge,groceries,card,9690.18,5,17,signed_confirmation,True,0.494,0.989,0,307,0.7493,True
0ae7ef49-010c-4180-b9c7-44a702f1c73b,not_as_described,beauty,upi,1615.85,8,5,signed_confirmation,False,0.199,0.619,0,145,0.3407,False
42c952fd-b6f1-43e4-89ab-12b9163a4c6b,duplicate_charge,apparel,upi,897.8,12,5,in_transit,False,0.702,0.684,1,1887,0.5668,True
da0bb586-a7e9-49f0-8674-a4b9a32a9799,fraud_card_not_present,apparel,upi,1354.37,4,15,signed_confirmation,True,0.56,0.771,2,85,0.1032,False
0e8943c7-dd60-44a7-84b7-f9f70b2169a0,subscription_not_cancelled,apparel,card,1552.23,45,20,delivered_no_signature,True,0.725,0.594,1,564,0.573,False
21797e80-b37a-42f3-9c56-689f3ce1cf38,fraud_card_not_present,apparel,netbanking,1444.02,4,2,not_shipped,True,0.52,0.738,1,1451,0.4284,True
21a9d12d-7078-406b-8e3e-27991f6ace85,item_not_received,home_goods,card,653.15,38,13,signed_confirmation,False,0.204,0.601,1,49,0.5837,True
53633af7-fd61-4be4-af34-19f165bcbfa2,fraud_card_not_present,home_goods,upi,1037.56,5,20,in_transit,False,0.297,0.699,1,126,0.43,True
4da86530-644b-4be9-b6e7-61f253a24c27,item_not_received,apparel,card,2221.62,4,6,signed_confirmation,True,0.777,0.707,1,592,0.8831,True
3b3ce3fb-d100-4304-96c0-071f940e6bb2,fraud_card_not_present,electronics,card,1213.69,9,12,signed_confirmation,False,0.233,0.465,1,155,0.2771,False
29a3faed-4831-4110-a8a2-b7cd508a9cd8,fraud_card_not_present,electronics,card,1538.33,20,15,delivered_no_signature,True,0.597,0.355,0,131,0.4659,False
d25c4041-fcf9-49f0-ac4b-45a26b423197,item_not_received,digital_goods,card,676.13,1,18,signed_confirmation,True,0.781,0.211,1,516,0.897,True
043d8f0d-edee-4baf-b3c8-5fdb2f36f302,fraud_card_not_present,home_goods,wallet,815.27,9,3,delivered_no_signature,True,0.106,0.348,1,427,0.5586,False
36f5e2c2-1659-4269-88a6-17cfaa1e1bee,fraud_card_not_present,electronics,netbanking,483.62,2,13,signed_confirmation,False,0.896,0.637,1,8,0.4304,False
f69fcec6-ce8e-48bd-b214-c7eee032dcd0,not_as_described,digital_goods,wallet,3687.01,15,13,signed_confirmation,True,0.76,0.637,0,141,0.3279,True
ad7b9d76-0726-4f55-b084-07a4680bc5e7,not_as_described,electronics,upi,418.43,6,12,signed_confirmation,True,0.477,0.287,1,246,0.3859,False
1f2412c5-bcf9-48dd-a113-47bd3ac4ba53,item_not_received,groceries,wallet,3122.71,24,3,signed_confirmation,False,0.162,0.561,0,328,0.6056,True
9ec8a71c-4f71-4c96-a2f2-20f9146fadeb,fraud_card_not_present,electronics,upi,1241.09,3,9,in_transit,True,0.273,0.386,1,85,0.1123,False
e5931bc6-c21b-448e-b6ed-1f85b4196155,fraud_card_not_present,electronics,upi,428.08,12,6,in_transit,False,0.738,0.915,0,606,0.5174,True
5806951e-5167-4b38-9412-efffacf4628e,item_not_received,beauty,netbanking,48.83,1,3,delivered_no_signature,False,0.796,0.569,0,325,0.6519,False
66092aa9-f734-4eca-be17-b8659e502679,item_not_received,beauty,upi,603.41,7,12,in_transit,False,0.175,0.813,1,888,0.2472,False
734fb7f9-7f6d-4cf0-9e6f-2f6fdfac4d03,item_not_received,home_goods,wallet,3023.99,1,13,signed_confirmation,False,0.618,0.376,1,501,0.99,True
9edd5a11-2f67-4212-9d57-11649284272d,item_not_received,apparel,upi,266.88,1,4,delivered_no_signature,False,0.484,0.518,0,366,0.8652,True
5c03cc18-4bf6-4b9b-8824-107ba6cef323,item_not_received,digital_goods,card,2571.01,15,17,delivered_no_signature,False,0.354,0.758,0,374,0.5888,True
4693fa05-9f68-489e-a59c-a29d5cfe9709,subscription_not_cancelled,digital_goods,card,942.37,1,8,signed_confirmation,True,0.216,0.39,0,354,0.5953,True
d62affbe-e17d-448f-9791-e6c843f08bbf,item_not_received,home_goods,upi,3179.84,6,12,signed_confirmation,False,0.654,0.469,0,160,0.7819,True
b125bdc1-5a90-4b40-97f7-8f572afb0324,not_as_described,beauty,wallet,901.94,4,8,not_shipped,False,0.345,0.376,1,1301,0.5018,False
71379acf-fada-4125-8bba-6c84827505f7,item_not_received,beauty,card,1400.33,9,7,delivered_no_signature,True,0.613,0.732,1,52,0.6973,False
d86242aa-15ee-42dd-9484-d40a06797996,item_not_received,apparel,card,242.89,1,11,not_shipped,False,0.701,0.561,0,68,0.2679,False
f54e89da-9761-48aa-b8ef-5744217c05df,fraud_card_not_present,digital_goods,card,3899.35,2,1,in_transit,True,0.648,0.696,0,282,0.4239,True
ca332cc5-daea-486e-9491-b1c3ddf960ae,duplicate_charge,beauty,netbanking,608.81,7,19,delivered_no_signature,False,0.718,0.824,1,245,0.2653,False
288d1363-85f5-43f1-8050-fe3e15fd298d,not_as_described,groceries,netbanking,398.09,5,6,signed_confirmation,False,0.605,0.552,0,42,0.8014,True
b5e03840-73a4-4b96-ba72-8f80b497b372,not_as_described,apparel,card,2383.02,2,11,signed_confirmation,False,0.519,0.3,2,857,0.3632,True
682553e9-c8af-4c29-ad13-d77efb530b3a,item_not_received,home_goods,card,1161.05,10,7,delivered_no_signature,False,0.717,0.701,1,673,0.7513,True
5b99b48c-0c23-4a10-bb87-494a09ddb55d,fraud_card_not_present,digital_goods,wallet,2811.98,6,5,signed_confirmation,False,0.717,0.855,2,229,0.523,True
8b57464c-815e-41b7-bbbc-27c75cc01160,fraud_card_not_present,apparel,wallet,133.26,4,16,delivered_no_signature,True,0.738,0.634,0,291,0.5731,False
259550db-b351-42b6-8d9b-79f3af33bf7b,duplicate_charge,digital_goods,card,2081.42,4,8,delivered_no_signature,True,0.582,0.725,1,57,0.8798,True
6440d525-2037-4e16-bee7-7421d81c361e,not_as_described,electronics,card,1649.39,20,11,signed_confirmation,False,0.261,0.464,1,631,0.6733,False
fdff2e03-0d74-48dd-8b02-2ea7e2832303,not_as_described,groceries,netbanking,2174.87,33,20,in_transit,False,0.353,0.821,0,991,0.1747,False
37be5504-a901-4979-afb2-0846447fea88,item_not_received,beauty,card,573.79,13,17,signed_confirmation,False,0.878,0.899,0,677,0.9404,True
db418e86-930c-4911-978c-16e812014da4,item_not_received,groceries,upi,1346.68,5,11,signed_confirmation,True,0.468,0.729,0,166,0.8822,True
1f230266-e209-4dd2-a3f4-790bf8dcd11a,fraud_card_not_present,digital_goods,upi,2059.64,7,4,delivered_no_signature,False,0.453,0.666,0,40,0.1469,False
22599b32-070e-4f32-bced-706dc59a7035,item_not_received,home_goods,upi,791.69,3,2,signed_confirmation,False,0.231,0.918,1,376,0.8242,True
8e55d1bb-ce84-42a2-a8c3-7c606f867052,subscription_not_cancelled,beauty,upi,437.0,17,12,delivered_no_signature,False,0.382,0.43,0,189,0.271,True
32be005d-065f-4ad0-a97f-7449030ab5a3,subscription_not_cancelled,apparel,netbanking,1090.26,19,3,in_transit,True,0.559,0.31,1,158,0.7217,False
2b6dc983-4ba2-42ad-8136-dd892a38c1c3,duplicate_charge,apparel,upi,416.34,11,6,signed_confirmation,True,0.749,0.329,0,595,0.9277,True
a9bf9044-0e43-497a-b5c0-bf7bc7b187b5,fraud_card_not_present,electronics,card,467.35,13,5,signed_confirmation,False,0.69,0.483,0,232,0.5073,True
abc3e091-7d0f-4659-8808-9bed9e68cfee,subscription_not_cancelled,electronics,card,417.5,12,16,delivered_no_signature,False,0.525,0.911,0,65,0.6057,True
007c30f1-588b-454b-ab1e-c89bbbb376fa,subscription_not_cancelled,electronics,netbanking,229.16,9,14,signed_confirmation,False,0.49,0.681,0,454,0.624,False
120717f5-7070-4212-9683-c069bb45dc57,item_not_received,groceries,card,2688.7,2,17,signed_confirmation,False,0.906,0.052,1,109,0.7565,True
06fddc9e-1ec4-41ad-b557-e7bc8f519d02,subscription_not_cancelled,apparel,wallet,816.78,2,19,delivered_no_signature,True,0.128,0.546,0,330,0.8865,True
f5d2fc69-c92f-4296-8193-0df5d61d87bf,fraud_card_not_present,beauty,upi,5502.59,10,16,delivered_no_signature,True,0.313,0.718,0,128,0.652,False
f98c3a4a-fed2-4c0c-84b9-1caf31b32266,item_not_received,digital_goods,wallet,1082.77,28,13,in_transit,True,0.31,0.118,0,450,0.5225,True
8c25b292-dd17-4644-aea7-7a9758d159d9,not_as_described,apparel,card,1388.09,26,17,signed_confirmation,False,0.807,0.824,1,337,0.5464,False
ded0609f-1ff0-4bc0-be26-64fb11b72d9c,fraud_card_not_present,home_goods,card,1543.59,14,6,signed_confirmation,False,0.434,0.514,2,603,0.1952,False
0a70f9fa-4ee0-4641-8b14-19a89ddaa0f0,duplicate_charge,home_goods,upi,6225.99,4,6,delivered_no_signature,True,0.858,0.619,0,379,0.9256,True
0f7d2b87-6ce5-4887-bf9e-208d7d86a89e,item_not_received,beauty,wallet,2296.21,2,21,signed_confirmation,False,0.658,0.257,2,20,0.7371,True
a013e5e4-08fc-4714-bed3-4df8f2b17dff,not_as_described,digital_goods,card,766.5,12,6,signed_confirmation,False,0.13,0.85,0,1070,0.5512,True
6eb4dd54-b679-44e2-8643-3435d83f9cc4,subscription_not_cancelled,digital_goods,card,1175.38,4,13,not_shipped,True,0.271,0.653,0,463,0.8423,False
673d6d3c-5e06-4022-bd42-af8e46c76e47,not_as_described,electronics,card,790.25,16,21,not_shipped,False,0.666,0.465,1,56,0.5308,True
19adbe14-8e9e-46db-b23c-9342b6b1a20c,fraud_card_not_present,electronics,card,134.33,6,13,in_transit,False,0.615,0.439,0,146,0.5033,False
2909c360-63e9-4a24-9615-966fe5709035,item_not_received,digital_goods,card,637.22,4,2,not_shipped,True,0.179,0.305,0,96,0.1205,False
fdbd5ffd-3fb1-4fec-b923-041d1bf695b5,item_not_received,digital_goods,card,5853.12,19,3,delivered_no_signature,True,0.531,0.718,0,624,0.3783,False
a1b6a399-c2ae-413c-9b5b-632895b3e718,not_as_described,apparel,netbanking,1134.66,23,14,signed_confirmation,True,0.696,0.682,1,65,0.7492,False
015c98bd-75d6-4546-97f3-b241a3633da1,fraud_card_not_present,apparel,card,2827.71,8,7,signed_confirmation,True,0.711,0.584,1,384,0.7745,True
9e2b50dc-8cab-4808-ae89-c6152533c254,subscription_not_cancelled,beauty,card,568.31,23,9,in_transit,False,0.22,0.613,2,846,0.2353,False
49dd3ecb-6d61-4f7f-8e8e-fb58bd70b32e,item_not_received,electronics,card,1238.88,6,2,in_transit,True,0.606,0.629,0,1139,0.257,False
5d0cdb65-eb5b-4a6e-914e-ea67d7e87a53,fraud_card_not_present,apparel,card,590.57,5,10,delivered_no_signature,True,0.069,0.801,1,854,0.2344,True
38fd8d93-341b-4018-8168-2f3ddcd857e8,fraud_card_not_present,electronics,upi,839.4,22,6,signed_confirmation,False,0.368,0.93,0,1889,0.5357,False
7f59a26e-790e-4fd9-b01f-fa13eb13aaa0,not_as_described,electronics,upi,1949.38,6,16,in_transit,False,0.382,0.603,0,594,0.5707,False
0671d3b2-e1f6-477b-adf8-bc190ad3ce40,fraud_card_not_present,home_goods,upi,2518.36,13,11,signed_confirmation,True,0.401,0.661,0,7,0.5203,True
6f4afb0d-c337-4c58-8f58-8b73732bcfd8,fraud_card_not_present,beauty,netbanking,655.93,5,16,delivered_no_signature,True,0.166,0.941,0,145,0.6235,True
0edc95a3-a0e4-4bd1-8ac7-2483a2fd07f6,item_not_received,home_goods,card,1751.82,16,4,signed_confirmation,False,0.515,0.587,0,198,0.9329,True
1f23b32d-6d70-4eac-969c-d44f19162175,fraud_card_not_present,groceries,upi,435.34,6,3,signed_confirmation,False,0.342,0.912,0,196,0.4357,False
49e7e91b-45ae-4185-a9cd-05e209ac9d3f,item_not_received,beauty,upi,326.18,5,5,delivered_no_signature,False,0.216,0.622,0,245,0.8303,True
08208f60-b80c-4b49-ba2a-56762731115b,not_as_described,groceries,card,401.14,12,14,signed_confirmation,True,0.21,0.246,1,417,0.0812,False
ff84da69-3ccc-4188-b699-eead70128661,fraud_card_not_present,apparel,wallet,821.79,3,14,signed_confirmation,True,0.869,0.655,2,198,0.7123,True
0782dc52-cdb3-4856-8a28-484f07227248,item_not_received,electronics,upi,3229.91,9,19,in_transit,False,0.191,0.749,0,545,0.2523,False
68136cde-f033-4e22-9318-42c7f1596c91,fraud_card_not_present,electronics,upi,3771.06,15,9,signed_confirmation,False,0.495,0.933,1,374,0.7396,True
1659d7ca-8283-403b-89a5-3cc6dc10df4b,item_not_received,apparel,card,2571.51,5,4,in_transit,False,0.664,0.559,0,627,0.3585,False
e4e5ddf6-0d0b-447a-9959-a27c5481c6bf,fraud_card_not_present,groceries,upi,537.22,9,14,signed_confirmation,True,0.849,0.486,0,445,0.4852,True
57d30012-f326-40f4-8973-e1836254afa5,item_not_received,apparel,card,247.67,13,13,signed_confirmation,True,0.659,0.39,3,211,0.6153,False
e3d90ea6-5477-4e2e-80d9-d72b5321b0d9,not_as_described,electronics,card,836.71,43,17,signed_confirmation,True,0.735,0.683,1,12,0.6155,True
e3397cca-ed72-4bd5-b55b-d9682043f950,duplicate_charge,digital_goods,card,770.7,2,6,signed_confirmation,False,0.092,0.726,1,754,0.3124,False
43ebb79d-0368-4537-a8d0-09b1772a955a,duplicate_charge,electronics,card,590.87,10,12,signed_confirmation,False,0.742,0.653,2,309,0.5261,True
988a9431-2ab9-4ac3-9e70-6085d263d2d7,item_not_received,digital_goods,card,905.55,12,17,delivered_no_signature,False,0.576,0.865,0,20,0.6597,False
77687d13-b44b-4571-b7ce-b07137c217bc,subscription_not_cancelled,home_goods,card,1007.7,26,6,signed_confirmation,False,0.32,0.837,1,238,0.4092,False
19bbf87f-0578-4883-b700-bf017ffae345,duplicate_charge,groceries,upi,871.19,6,11,signed_confirmation,False,0.676,0.873,1,1706,0.8656,True
d41188e8-3c38-4539-b494-84b32dc75aa2,not_as_described,groceries,upi,658.77,3,5,signed_confirmation,False,0.372,0.244,0,729,0.6048,True
2e277be0-4ecd-49fe-a117-a8483a41f34a,fraud_card_not_present,electronics,upi,858.29,14,17,not_shipped,False,0.71,0.442,0,838,0.477,True
6116376f-9996-4f53-87c0-ec5ec83eef65,item_not_received,home_goods,wallet,310.44,2,19,delivered_no_signature,False,0.474,0.796,0,382,0.7834,True
d68f1e00-2f8d-48b3-a409-d971d7d86caa,fraud_card_not_present,home_goods,card,825.29,3,2,signed_confirmation,False,0.045,0.425,1,1407,0.4283,False
e5ccf179-2c34-4a60-ac29-e8a12c91a58c,item_not_received,beauty,netbanking,110.07,6,21,not_shipped,False,0.165,0.579,0,79,0.0206,False
6162f996-cb4d-43d5-8d82-d52da3799dee,subscription_not_cancelled,electronics,upi,234.98,47,13,delivered_no_signature,False,0.252,0.219,0,514,0.661,False
d10608c3-7592-40c1-9f3c-d93ddd7c6cb4,item_not_received,beauty,card,380.38,12,7,delivered_no_signature,True,0.423,0.789,1,193,0.8067,True
9cfbcc7d-db77-44e0-b9ce-e251448547a2,duplicate_charge,digital_goods,wallet,1019.3,2,10,not_shipped,True,0.439,0.705,0,1108,0.8222,True
af35b4f4-a171-4725-9b37-7dc7125a9388,fraud_card_not_present,apparel,upi,375.13,10,19,signed_confirmation,True,0.464,0.542,1,195,0.2312,False
de0eb0fd-8018-49da-a6e1-759de837c6b5,not_as_described,digital_goods,upi,1080.38,2,21,not_shipped,True,0.514,0.287,0,111,0.3646,True
f79b75dd-5cad-476c-b07e-814a000bdb88,item_not_received,digital_goods,card,5219.85,22,8,not_shipped,False,0.653,0.572,0,70,0.1588,False
bbbcea11-b7cc-4688-848e-ae30d6f9a62a,subscription_not_cancelled,electronics,card,735.76,8,15,signed_confirmation,False,0.113,0.738,0,223,0.6624,True
4cc4a3ae-71b9-4407-aef3-a8a339af0bd5,item_not_received,home_goods,card,122.47,8,7,signed_confirmation,False,0.299,0.773,0,15,0.749,True
6670c044-612d-4131-a83b-1ed1b3e165cb,not_as_described,digital_goods,card,2159.97,28,9,in_transit,True,0.45,0.438,3,80,0.3698,False
c74aa2ac-464a-4c6e-b540-78c55013c7c7,fraud_card_not_present,apparel,card,1097.68,23,14,signed_confirmation,False,0.783,0.622,0,72,0.5873,True
c67bbb1d-6928-4ac4-858b-980c0ae99266,not_as_described,home_goods,wallet,701.75,4,4,signed_confirmation,False,0.578,0.784,1,133,0.7073,True
a8bc3629-4020-4898-95e0-146c7bbc0d73,not_as_described,groceries,card,162.64,3,11,delivered_no_signature,True,0.584,0.514,1,105,0.4784,True
c440acc1-bd44-457e-bacf-2bc90ba1fde1,item_not_received,home_goods,card,1209.97,8,5,signed_confirmation,False,0.445,0.774,1,157,0.8415,True
2eb2782f-2da7-4236-8069-fa8dadc98ee6,item_not_received,apparel,card,795.43,13,1,signed_confirmation,False,0.805,0.342,0,168,0.8333,True
fb579a7c-0e21-43ec-93b5-af1334e42fb1,fraud_card_not_present,apparel,card,1332.78,16,12,delivered_no_signature,True,0.567,0.834,0,561,0.6638,False
b0314c50-9e9e-4c5c-80a0-0520d1dc9c34,item_not_received,groceries,upi,2918.59,16,9,signed_confirmation,False,0.748,0.614,1,430,0.8798,True
94285fb6-18f2-49da-9458-77c05982f3a8,fraud_card_not_present,groceries,netbanking,1160.42,5,6,signed_confirmation,True,0.782,0.382,1,968,0.9202,True
7b8a94bb-f0df-4f1c-82e5-e6d6750c935c,fraud_card_not_present,electronics,upi,559.27,11,16,not_shipped,False,0.572,0.447,0,809,0.6172,True
bca81a2f-9cc3-48d1-97ad-51ed9b3df94b,item_not_received,beauty,card,541.52,1,3,not_shipped,True,0.789,0.475,1,183,0.8471,True
c824e03b-767e-4cc8-932a-34cae0e37af5,not_as_described,electronics,upi,1100.99,18,2,signed_confirmation,False,0.8,0.738,2,645,0.8114,False
e2c080d8-1c27-41d0-a331-21586057dbb0,fraud_card_not_present,beauty,card,2002.53,15,15,signed_confirmation,False,0.679,0.617,1,6,0.3701,True
5df072b6-21fa-4a4a-9f4e-bf73b10b10b7,item_not_received,electronics,card,413.82,8,5,not_shipped,False,0.565,0.555,0,90,0.016,False
6069d8df-9d79-46f0-8061-03456c83b8a8,item_not_received,apparel,upi,2741.57,1,2,delivered_no_signature,True,0.65,0.706,0,184,0.6773,False
3734cd1d-53a1-48f5-8e21-bce22540656c,item_not_received,home_goods,upi,1604.64,5,17,not_shipped,False,0.496,0.27,1,57,0.1072,False
5c8f5648-18e3-4931-b623-587942aa218d,subscription_not_cancelled,beauty,upi,462.72,10,7,not_shipped,True,0.602,0.68,1,453,0.8139,True
c28aba04-9e68-49cb-bc12-a33f2e5bba42,duplicate_charge,groceries,wallet,3322.92,1,2,signed_confirmation,False,0.549,0.541,0,1427,0.5671,True
ca64a3e9-4752-44e7-90df-8594c475e047,duplicate_charge,home_goods,upi,452.72,7,6,signed_confirmation,False,0.674,0.609,1,302,0.7297,True
911cf039-6f16-453c-b49a-713c96b754df,item_not_received,apparel,card,1062.51,28,18,signed_confirmation,False,0.627,0.54,1,1066,0.9171,True
4ffbb7ea-d3ca-4168-8557-f2285be4a790,item_not_received,electronics,upi,646.87,13,16,signed_confirmation,False,0.781,0.433,0,482,0.5161,True
9720861f-e55b-4d5f-aa93-738bff37f266,fraud_card_not_present,beauty,upi,1310.54,19,20,in_transit,False,0.736,0.679,0,298,0.3881,True
15fc44de-8475-40bc-b228-b0369cafbf2b,fraud_card_not_present,digital_goods,wallet,3004.69,2,19,signed_confirmation,False,0.264,0.256,0,290,0.2941,True
6eea2480-4af3-4e96-87a2-3d3753f9041c,item_not_received,digital_goods,card,1318.63,2,2,in_transit,True,0.131,0.7,0,348,0.271,False
f066ea11-5215-4b4a-93c0-7f6ce6a83ee1,not_as_described,apparel,card,503.39,2,20,delivered_no_signature,True,0.646,0.514,0,102,0.5035,True
5450714f-36a0-498c-a821-432a820d4813,subscription_not_cancelled,electronics,card,774.23,9,7,delivered_no_signature,True,0.275,0.584,2,23,0.8173,True
e02199e5-f2e4-4cd5-b1f1-052c065949f5,duplicate_charge,digital_goods,upi,345.61,9,21,signed_confirmation,False,0.931,0.888,3,402,0.3987,True
e9d4012f-14b3-4995-ae59-206e47fd2c89,fraud_card_not_present,digital_goods,card,2565.16,26,18,signed_confirmation,False,0.342,0.518,0,142,0.722,True
211fb468-0663-41ef-b57c-50afd02ac4e9,fraud_card_not_present,electronics,card,1278.94,1,12,in_transit,True,0.252,0.365,3,639,0.3485,False
107b6c8e-9805-4229-99d6-99a985fea19a,item_not_received,apparel,wallet,6800.52,5,15,delivered_no_signature,True,0.799,0.295,1,521,0.8918,True
e7636d79-d5a0-4104-9b46-f280a4a08136,fraud_card_not_present,groceries,card,2942.57,56,2,delivered_no_signature,True,0.244,0.294,2,572,0.34,True
f8ae5a10-089c-44cf-ba25-dc05cddcbc32,item_not_received,groceries,card,467.64,16,8,delivered_no_signature,False,0.388,0.88,1,120,0.9012,True
d9f9a1dd-926c-466a-9ce5-bcc8ac527866,subscription_not_cancelled,apparel,wallet,4027.75,15,17,delivered_no_signature,False,0.863,0.768,1,40,0.4687,True
04e7e0d6-49ed-48af-881f-a995bbd19875,duplicate_charge,electronics,card,855.96,2,20,in_transit,True,0.591,0.711,0,35,0.7943,True
20e1abc0-26ed-404b-8be9-3d9e9fd596a5,item_not_received,apparel,wallet,1125.54,10,15,in_transit,True,0.461,0.574,0,435,0.7403,True
fef18af2-d86b-4721-93ef-6b31b085a281,not_as_described,groceries,card,334.15,18,3,delivered_no_signature,True,0.692,0.534,2,228,0.568,True
61c5d97d-f9f1-4365-ba53-a8f2b99bc165,duplicate_charge,apparel,upi,4100.41,7,8,signed_confirmation,False,0.485,0.275,0,1194,0.6906,True
af88474e-4897-4880-bfad-fc9aaecf3e7f,fraud_card_not_present,electronics,upi,803.44,31,1,signed_confirmation,False,0.334,0.818,2,192,0.139,True
7f454f68-dddb-4593-81f1-90cdf4ff2b01,duplicate_charge,electronics,upi,658.73,4,13,delivered_no_signature,False,0.53,0.784,0,832,0.6407,False
e83c6511-9db8-40d9-9531-cee0cdb47a82,duplicate_charge,groceries,card,1246.6,2,13,not_shipped,True,0.51,0.758,0,693,0.6179,True
f688bf50-52a0-4855-ba0b-7d6a7b5963f6,item_not_received,electronics,upi,590.17,7,6,signed_confirmation,False,0.668,0.311,2,263,0.7304,True
773e2280-a441-4e74-8740-93782bca4273,not_as_described,beauty,upi,583.88,14,21,signed_confirmation,False,0.352,0.747,0,27,0.3988,False
c99638d4-8610-42a4-81b2-dfcfcfba0491,item_not_received,electronics,card,248.67,26,2,delivered_no_signature,True,0.601,0.741,2,59,0.6032,False
bc67b0f8-da67-4f4f-9e32-083a5dccf13f,not_as_described,electronics,netbanking,428.16,5,19,delivered_no_signature,False,0.522,0.643,0,165,0.3673,True
50f6b143-23dd-4d46-8f4f-7abc92fc1775,not_as_described,apparel,upi,1663.43,2,21,signed_confirmation,False,0.622,0.609,0,117,0.6576,True
4c5a8b6c-231c-4ff0-854f-03a9e1386f2a,not_as_described,groceries,card,2675.28,6,11,signed_confirmation,True,0.636,0.774,0,171,0.8015,True
c9fdd824-32c0-4aa6-b26d-497f40cce81d,subscription_not_cancelled,home_goods,upi,605.43,2,12,signed_confirmation,False,0.117,0.452,0,428,0.6112,False
823848ce-63f2-48a9-beaa-5118a257da4a,item_not_received,beauty,card,486.01,18,10,delivered_no_signature,True,0.758,0.58,1,55,0.4542,False
f791e9b3-ed4a-4f85-a7c8-f9491fe17af8,item_not_received,apparel,upi,425.21,4,13,signed_confirmation,False,0.698,0.813,1,775,0.9669,True
dd796656-55c2-421c-a905-ddaf193ffa2b,not_as_described,apparel,netbanking,246.4,27,19,delivered_no_signature,True,0.521,0.775,0,152,0.6298,True
5217d04d-2361-4f5c-b5ad-490252f7959f,fraud_card_not_present,apparel,card,1095.08,15,8,in_transit,False,0.069,0.55,0,465,0.163,False
ca26210d-d2da-4857-81d5-f5d6af0f6742,duplicate_charge,digital_goods,upi,1739.19,11,20,signed_confirmation,False,0.653,0.428,0,601,0.4105,False
d7cdf3da-9dc8-49c5-b45a-c8b0dd707d6b,fraud_card_not_present,home_goods,card,2840.92,24,13,in_transit,True,0.745,0.48,0,721,0.3794,False
3e7b1d5a-4108-47b6-90a1-2f246cb43a88,item_not_received,electronics,wallet,1170.74,1,16,signed_confirmation,False,0.235,0.707,0,237,0.8758,True
37754f43-baaf-41ac-9d6d-f05c1fb6d4f1,fraud_card_not_present,apparel,upi,1232.2,14,8,delivered_no_signature,True,0.287,0.589,1,437,0.3396,False
32197e72-319b-4032-b2ef-2fad47770c0c,fraud_card_not_present,groceries,upi,2232.38,2,8,signed_confirmation,False,0.801,0.474,0,89,0.6662,True
ebd8db3e-07a6-4ec7-8e77-abd59a60c025,duplicate_charge,beauty,upi,304.08,16,14,signed_confirmation,True,0.168,0.424,0,197,0.9704,True
a670d136-4c55-4a2a-ae53-69c2be02a7f6,duplicate_charge,apparel,upi,4411.68,4,15,delivered_no_signature,False,0.44,0.36,2,89,0.5948,True
47f4b9dc-48ee-41c7-b449-a522bfccb4bd,not_as_described,groceries,netbanking,2013.23,11,21,delivered_no_signature,True,0.597,0.253,0,67,0.6569,True
df63110d-63a9-4e52-986a-efe26c166286,not_as_described,home_goods,card,737.44,40,9,not_shipped,True,0.561,0.404,0,425,0.6003,True
566c2eb4-af65-4930-ab81-696ff6bea6b7,not_as_described,digital_goods,upi,2789.01,15,5,delivered_no_signature,False,0.68,0.93,2,498,0.8278,True
cd1ed4f5-6df7-4bcf-b8e8-ea2670152ef4,fraud_card_not_present,digital_goods,card,477.37,2,6,in_transit,True,0.775,0.489,0,629,0.5547,True
2951c032-a347-40cc-9e2a-518bbff6f974,fraud_card_not_present,apparel,wallet,1579.12,2,1,delivered_no_signature,False,0.329,0.677,0,77,0.6337,False
27f25fee-0ad7-49b1-857f-d9cf9d93f736,item_not_received,home_goods,upi,1067.96,3,13,not_shipped,True,0.545,0.754,0,146,0.0514,False
eb19a7f3-ed07-45ce-9a37-6fd4fa3ee659,item_not_received,home_goods,upi,1549.4,5,7,delivered_no_signature,False,0.83,0.853,1,274,0.6046,False
0fe13ccd-8e68-4024-93ef-3f93ad1da36a,not_as_described,beauty,upi,8109.92,6,20,delivered_no_signature,True,0.665,0.683,0,306,0.7964,False
f5e25a12-c1c9-45c0-8dda-d2ba57f98580,not_as_described,beauty,upi,936.13,9,15,delivered_no_signature,False,0.073,0.231,0,991,0.1732,False
2de3fc08-8243-475d-b1b1-fee76d412e82,item_not_received,groceries,card,1224.42,12,17,signed_confirmation,True,0.29,0.581,0,327,0.9497,False
6d544ad7-88a6-4f2d-a2a0-1a89141f833d,item_not_received,beauty,upi,549.93,4,6,signed_confirmation,False,0.488,0.509,1,373,0.8798,False
940a7a0c-50b0-48fd-a218-0319c55905b7,duplicate_charge,beauty,upi,143.7,1,18,not_shipped,False,0.698,0.754,0,145,0.5742,False
30b1cd55-ee7a-4809-bbd6-268f89b83b05,duplicate_charge,beauty,upi,953.94,8,18,delivered_no_signature,False,0.401,0.396,1,205,0.396,True
177e54d2-89f2-493f-93f2-832a4ec91e1a,item_not_received,groceries,card,2422.59,5,11,signed_confirmation,False,0.241,0.531,1,93,0.7618,True
81e083b6-7909-4745-9c4b-0c2a1e5440d4,subscription_not_cancelled,digital_goods,card,2637.49,1,15,delivered_no_signature,False,0.508,0.899,0,456,0.2814,False
4c57cad8-0e29-4e79-a256-a598a18f2444,item_not_received,electronics,wallet,351.86,8,5,signed_confirmation,False,0.67,0.486,0,1430,0.5758,False
5ee34a1d-36e3-4618-a8ee-36d3265a0159,fraud_card_not_present,apparel,upi,204.96,11,19,signed_confirmation,False,0.6,0.897,0,275,0.428,True
3a437a96-e8af-4f47-b736-ddf4a2d3f7ae,not_as_described,digital_goods,upi,296.79,12,1,in_transit,True,0.214,0.329,0,214,0.6007,False
980822e4-9159-4d3d-a2d8-071a6d850348,duplicate_charge,apparel,wallet,1356.44,4,12,signed_confirmation,False,0.739,0.875,1,234,0.0986,False
404141ba-0069-4614-b9a3-7fd77a6052bd,item_not_received,home_goods,upi,599.76,11,19,signed_confirmation,True,0.643,0.579,0,34,0.6052,True
1faa0738-f700-42d2-a85b-0b2c8fc56767,not_as_described,digital_goods,upi,642.24,5,19,signed_confirmation,True,0.786,0.94,0,222,0.9092,True
73ece431-a3b0-4194-b2c2-33b375b890af,subscription_not_cancelled,groceries,upi,330.59,11,17,in_transit,False,0.517,0.772,1,328,0.5201,True
6db42922-68d7-485c-8eec-50b0ff538b9d,not_as_described,groceries,card,1109.04,5,19,delivered_no_signature,False,0.788,0.43,0,383,0.1683,False
4fe06414-2473-4299-8e6e-3ba6e17e6b5f,fraud_card_not_present,apparel,upi,194.19,11,7,signed_confirmation,True,0.68,0.432,2,11,0.4402,False
c977c63a-8784-4332-ba3b-59a303b9a330,fraud_card_not_present,electronics,wallet,222.34,15,6,delivered_no_signature,True,0.683,0.433,1,83,0.6625,False
0fee8d04-d2fc-438b-93c2-86cff94ce21f,item_not_received,home_goods,upi,1179.11,4,14,delivered_no_signature,False,0.352,0.545,0,147,0.629,False
40fa3f35-656c-4d4c-ae65-8d198f7e0411,duplicate_charge,apparel,upi,4615.33,12,17,delivered_no_signature,True,0.819,0.553,1,313,0.5267,False
b7e9d2af-ce94-40ee-882e-755fa77d979c,duplicate_charge,electronics,card,2608.75,2,18,signed_confirmation,True,0.54,0.747,0,362,0.699,True
361c5f72-d2a8-45d3-8ade-96d9b38cccaa,duplicate_charge,apparel,netbanking,870.25,17,11,in_transit,True,0.232,0.095,1,2015,0.6103,False
91844853-f008-4b76-a8a8-2d70cf452747,fraud_card_not_present,electronics,card,1928.38,16,19,signed_confirmation,True,0.305,0.423,1,199,0.7936,True
e8432f3e-a696-416e-98b6-f20d48cdc76b,subscription_not_cancelled,home_goods,netbanking,508.12,3,6,signed_confirmation,True,0.125,0.738,0,98,0.5668,True
b12258a8-3555-4343-985c-3123c1de7893,fraud_card_not_present,apparel,card,1039.4,3,5,not_shipped,False,0.363,0.895,4,1134,0.0642,False
da81406b-616f-4af1-aeda-2192245c2358,duplicate_charge,apparel,card,1779.05,2,2,signed_confirmation,False,0.681,0.416,0,230,0.8195,True
22087727-d144-46f6-a40f-8f42780c6c24,fraud_card_not_present,groceries,wallet,421.58,3,1,signed_confirmation,False,0.493,0.713,1,221,0.4786,False
47a7eeb2-7761-4685-b813-ddbb87a542a6,item_not_received,electronics,card,1223.11,1,6,delivered_no_signature,True,0.32,0.948,1,5,0.4705,False
b227814e-d920-47b3-bdde-72e7de018615,subscription_not_cancelled,home_goods,upi,1174.94,19,18,delivered_no_signature,False,0.646,0.751,1,778,0.4521,True
747b33fb-4532-4c1c-83bc-e2df071b76ab,item_not_received,groceries,upi,588.41,28,16,delivered_no_signature,False,0.658,0.283,0,1219,0.2145,False
266e8beb-038a-49f0-b23b-d40258f02a81,not_as_described,home_goods,card,643.31,3,12,delivered_no_signature,True,0.792,0.49,1,173,0.6495,False
1bcffaf3-6ecb-4ab2-8498-2039b7ae933c,fraud_card_not_present,apparel,upi,918.02,16,21,delivered_no_signature,False,0.636,0.903,0,91,0.1991,False
8e60c749-c1b5-424d-a70e-d34f0a228b4b,fraud_card_not_present,apparel,card,1241.99,23,17,signed_confirmation,True,0.262,0.675,0,679,0.3391,False
9610e542-86f2-4b2d-9ec4-4ddd0f2ad303,item_not_received,digital_goods,netbanking,381.75,1,11,signed_confirmation,True,0.097,0.278,0,1104,0.7175,True
36fbff14-4a37-42c5-8573-e356dbda53de,item_not_received,electronics,upi,2109.16,23,9,in_transit,True,0.727,0.701,0,685,0.2686,False
4a871b4e-ff72-40d8-8bb0-a71192223cdc,subscription_not_cancelled,apparel,card,604.43,3,11,delivered_no_signature,False,0.293,0.464,0,754,0.4535,True
ad3b1510-cbd3-425f-8e81-96ade0d7109f,subscription_not_cancelled,beauty,card,318.16,4,4,signed_confirmation,True,0.212,0.717,1,533,0.6212,True
32558879-a88e-4a60-8eca-71c1eb97c061,item_not_received,electronics,upi,264.62,5,5,signed_confirmation,True,0.128,0.841,0,169,0.7705,True
a4bc0333-0fba-4842-83a2-52433b5f0f1d,subscription_not_cancelled,beauty,card,415.01,48,1,delivered_no_signature,False,0.521,0.854,2,392,0.5568,True
23894a40-64be-45d5-8b89-04301873ca0a,fraud_card_not_present,home_goods,wallet,2955.16,16,13,delivered_no_signature,False,0.584,0.107,1,35,0.7948,False
be1d06ff-6852-4dda-9c8a-08b2ccf136b3,item_not_received,home_goods,upi,853.18,4,7,signed_confirmation,False,0.548,0.844,1,312,0.7191,True
fc73fcf2-803d-44c9-abf0-60be24fdf910,duplicate_charge,electronics,upi,985.29,8,1,delivered_no_signature,True,0.705,0.799,0,43,0.6468,True
f95c8c60-505e-4fc2-bb9c-0cbfbc4c50b3,item_not_received,apparel,card,1365.57,3,1,signed_confirmation,True,0.561,0.836,1,580,0.8369,True
db9a6120-bc70-4095-bd46-9e394a5b2a2a,not_as_described,apparel,netbanking,882.87,7,10,signed_confirmation,True,0.176,0.28,0,178,0.4405,True
c48032c6-dde5-4205-9c2f-3aa2c7085014,subscription_not_cancelled,groceries,wallet,912.33,2,13,delivered_no_signature,False,0.551,0.344,0,145,0.4091,False
97b8f0cd-1e38-4179-b1e3-30791a384174,duplicate_charge,digital_goods,upi,407.99,2,6,signed_confirmation,False,0.395,0.862,1,637,0.66,True
7afc024e-a5cd-4bc1-aea0-30f011f76906,item_not_received,beauty,card,975.41,14,9,not_shipped,True,0.553,0.335,0,139,0.0664,False
df2ac19b-499a-4e62-9fa5-f9e8968053d9,item_not_received,electronics,wallet,483.78,2,14,not_shipped,False,0.672,0.492,0,467,0.0224,False
51118b00-9096-4ad1-a695-2f35f5609bcb,item_not_received,groceries,card,800.27,47,8,signed_confirmation,True,0.273,0.889,0,96,0.8204,False
d78e017d-d092-4a37-9496-770b3b271970,item_not_received,groceries,card,316.65,20,9,signed_confirmation,False,0.156,0.894,0,269,0.7468,False
d20bb4bc-ce5d-4a49-b134-600f62cb7b6d,fraud_card_not_present,electronics,upi,219.67,2,7,signed_confirmation,False,0.368,0.54,0,296,0.7812,True
3b7a592b-4002-4f8d-9120-6e1f73a7892d,fraud_card_not_present,digital_goods,netbanking,288.63,3,1,signed_confirmation,True,0.214,0.773,0,205,0.6343,True
6271d657-db41-4c7f-a0ad-2ac2f087cfc4,fraud_card_not_present,beauty,upi,2407.82,14,3,delivered_no_signature,True,0.625,0.942,0,42,0.7932,True
15db2503-a152-471c-b76d-30620ea828c9,subscription_not_cancelled,electronics,card,660.55,5,13,delivered_no_signature,True,0.722,0.675,0,196,0.8128,True
c723955f-dc32-4cd6-a1fd-f5f2ccc126e6,not_as_described,apparel,card,2261.88,38,16,not_shipped,True,0.536,0.313,0,508,0.1671,False
3fe88595-5e32-4fb5-91ff-cf2365fbb7bc,item_not_received,electronics,netbanking,1002.06,15,10,delivered_no_signature,False,0.697,0.575,2,480,0.4179,False
f2dbdb0f-3e5f-4cb5-9bfe-2ba30c31f7a1,fraud_card_not_present,beauty,card,4441.9,5,8,signed_confirmation,True,0.158,0.391,1,354,0.5475,True
e8f8afaf-cb83-470f-be71-187e33ff758d,item_not_received,home_goods,wallet,408.38,30,15,delivered_no_signature,False,0.295,0.502,2,196,0.6858,False
d469d1fa-4d8d-4cdf-95a4-d69d60aa5adc,fraud_card_not_present,home_goods,upi,1641.49,33,9,in_transit,True,0.605,0.746,1,242,0.2403,True
b66ea592-80c6-40d4-b68f-f36a180b3283,duplicate_charge,electronics,upi,926.59,18,10,signed_confirmation,False,0.4,0.412,0,347,0.5105,True
ca30ab64-958a-413e-968e-f6a40e2533db,fraud_card_not_present,apparel,card,1186.62,17,6,signed_confirmation,True,0.594,0.705,0,149,0.7935,False
554b3e94-8ce5-4cd1-9d3b-dddc0eb75d20,subscription_not_cancelled,home_goods,card,1108.41,28,14,delivered_no_signature,True,0.799,0.707,0,519,0.8354,True
6bc648c1-5a6d-4ca1-8e28-01e97fee7551,duplicate_charge,beauty,netbanking,3171.2,31,15,delivered_no_signature,False,0.952,0.442,1,305,0.3094,True
ca3aba2c-086e-4024-917e-e9e4c0235263,item_not_received,electronics,upi,502.92,6,1,in_transit,False,0.385,0.498,0,324,0.1811,False
19ef569e-05e1-4787-b598-38dfc68bf112,item_not_received,electronics,upi,1018.36,8,10,signed_confirmation,False,0.842,0.473,0,87,0.9226,True
17e87947-5cfa-450e-bc67-50cf77ec8188,item_not_received,home_goods,upi,1272.72,6,13,signed_confirmation,False,0.132,0.638,2,379,0.966,True
71754fce-f3b6-46c5-a5cb-114f3e557771,not_as_described,apparel,upi,1546.23,1,3,delivered_no_signature,False,0.3,0.799,3,654,0.8892,True
73cf6830-da4c-40cc-900f-dd3b618e1131,fraud_card_not_present,electronics,netbanking,917.72,7,17,signed_confirmation,True,0.082,0.658,2,311,0.0685,False
800b29c0-537a-4a9c-b0b1-85d047c3e855,not_as_described,home_goods,upi,934.46,1,5,delivered_no_signature,False,0.385,0.666,0,57,0.5727,False
04d0e9ad-becf-477e-9ccc-2db03c8d1542,fraud_card_not_present,digital_goods,wallet,321.11,1,9,delivered_no_signature,False,0.673,0.663,1,508,0.7524,True
c5297e5a-871e-47fb-8a31-52022d000da6,fraud_card_not_present,digital_goods,card,802.43,22,12,delivered_no_signature,True,0.032,0.658,1,117,0.1933,False
62688fd2-34f4-4684-898c-5845fb3170a9,item_not_received,apparel,upi,6255.25,8,18,delivered_no_signature,False,0.157,0.944,0,199,0.5086,True
ed7015b5-b4cb-451c-8285-e6d84badc72e,fraud_card_not_present,groceries,upi,512.62,9,12,delivered_no_signature,False,0.273,0.648,0,48,0.2216,False
29bac9f8-e865-4ef7-b9c5-00b9cda10183,not_as_described,home_goods,netbanking,465.65,4,6,signed_confirmation,True,0.36,0.614,0,865,0.7638,False
d1942ace-9873-4808-8796-c5c9b0e5dedf,duplicate_charge,apparel,card,116.47,15,3,delivered_no_signature,True,0.44,0.805,0,217,0.7798,True
4a14296d-73c8-4a8d-bc0e-94087bf6db0e,not_as_described,beauty,upi,245.63,35,14,signed_confirmation,False,0.404,0.823,0,1321,0.3714,False
4056dccb-56e1-4fde-9e0c-d22c2fcf667b,subscription_not_cancelled,electronics,card,1246.72,6,7,delivered_no_signature,False,0.568,0.326,0,276,0.7575,True
a604e0a8-e09a-4c3b-a027-1aec0da60d1d,fraud_card_not_present,beauty,card,618.94,23,14,delivered_no_signature,False,0.08,0.17,0,346,0.2825,True
1cbc4c9d-6c07-4e02-87c3-1852e2c38d95,fraud_card_not_present,digital_goods,netbanking,227.05,23,11,delivered_no_signature,False,0.871,0.587,1,271,0.2903,True
adb71d49-6880-432f-beca-e9e968053154,fraud_card_not_present,beauty,upi,790.49,2,9,delivered_no_signature,False,0.737,0.866,0,119,0.7048,True
80251143-0d9d-4c15-a21d-141ef98a285c,not_as_described,digital_goods,upi,973.25,5,10,delivered_no_signature,True,0.539,0.93,2,133,0.8,True
ec0eee18-5c10-4bbc-8797-aa5b64ab1fae,item_not_received,apparel,card,1045.79,16,16,delivered_no_signature,False,0.403,0.474,3,16,0.8429,False
ef030a36-af1d-4989-b5c3-5b65d9969554,item_not_received,home_goods,upi,666.13,7,5,delivered_no_signature,True,0.662,0.767,0,64,0.8604,False
d66923e0-2778-471c-a30c-162e03f00992,item_not_received,digital_goods,upi,481.57,22,6,signed_confirmation,False,0.607,0.253,2,557,0.4155,False
7b3b04da-35de-4ced-98ac-c7ad3fc39fb6,item_not_received,apparel,card,803.98,7,15,signed_confirmation,False,0.336,0.556,0,303,0.6726,True
c74c9df8-a127-45a6-a00e-65a64fc308f1,item_not_received,digital_goods,wallet,283.97,24,7,signed_confirmation,False,0.595,0.363,1,55,0.9128,False
276de73a-04d7-4c0c-9d23-ecad4f62f9a4,fraud_card_not_present,apparel,card,1435.99,3,9,delivered_no_signature,False,0.649,0.651,1,30,0.8119,True
5361274a-278c-45ac-b591-8d98dadf9c20,fraud_card_not_present,apparel,card,936.17,11,21,signed_confirmation,False,0.537,0.722,0,424,0.7857,True
434b35db-76c4-496c-b77b-5074fc8fc09f,item_not_received,groceries,upi,1409.99,6,18,not_shipped,False,0.294,0.775,0,413,0.0371,False
5f97fd3a-a36c-46bc-8b82-9cf401b7f9a8,item_not_received,digital_goods,wallet,531.07,6,13,not_shipped,True,0.172,0.235,1,270,0.085,False
99fb5e46-c2a0-48a8-ba14-c8605040c233,item_not_received,electronics,card,349.79,27,21,delivered_no_signature,True,0.183,0.722,1,291,0.4975,True
54f3b449-4352-4fdb-b740-60ec688b5f87,duplicate_charge,apparel,card,4386.49,5,14,in_transit,False,0.816,0.726,0,8,0.6114,True
eabeef6b-2e58-430f-8257-19267db23852,not_as_described,electronics,card,449.34,6,8,signed_confirmation,True,0.706,0.602,0,1199,0.546,False
1ee344bb-cdc4-48ae-8eb1-a7897230e1ff,item_not_received,apparel,upi,1014.19,1,20,delivered_no_signature,False,0.788,0.564,1,526,0.6405,True
40ad8e25-d8df-4811-9988-de692ca0e998,fraud_card_not_present,electronics,wallet,905.84,2,17,signed_confirmation,False,0.409,0.702,3,114,0.1495,False
2282737c-2b92-4a50-b0d4-3e0752965d7a,not_as_described,electronics,upi,676.85,13,6,signed_confirmation,True,0.176,0.851,1,430,0.2714,False
dab30267-1e28-4c29-8382-3575baead8e3,not_as_described,electronics,card,2041.52,2,15,signed_confirmation,True,0.301,0.672,0,474,0.781,True
e0fe79b8-b3a9-4acf-a76b-4f268a07bd6e,duplicate_charge,apparel,upi,829.15,17,1,not_shipped,True,0.656,0.468,0,1095,0.5126,True
0b9aaaeb-7776-4b1d-9a1b-ee34e8a00aee,subscription_not_cancelled,beauty,card,308.82,3,7,delivered_no_signature,False,0.532,0.847,0,737,0.3333,False
31aa5619-3f67-4db0-9f73-ef33efdd3544,not_as_described,home_goods,upi,515.68,17,17,signed_confirmation,False,0.167,0.481,0,188,0.6889,False
6a95f5b1-eae1-4c12-a2df-466b145d6688,fraud_card_not_present,digital_goods,netbanking,420.21,9,7,delivered_no_signature,True,0.479,0.18,0,933,0.3188,True
896700cc-0c5a-4e7b-bc06-35cd8aa8a480,item_not_received,digital_goods,upi,1707.93,11,14,in_transit,False,0.339,0.378,0,718,0.529,True
a8da3a96-a4de-498d-9ed2-6c2896f639bc,subscription_not_cancelled,home_goods,upi,846.84,13,16,signed_confirmation,True,0.719,0.733,0,125,0.4745,True
e53d1945-9fb6-4f28-a34a-154c000fda91,item_not_received,electronics,upi,1172.31,11,19,delivered_no_signature,False,0.241,0.342,0,55,0.3482,False
842ee315-44b2-4518-b77d-00884a076599,subscription_not_cancelled,home_goods,card,1322.83,15,3,signed_confirmation,False,0.311,0.471,1,383,0.3017,True
259825c1-45a3-4a47-b173-33fff3b0e692,fraud_card_not_present,home_goods,card,263.57,8,17,in_transit,False,0.128,0.322,1,664,0.0498,False
57d8d233-f987-4bde-a765-84846b7b028c,not_as_described,apparel,card,938.25,4,15,delivered_no_signature,True,0.846,0.54,1,648,0.7165,True
821f18a9-ba13-4386-9239-57ddc491abde,fraud_card_not_present,electronics,wallet,1191.46,6,6,delivered_no_signature,False,0.502,0.845,0,144,0.6396,False
445e8b96-8fec-48dd-b6a7-bc0543d7007f,fraud_card_not_present,groceries,wallet,607.6,10,14,signed_confirmation,True,0.442,0.461,2,336,0.2235,False
322fc3d1-02f8-4f84-823c-0c797f956054,item_not_received,beauty,netbanking,2400.29,1,11,delivered_no_signature,True,0.499,0.552,0,626,0.3543,True
150b3060-4120-4782-b5c8-7c4f0969f027,fraud_card_not_present,groceries,wallet,459.76,44,4,delivered_no_signature,False,0.225,0.784,0,88,0.5244,False
4325c557-02ec-466f-8c1b-7e91e7fb788d,item_not_received,home_goods,upi,1226.42,6,20,signed_confirmation,True,0.126,0.616,1,1044,0.908,True
385be3f2-0635-4fc9-b707-07bc92753296,not_as_described,beauty,upi,268.62,13,14,delivered_no_signature,False,0.813,0.832,0,112,0.7588,False
907bed9d-378a-4782-b9c2-e08b7cf5693f,duplicate_charge,home_goods,upi,1485.99,6,17,delivered_no_signature,True,0.836,0.737,0,584,0.8093,True
8639c554-6343-4e5c-b230-1ff61bd0eff0,not_as_described,beauty,wallet,552.82,6,12,signed_confirmation,True,0.311,0.302,0,46,0.0533,False
952b8183-507d-4eb2-bb6b-f2087cf4694e,subscription_not_cancelled,groceries,card,602.07,3,1,signed_confirmation,True,0.483,0.931,1,356,0.7495,True
3ad4775f-5b02-4824-9d97-8c920d52ecc5,item_not_received,home_goods,upi,879.16,2,9,signed_confirmation,True,0.326,0.265,1,1019,0.9068,True
9906bbf7-0921-4216-8646-e1b213782f71,not_as_described,digital_goods,card,405.93,11,1,signed_confirmation,False,0.611,0.507,1,315,0.5551,True
952b2f51-54e7-47d2-ae8d-b31ef4b6f30a,not_as_described,apparel,card,763.18,2,12,signed_confirmation,False,0.827,0.667,1,362,0.303,True
31cae262-f0ba-49c9-83a1-8f29fc2f82d9,item_not_received,beauty,upi,453.39,21,15,signed_confirmation,True,0.229,0.783,0,424,0.8115,True
a0236c7e-e53e-44ec-806c-20300a9510b9,fraud_card_not_present,beauty,card,2604.66,21,9,signed_confirmation,False,0.453,0.8,2,7,0.538,False
95a65ab1-4471-46a0-a010-45cd17974634,fraud_card_not_present,apparel,wallet,2296.63,12,17,signed_confirmation,False,0.679,0.714,0,1369,0.7758,False
7c37c799-8fec-44d2-ac2b-9f0715eb77a3,subscription_not_cancelled,home_goods,wallet,138.62,5,6,delivered_no_signature,True,0.188,0.733,0,465,0.6344,False
c8f93525-455e-449c-932b-4693ebbf9b6a,subscription_not_cancelled,groceries,card,701.66,4,12,delivered_no_signature,False,0.238,0.644,0,863,0.2649,False
0792a1a0-fdfa-47c3-841a-227a28d65244,subscription_not_cancelled,electronics,upi,209.92,36,13,delivered_no_signature,False,0.405,0.883,0,144,0.6028,True
f6d5c884-b16f-4865-92ad-7f584a467ddf,not_as_described,groceries,upi,1792.2,48,12,in_transit,False,0.272,0.979,0,91,0.7514,False
0a27932e-7656-4b62-b91e-fad73e4e2f3c,item_not_received,home_goods,upi,1306.86,1,9,delivered_no_signature,True,0.039,0.391,0,443,0.7706,True
c0ef85b8-ab6d-4104-bf4f-6e6a156e622f,duplicate_charge,apparel,netbanking,1008.35,35,6,delivered_no_signature,False,0.646,0.765,1,1044,0.1963,True
1b8080f3-fd8f-477d-b2a3-264af7e91f6d,fraud_card_not_present,digital_goods,upi,888.29,3,20,delivered_no_signature,False,0.528,0.166,1,172,0.4616,False
be97b530-fa71-4120-a238-75dbfee6c891,subscription_not_cancelled,digital_goods,card,478.18,4,4,signed_confirmation,False,0.299,0.947,1,697,0.4795,False
a65b2de0-d46c-49cb-94f4-ffc8ff56b5cb,not_as_described,home_goods,card,591.58,3,10,delivered_no_signature,True,0.755,0.754,0,270,0.7657,True
7da1fe9b-ce1b-459d-999b-ae0547a4f178,item_not_received,apparel,wallet,550.17,3,4,signed_confirmation,True,0.231,0.8,1,972,0.8592,True
d750eb6a-5050-419b-b746-6c55d4bec770,item_not_received,beauty,upi,2139.26,6,7,in_transit,False,0.625,0.77,2,711,0.3189,False
dbe68fe2-0eac-4324-add9-c08085900693,fraud_card_not_present,groceries,upi,392.72,7,16,signed_confirmation,False,0.245,0.67,0,897,0.1797,True
4bc5ceb1-d4b5-4bb4-87d9-19c95ac96e0c,not_as_described,apparel,card,204.46,11,1,signed_confirmation,False,0.755,0.282,1,106,0.2514,False
66884045-7ebd-4e6b-ba6a-b84837381c52,item_not_received,apparel,card,1512.05,3,7,in_transit,False,0.904,0.941,0,87,0.4561,True
1697660c-577c-4346-bad4-a4a8be997400,item_not_received,beauty,card,247.0,1,4,signed_confirmation,True,0.731,0.878,1,411,0.9465,True
5fc22892-1b22-4326-b42f-51bbec02f46b,fraud_card_not_present,groceries,card,921.36,5,6,in_transit,True,0.469,0.329,2,29,0.1322,False
f97463ec-c09f-4455-b57c-6c8d152c8d2c,duplicate_charge,digital_goods,wallet,1244.85,12,14,signed_confirmation,False,0.316,0.554,0,43,0.8519,True
274332c5-f239-47da-a9e2-b2d423e4e738,item_not_received,electronics,card,768.49,7,14,signed_confirmation,False,0.288,0.648,1,16,0.7717,False
dbc7fbef-635a-4361-90bf-8512cb586305,not_as_described,electronics,upi,473.12,1,21,delivered_no_signature,False,0.356,0.832,1,274,0.731,False
64617150-6427-4430-8a5f-19cf2ced9580,not_as_described,groceries,upi,138.68,1,5,delivered_no_signature,False,0.363,0.378,2,203,0.4766,False
1a0a316c-af79-4a7e-8bc8-a92d0d2b11b7,item_not_received,electronics,wallet,462.03,7,5,delivered_no_signature,False,0.18,0.715,1,507,0.5382,False
57a4e6ec-48ab-479f-8d54-84f7d1cfccc5,not_as_described,beauty,card,2263.9,47,18,delivered_no_signature,True,0.299,0.704,0,67,0.7172,True
43e1c3ca-c0e5-4bc9-979a-721a895d9b64,duplicate_charge,groceries,card,993.17,3,4,signed_confirmation,False,0.564,0.75,0,1667,0.2714,False
cea210c5-4e9c-4261-9d78-f5c032a4d340,not_as_described,beauty,wallet,342.7,2,3,signed_confirmation,False,0.523,0.705,2,1334,0.2856,False
7efa62ca-f829-45e6-8a99-52a29da7983f,item_not_received,digital_goods,card,1075.95,1,10,in_transit,False,0.642,0.497,2,403,0.2889,True
00f2c96b-1f1f-4f1b-801f-a359ca8d0862,fraud_card_not_present,electronics,card,1558.2,9,10,delivered_no_signature,False,0.872,0.503,0,94,0.2217,False
1f3f3cd6-211e-48ae-bea8-3cb3d82b0ad4,fraud_card_not_present,electronics,card,6765.9,4,9,signed_confirmation,False,0.323,0.548,0,222,0.5414,False
5056402e-e9e9-46a7-a69a-a5c12155d1fe,not_as_described,digital_goods,card,360.53,10,12,in_transit,False,0.798,0.737,0,137,0.5443,True
cec60dc4-c960-4238-8583-e0aae89d7bb7,duplicate_charge,groceries,wallet,846.64,41,4,delivered_no_signature,False,0.766,0.286,1,351,0.8475,False
3db0c38b-aa57-4585-b9f2-74278f3933c2,fraud_card_not_present,apparel,card,838.23,14,4,not_shipped,False,0.156,0.432,1,58,0.1508,False
c9167a51-915e-459b-989d-ba4abd02a735,subscription_not_cancelled,digital_goods,upi,2155.71,3,3,delivered_no_signature,False,0.588,0.337,0,460,0.5887,True
5c3a7448-4560-4920-a483-4e844080f3bc,not_as_described,beauty,upi,1256.33,22,11,in_transit,False,0.796,0.288,1,43,0.2669,True
1f786ef3-894c-4914-8269-a23d6fcd580e,fraud_card_not_present,digital_goods,wallet,767.54,39,8,signed_confirmation,True,0.578,0.71,0,220,0.6883,True
3c60ecfd-db21-4d1f-aaa9-7fa44e8633ff,item_not_received,apparel,card,368.11,4,11,in_transit,True,0.718,0.806,1,49,0.3415,True
985b457f-73da-4116-9f06-99f70f0e2698,not_as_described,home_goods,wallet,622.3,2,1,not_shipped,False,0.71,0.665,1,207,0.5875,True
5c747f5e-cd23-4220-a859-82e511b35356,item_not_received,home_goods,card,555.73,10,6,delivered_no_signature,True,0.439,0.303,0,108,0.8252,True
de15e419-43b5-4089-964d-9f11e78ecaaa,not_as_described,apparel,card,4026.09,13,18,signed_confirmation,True,0.182,0.536,0,1204,0.6292,True
5a1c9b6c-ed10-43a5-beb9-4ddf97059244,fraud_card_not_present,home_goods,card,354.37,3,18,signed_confirmation,True,0.526,0.814,1,238,0.4283,False
60891b4f-a17c-431b-8a67-dd3d38bea6f7,fraud_card_not_present,groceries,wallet,152.11,52,7,delivered_no_signature,False,0.438,0.189,2,670,0.1744,False
0e71e27f-1bcd-4d58-b5e5-180fff580a3c,item_not_received,beauty,netbanking,1893.22,2,7,signed_confirmation,False,0.331,0.615,0,133,0.8355,True
0d5148e6-8aae-47ca-8237-4b8a38570fdd,fraud_card_not_present,apparel,card,616.29,3,10,delivered_no_signature,True,0.689,0.762,1,105,0.5812,True
148d300a-b279-4b3c-ae78-1b62bdc663b0,item_not_received,digital_goods,card,866.23,24,3,signed_confirmation,True,0.647,0.646,0,58,0.9285,True
9e1122a9-9fa7-4261-b4fe-8f4dcc3682d1,fraud_card_not_present,digital_goods,netbanking,608.76,8,20,signed_confirmation,True,0.174,0.492,1,233,0.2478,False
ca02e63c-5e9c-4ab4-97a0-2e573df575ec,item_not_received,electronics,card,2312.94,6,5,signed_confirmation,False,0.683,0.733,0,248,0.8824,True
3eb15985-9f48-4642-940e-a98fdf94b206,item_not_received,electronics,card,2593.08,2,10,signed_confirmation,True,0.653,0.221,0,97,0.7752,False
a757b2bd-bfe1-4460-9b59-7820f200c622,fraud_card_not_present,home_goods,card,2475.31,8,10,signed_confirmation,False,0.75,0.709,0,732,0.9104,True
02fa917e-5665-4052-a726-98d3373f9547,fraud_card_not_present,home_goods,upi,1391.95,3,8,delivered_no_signature,False,0.704,0.041,0,780,0.6722,False
07b4b406-95e5-493d-b65c-4d9308791937,duplicate_charge,groceries,netbanking,422.01,4,12,signed_confirmation,False,0.078,0.254,0,658,0.6276,False
b3c92f92-c258-40b9-bccb-d8a7e1e64c8a,not_as_described,home_goods,card,1559.25,53,11,delivered_no_signature,False,0.677,0.772,0,90,0.4181,True
5744df6b-8c2d-4a7f-8998-0d9e910e7e7c,subscription_not_cancelled,apparel,upi,1336.28,11,21,signed_confirmation,True,0.769,0.495,0,876,0.8015,True
c74caf64-03fa-46c1-afc7-d5de71541c90,fraud_card_not_present,groceries,card,1833.28,7,17,signed_confirmation,True,0.424,0.718,1,32,0.2308,True
66ed4d32-9b86-4cf8-91b4-9720e79cad8f,item_not_received,digital_goods,wallet,145.1,10,18,delivered_no_signature,False,0.581,0.778,1,166,0.5951,True
d5f8993e-d53e-4246-a7ed-ca769e5abb6a,fraud_card_not_present,apparel,wallet,734.54,2,1,in_transit,False,0.185,0.876,1,414,0.4571,False
417c9725-711b-4451-bd2c-026b1ea75454,fraud_card_not_present,apparel,card,1547.19,23,5,signed_confirmation,True,0.203,0.439,0,165,0.3389,True
3be489c8-338e-4d50-8137-21863c23de63,not_as_described,home_goods,netbanking,574.02,14,8,signed_confirmation,True,0.574,0.336,0,105,0.5536,True
f140d04a-f210-4cc8-81f9-746825759f88,item_not_received,groceries,card,953.4,19,21,signed_confirmation,False,0.077,0.935,1,683,0.9785,True
21261175-bba5-4ee1-8648-0894dd003da4,duplicate_charge,digital_goods,upi,4958.57,7,14,delivered_no_signature,True,0.394,0.476,1,454,0.7516,True
296463e7-4340-4e1a-b1fa-32bb71c8ea6f,not_as_described,home_goods,wallet,480.98,12,12,in_transit,True,0.557,0.61,0,99,0.7101,True
133cad10-2e5f-4bb5-9bab-b9aa509fe5ad,duplicate_charge,home_goods,card,10241.8,8,11,delivered_no_signature,False,0.767,0.476,1,277,0.6564,True
5396be31-6da2-4089-899d-e30f06f40ed3,fraud_card_not_present,beauty,card,245.72,3,19,delivered_no_signature,False,0.278,0.534,1,664,0.3986,False
b74a1853-b67d-4b75-bc2b-66eeb18571bb,fraud_card_not_present,groceries,wallet,967.64,3,19,delivered_no_signature,False,0.525,0.851,0,33,0.4996,True
466beb64-d81a-4ccc-816e-b30b64ca51bd,item_not_received,beauty,card,661.69,3,21,delivered_no_signature,False,0.458,0.519,1,372,0.3011,True
79722b74-57a0-4201-aaa9-2d484391c6dc,fraud_card_not_present,beauty,card,1645.05,5,11,delivered_no_signature,False,0.788,0.611,2,746,0.6618,True
d8b9d218-e416-4124-8e2f-5c7464497ee8,subscription_not_cancelled,groceries,netbanking,2145.68,5,5,delivered_no_signature,False,0.686,0.644,1,1029,0.1258,False
0cd116c8-4c93-41c0-a6c5-8b4db7a68dfa,subscription_not_cancelled,digital_goods,card,360.1,10,17,delivered_no_signature,True,0.124,0.373,0,1390,0.3456,True
c5e01081-670e-43b5-b706-44d8af72492f,not_as_described,beauty,upi,184.79,13,11,delivered_no_signature,False,0.715,0.81,1,622,0.5878,False
9eb3add7-9212-4616-a1c9-07794f97d7c0,not_as_described,groceries,netbanking,2830.54,8,15,signed_confirmation,True,0.474,0.566,2,550,0.575,True
ff7ab7f4-6e86-41b5-928f-5824bb37437f,duplicate_charge,home_goods,upi,837.95,18,17,signed_confirmation,False,0.79,0.325,0,125,0.3595,False
64c8adef-9b5b-4e18-ad37-93e6f207ebbb,not_as_described,electronics,netbanking,618.74,4,12,signed_confirmation,True,0.493,0.27,0,150,0.3861,False
763e658f-2ff2-4fc2-80b7-40365d0438c0,fraud_card_not_present,digital_goods,card,875.88,5,7,signed_confirmation,False,0.681,0.633,0,138,0.4489,False
41d99792-4c4d-4512-b43b-c916ca84c2fc,item_not_received,home_goods,card,2001.05,8,9,delivered_no_signature,False,0.728,0.656,0,23,0.9557,True
9f5518db-c1ac-48b4-b45c-c626797da1bb,item_not_received,groceries,netbanking,454.12,9,5,signed_confirmation,False,0.225,0.867,0,89,0.9116,True
9ae24d54-3e0c-45a6-bc74-1625700e6126,fraud_card_not_present,groceries,card,792.45,2,12,delivered_no_signature,True,0.317,0.779,0,6,0.3999,True
da6acf15-9247-45b8-a71e-6f48745b3664,duplicate_charge,electronics,netbanking,1283.51,14,14,signed_confirmation,True,0.579,0.635,0,120,0.8305,False
174f85d7-65dc-4f97-afc1-02c3de19dce2,not_as_described,beauty,card,586.93,9,20,not_shipped,True,0.197,0.527,0,271,0.202,False
367e11bd-da3f-43e6-90ba-5133a61d851b,fraud_card_not_present,beauty,upi,1037.23,1,14,signed_confirmation,False,0.739,0.294,2,249,0.5045,False
1e267163-81ba-4cfd-aaaf-4f383d952911,item_not_received,digital_goods,upi,279.18,2,18,signed_confirmation,True,0.18,0.891,0,211,0.8757,True
6cb173b8-e5b9-41aa-974b-0bf65f5479f7,subscription_not_cancelled,digital_goods,card,403.1,9,18,signed_confirmation,False,0.159,0.428,0,140,0.4192,False
15b2366b-310a-427d-a4eb-5678c676b5e2,fraud_card_not_present,digital_goods,wallet,588.62,15,6,signed_confirmation,True,0.822,0.708,0,658,0.4392,False
a50ee99e-80ca-4418-9b94-9bae446635ec,duplicate_charge,electronics,upi,445.76,5,18,signed_confirmation,False,0.682,0.394,1,1524,0.1909,False
7f7c72bc-fffa-4eab-8f36-7fd236b16bd7,fraud_card_not_present,home_goods,upi,2627.09,7,1,in_transit,False,0.331,0.572,1,41,0.1121,False
80ee983a-795c-4902-bdc0-36d7b5698a1e,item_not_received,electronics,card,1039.63,17,2,signed_confirmation,False,0.68,0.661,0,617,0.9382,True
331cf785-bdce-4dcf-89c3-28d6d0f6fd62,duplicate_charge,apparel,card,1318.59,4,10,signed_confirmation,True,0.35,0.68,1,797,0.4919,True
1f5aef1b-949a-44b9-9c99-2c0642321b02,duplicate_charge,home_goods,card,416.92,2,17,delivered_no_signature,False,0.67,0.335,1,751,0.3477,False
54483a29-fabe-470b-8937-7ab614c54abe,item_not_received,groceries,wallet,335.32,12,19,not_shipped,True,0.606,0.468,0,91,0.0634,False
d6eb8504-5551-48d2-b545-96fe9a54c7b4,not_as_described,digital_goods,card,1998.69,4,18,signed_confirmation,True,0.484,0.787,1,350,0.7575,False
1b04e3c5-10d2-4f76-9f84-bc669b84fd8e,fraud_card_not_present,beauty,card,1283.41,30,9,signed_confirmation,False,0.778,0.19,1,44,0.5305,False
0a9d1e50-9566-4037-af4d-b5bba60d7772,item_not_received,digital_goods,upi,1328.69,3,13,delivered_no_signature,True,0.595,0.577,1,142,0.7921,True
a4755848-6566-4d94-8d9f-ba722366e8fb,item_not_received,electronics,upi,2043.19,3,14,delivered_no_signature,True,0.39,0.636,0,741,0.7597,True
418fc32b-a268-4809-a8eb-f12145290b43,not_as_described,digital_goods,upi,746.0,4,21,in_transit,False,0.586,0.312,2,269,0.3219,False
7627d8eb-400e-4933-9169-7bd51ed12114,not_as_described,digital_goods,upi,978.95,23,19,signed_confirmation,False,0.441,0.342,0,80,0.5478,True
9194baed-b0b4-4485-a9da-fca1464674d6,fraud_card_not_present,groceries,wallet,655.77,1,8,signed_confirmation,False,0.233,0.93,0,271,0.5505,False
b3234581-a248-4aa1-8ce2-f88e3f195686,item_not_received,home_goods,card,606.86,13,3,not_shipped,False,0.604,0.881,2,361,0.2829,True
55532e78-6c0f-4992-b4c8-f92dba0fbe6c,fraud_card_not_present,apparel,card,1344.75,16,18,not_shipped,False,0.5,0.895,0,507,0.1938,False
c6c9e225-c71e-48d8-b240-735fb28083db,fraud_card_not_present,groceries,card,52.24,17,21,signed_confirmation,True,0.212,0.366,3,116,0.0744,False
63d2e582-9740-4797-ae93-fa5d0b3c34a2,not_as_described,electronics,wallet,1079.88,7,17,signed_confirmation,False,0.465,0.242,2,184,0.1582,True
75114030-c699-4014-b3ad-16dd0c36eac3,item_not_received,apparel,wallet,668.07,48,7,signed_confirmation,False,0.4,0.587,0,913,0.8114,True
22985d76-7996-4906-9e64-262757567ccf,subscription_not_cancelled,home_goods,card,1024.06,2,19,delivered_no_signature,False,0.205,0.641,0,70,0.7013,True
11291226-b95c-4f05-837b-ac8a85986706,item_not_received,groceries,card,602.23,7,16,delivered_no_signature,False,0.566,0.822,2,187,0.6703,False
886308b2-09da-4445-9fc1-722924b5847d,fraud_card_not_present,apparel,netbanking,384.51,37,8,signed_confirmation,False,0.115,0.591,0,28,0.6101,True
fd0a3fc1-7953-42a8-987a-db50c14567f9,fraud_card_not_present,home_goods,upi,660.92,7,10,signed_confirmation,True,0.339,0.759,0,48,0.586,True
6872552c-6839-43cf-b023-b377b928cf13,subscription_not_cancelled,groceries,netbanking,1051.97,10,3,signed_confirmation,True,0.402,0.555,1,109,0.4602,False
23632520-1ca0-4821-9f8e-f3da5116eb4d,fraud_card_not_present,electronics,wallet,14081.83,4,12,delivered_no_signature,False,0.983,0.467,1,211,0.7479,True
fa17ca16-1a8c-476f-9cb1-8fc1c5228dd3,item_not_received,electronics,upi,623.71,4,11,signed_confirmation,True,0.335,0.545,0,522,0.7726,True
0775eb5c-6ea9-4880-9ae7-2ce324ba3da4,duplicate_charge,groceries,card,1471.15,6,12,not_shipped,False,0.709,0.829,1,213,0.5791,False
1dc9e6ef-054a-4cdf-b90c-27f07ec931fd,item_not_received,apparel,upi,747.53,15,2,signed_confirmation,False,0.474,0.853,1,471,0.8132,True
46e490c9-e3de-4d79-9a93-924726692c57,fraud_card_not_present,home_goods,netbanking,2289.43,52,4,signed_confirmation,False,0.707,0.432,0,68,0.3534,True
2aa75e32-49cb-4dc7-ab89-3f2a6288bca0,item_not_received,apparel,card,3844.48,16,20,not_shipped,False,0.45,0.451,1,291,0.0497,False
a4ea5eb6-65d2-4f21-9220-049baec6ebea,duplicate_charge,electronics,upi,1754.43,3,6,in_transit,False,0.903,0.675,1,744,0.7104,True
4c7d436f-05c8-48c6-bf8f-f615fa18c84e,fraud_card_not_present,home_goods,card,659.3,1,17,signed_confirmation,False,0.552,0.729,0,676,0.6495,False
48e00c20-400f-41df-9718-4962947b1b29,item_not_received,digital_goods,upi,1426.96,7,14,delivered_no_signature,False,0.7,0.202,1,123,0.6714,True
2ca52e2e-dfc4-4c14-b0c1-4f84cc85a2d8,not_as_described,digital_goods,upi,1595.77,5,9,in_transit,True,0.888,0.523,0,113,0.2439,False
4b1df8c9-dd70-421f-8564-3e1d1d756253,subscription_not_cancelled,beauty,upi,809.95,4,1,signed_confirmation,True,0.688,0.73,1,124,0.553,True
ccc0c3b2-be7c-44b1-a1b6-e522bec97959,not_as_described,beauty,upi,368.25,6,8,signed_confirmation,False,0.799,0.463,0,375,0.2912,False
4eec953a-0f36-4256-977f-8d65af455251,fraud_card_not_present,electronics,card,571.76,10,14,not_shipped,False,0.346,0.77,0,46,0.1654,False
7914f9ba-e948-4889-8e79-e1e08fb72cf2,item_not_received,digital_goods,card,891.32,21,2,signed_confirmation,False,0.407,0.949,0,202,0.8655,True
ca363260-2c7d-41f9-b26d-8fddf5f15a5e,fraud_card_not_present,groceries,netbanking,90.69,14,15,signed_confirmation,False,0.276,0.759,2,538,0.3042,False
1b5542b0-3ba5-499c-8e34-8fcfea11b81f,fraud_card_not_present,electronics,upi,506.67,21,4,signed_confirmation,True,0.449,0.711,1,106,0.3172,False
ad7dc5ee-42ee-4706-b639-130994e67263,item_not_received,groceries,upi,182.59,19,12,signed_confirmation,False,0.189,0.56,0,118,0.7099,True
c7473e15-fd31-41f8-9877-838ae8829719,duplicate_charge,home_goods,card,704.65,1,19,not_shipped,True,0.659,0.24,1,740,0.9029,True
12067419-9b1d-4dc1-a954-7de1ffba01ea,fraud_card_not_present,home_goods,card,478.86,4,3,signed_confirmation,True,0.373,0.351,0,584,0.3977,False
3cbaff03-c915-4af0-9626-588a718faea8,item_not_received,groceries,card,425.74,1,3,signed_confirmation,False,0.818,0.694,1,182,0.8894,True
9748991c-5fdd-44ca-b2c6-1ca006ce43b6,duplicate_charge,home_goods,card,2276.91,8,8,delivered_no_signature,False,0.38,0.618,1,477,0.2582,False
57773bbe-8838-4d93-bd70-a6747538b506,subscription_not_cancelled,home_goods,card,463.36,1,12,delivered_no_signature,False,0.674,0.535,0,137,0.2355,True
26fb3516-7b11-46f2-a053-b349ea9c0412,item_not_received,groceries,upi,1431.16,2,11,in_transit,False,0.607,0.882,0,224,0.5128,True
8a185318-3e04-46a6-bab6-cd6dd280c795,item_not_received,beauty,upi,462.42,2,12,in_transit,True,0.785,0.539,0,68,0.5712,False
80fad21a-907f-42b4-a8c8-9e00c57a995c,fraud_card_not_present,beauty,upi,1088.39,26,2,signed_confirmation,False,0.55,0.678,0,1237,0.9188,True
ddb60098-2a60-4c3d-9ff8-09d0adcdf970,not_as_described,groceries,card,449.88,3,21,signed_confirmation,True,0.821,0.651,0,755,0.5438,False
482dcb48-40f7-44fd-af18-358a64fa8eca,subscription_not_cancelled,beauty,wallet,385.33,5,16,signed_confirmation,False,0.821,0.736,1,285,0.5046,False
aa824ebe-6b0c-49c1-8bef-18cd23cde91b,item_not_received,home_goods,card,3519.18,1,16,delivered_no_signature,True,0.581,0.166,0,25,0.2793,False
184eae09-64db-4a1c-9cae-a65ade722e99,fraud_card_not_present,electronics,card,444.26,8,15,in_transit,True,0.637,0.652,1,80,0.8182,True
baab7e9c-aa56-4edb-8e86-4a5a01d19f39,fraud_card_not_present,digital_goods,card,864.5,1,13,signed_confirmation,False,0.524,0.256,0,181,0.5309,True
0815afe8-f908-4726-b424-4b00b07999da,fraud_card_not_present,beauty,upi,544.55,20,5,signed_confirmation,True,0.228,0.14,0,598,0.5855,True
13904b80-9f3d-40dc-88b1-c7cb91cd9457,not_as_described,home_goods,card,523.86,2,8,in_transit,False,0.453,0.792,1,455,0.212,False
824aef78-1d53-4803-9bb9-25ff871c70c4,fraud_card_not_present,home_goods,upi,751.45,3,11,signed_confirmation,True,0.72,0.726,0,549,0.8906,True
2318d73a-a43b-4b4a-bd0b-bbc2e15b6b72,not_as_described,electronics,upi,814.73,5,4,delivered_no_signature,True,0.685,0.515,0,272,0.6745,False
f07893ac-37d3-4d79-9e79-776918cd1eff,item_not_received,groceries,upi,521.56,1,1,signed_confirmation,False,0.718,0.572,0,40,0.9439,True
28f652f5-03a2-4d0e-8405-f83fcef3f1a5,fraud_card_not_present,apparel,upi,674.05,31,5,in_transit,True,0.39,0.432,1,198,0.2344,False
09ce6eda-920c-480d-95a8-8525cebe142a,not_as_described,apparel,wallet,3036.23,7,16,in_transit,False,0.36,0.482,1,39,0.2534,False
28419937-8624-4011-b7ec-0b10de90e213,fraud_card_not_present,groceries,upi,3180.72,6,17,delivered_no_signature,True,0.821,0.681,0,566,0.331,False
28dbb444-3030-432a-9694-43254a8b5f25,item_not_received,digital_goods,card,5695.01,6,1,not_shipped,True,0.548,0.399,0,568,0.049,False
fd4776b5-2013-47e1-bcca-f5de62f06067,subscription_not_cancelled,apparel,wallet,2110.45,8,15,signed_confirmation,False,0.499,0.447,0,93,0.635,False
30eff185-7446-40af-acec-d2ae8218f7b6,item_not_received,apparel,card,863.67,6,12,delivered_no_signature,False,0.161,0.446,0,757,0.7756,True
239c9268-4572-423c-a7e8-69a500edb047,not_as_described,beauty,upi,652.52,9,19,in_transit,False,0.86,0.398,0,427,0.543,True
3a5732ce-6ad8-4450-a409-424054a4de9f,not_as_described,beauty,card,625.28,9,5,signed_confirmation,True,0.686,0.507,0,136,0.3085,True
5e43a65c-9f3d-4c9c-a105-fae6daf291eb,subscription_not_cancelled,electronics,netbanking,842.33,22,20,in_transit,True,0.741,0.79,2,63,0.3826,False
516c5c33-16be-4c5c-97c6-f6097eff6cda,item_not_received,apparel,upi,2631.61,8,16,delivered_no_signature,True,0.401,0.281,1,685,0.7986,True
269d5962-cdc8-4211-bec6-46f8735e00e5,item_not_received,apparel,wallet,1868.4,13,18,delivered_no_signature,False,0.352,0.295,0,10,0.5406,False
82277e30-695b-477a-9094-5ecbdb8e8509,duplicate_charge,apparel,upi,638.24,20,10,not_shipped,False,0.396,0.846,1,233,0.6474,True
833083ab-ae36-40e0-9d45-0174fc0efb15,subscription_not_cancelled,groceries,upi,4425.89,26,2,not_shipped,False,0.572,0.817,0,15,0.7507,False
935fd7bb-03c4-4ae1-9a15-1a665a5387f9,subscription_not_cancelled,groceries,netbanking,1202.54,17,12,signed_confirmation,True,0.185,0.499,0,351,0.8529,True
a784515f-3895-4ee9-8acb-36025c8b383c,item_not_received,electronics,card,698.84,16,11,delivered_no_signature,True,0.148,0.858,0,195,0.6627,True
00ff4398-e991-46df-9154-6aee5a4dd33d,duplicate_charge,groceries,upi,1151.83,14,2,delivered_no_signature,False,0.652,0.863,0,102,0.7762,True
5219f192-244a-476e-8e05-090039e876a5,fraud_card_not_present,apparel,upi,2092.79,8,9,signed_confirmation,False,0.078,0.741,3,305,0.1225,False
e5e78ab1-aa54-40fe-914c-e868e8021b6b,not_as_described,groceries,upi,991.1,1,16,not_shipped,True,0.284,0.544,0,20,0.5191,False
036bf5ef-7e5c-4217-b251-931867d61e4c,not_as_described,groceries,upi,2273.31,7,19,not_shipped,False,0.674,0.759,0,467,0.3664,True
4f13d5ee-b6ff-4e5f-b014-19e2b2fa4768,fraud_card_not_present,digital_goods,card,4191.97,25,4,signed_confirmation,False,0.539,0.619,1,89,0.5473,True
9d52033c-2c2a-4cc4-8b83-59703ef4b2d6,item_not_received,beauty,card,1133.79,13,1,delivered_no_signature,False,0.592,0.691,2,178,0.6882,True
15ee9c54-ef1a-45d4-9063-34c719a3f5a9,fraud_card_not_present,electronics,card,786.39,14,21,delivered_no_signature,True,0.858,0.48,0,367,0.6769,True
a87b5a5b-332d-47eb-a065-6dc60839d247,subscription_not_cancelled,home_goods,wallet,929.07,22,16,signed_confirmation,True,0.588,0.252,0,537,0.305,False
330f83ba-4ac5-4731-9cf5-450317253e25,subscription_not_cancelled,beauty,upi,3101.65,3,3,delivered_no_signature,False,0.734,0.819,3,405,0.3045,False
b3c7437c-f05d-49de-9c78-4c1b6f633057,item_not_received,home_goods,wallet,6501.33,15,15,not_shipped,False,0.382,0.664,0,306,0.1122,False
4f3dd0df-a8e2-4925-80f5-f976fba79aab,not_as_described,groceries,wallet,553.44,7,11,delivered_no_signature,True,0.262,0.964,0,128,0.77,False
8ec4c73c-73b7-40de-925e-f68e3880e129,fraud_card_not_present,electronics,netbanking,414.87,17,7,signed_confirmation,False,0.886,0.524,1,9,0.707,True
0200b4d3-ddd0-491d-8f44-8345ffe47a0b,item_not_received,beauty,upi,1123.49,4,17,delivered_no_signature,False,0.545,0.624,0,1090,0.6123,True
3c3d6061-fe66-442c-b7b4-b13cd717d927,item_not_received,home_goods,card,1755.03,13,12,delivered_no_signature,True,0.624,0.818,1,690,0.6308,True
a2de58bb-4b0d-4525-a40e-4ef9d58d9d57,not_as_described,electronics,upi,2796.32,14,16,delivered_no_signature,False,0.85,0.898,0,813,0.6798,True
0711d4ab-e27a-4b82-9738-0d954c24129f,item_not_received,home_goods,card,1480.32,11,1,not_shipped,False,0.455,0.517,1,89,0.0267,False
cb4bef5b-077d-4af8-8e37-c62dd1e5035b,not_as_described,digital_goods,netbanking,450.19,1,10,signed_confirmation,False,0.61,0.646,1,208,0.6689,True
82eeb203-adb5-4119-a1a0-c180968d650e,fraud_card_not_present,digital_goods,upi,740.79,14,18,in_transit,False,0.519,0.51,0,42,0.4376,True
e7a65f1c-ad3b-4258-b369-75b1fb747e95,fraud_card_not_present,apparel,upi,1653.79,1,4,signed_confirmation,True,0.812,0.352,0,456,0.684,True
4d5a61ba-94c7-4481-8fc1-2c550dc60993,fraud_card_not_present,groceries,upi,2148.14,9,15,delivered_no_signature,True,0.785,0.496,0,208,0.561,True
d4197584-b790-4883-8ac3-ded2ada3bd7f,item_not_received,beauty,card,421.65,2,20,not_shipped,False,0.465,0.774,1,702,0.0152,False
cf56182e-da97-4bcb-88f9-a53b9c98047f,not_as_described,groceries,card,1305.76,7,1,signed_confirmation,True,0.496,0.536,1,131,0.7063,True
03de9430-5149-4338-a1ef-17159a41d245,fraud_card_not_present,electronics,card,1322.92,5,17,signed_confirmation,False,0.32,0.328,0,386,0.136,True
f3b205eb-db5f-4c42-976b-40bb4098c70d,item_not_received,beauty,netbanking,460.91,3,16,signed_confirmation,True,0.084,0.916,0,2537,0.8582,True
350537d7-432c-4831-8cbd-6d4b1fdc9a4f,fraud_card_not_present,beauty,card,677.98,1,3,delivered_no_signature,False,0.488,0.741,0,557,0.4166,False
b7c8fa29-bc6a-4209-85ed-c5e7cca66fcc,subscription_not_cancelled,apparel,card,465.95,44,16,delivered_no_signature,False,0.721,0.392,0,1239,0.676,True
8c1983fe-45a9-4117-bbe6-8afd4ed9fd02,item_not_received,electronics,upi,206.01,11,9,delivered_no_signature,True,0.649,0.87,0,95,0.5547,False
6593ee4e-ad1f-4a36-b55d-1a40a7377513,fraud_card_not_present,electronics,wallet,1212.25,3,5,signed_confirmation,False,0.302,0.476,0,340,0.4349,True
e56f5f87-4d95-4ebc-863f-1ae4c62d09a1,item_not_received,beauty,netbanking,4433.62,53,12,in_transit,True,0.707,0.765,1,378,0.4446,True
2c6a53c0-f3f2-4476-b731-9c9444b93e5c,fraud_card_not_present,groceries,card,1632.27,4,6,signed_confirmation,False,0.799,0.591,0,1519,0.7925,True
a0822437-ee19-43d4-be2b-2e99566176dd,not_as_described,home_goods,upi,227.74,19,17,signed_confirmation,False,0.761,0.764,0,276,0.4473,False
4238d30c-aa1d-4e7e-b6b4-20289c7ef4de,duplicate_charge,apparel,wallet,1047.6,2,20,delivered_no_signature,False,0.376,0.747,0,92,0.564,True
2267166b-12dd-4471-a84f-a9cf866e5a99,duplicate_charge,apparel,card,235.43,3,20,signed_confirmation,False,0.769,0.696,0,154,0.2023,False
30fb94ac-a731-4a75-ad52-d41c45b0e384,fraud_card_not_present,beauty,card,259.62,9,13,delivered_no_signature,False,0.531,0.746,0,50,0.597,True
aba8f268-6209-48df-8732-0b284c9afe66,item_not_received,home_goods,card,229.78,13,7,signed_confirmation,False,0.785,0.543,0,208,0.6557,False
f29d8a1d-448a-491b-8e55-188396d9bb5c,item_not_received,apparel,wallet,548.6,10,2,signed_confirmation,False,0.541,0.538,0,1876,0.963,True
15f7b516-678b-414b-a414-e461b9646a78,duplicate_charge,electronics,wallet,344.26,21,20,signed_confirmation,False,0.446,0.419,0,324,0.6107,True
c8013100-1aa3-46be-9560-795e98298b04,fraud_card_not_present,electronics,card,1990.35,33,3,signed_confirmation,True,0.441,0.49,0,210,0.4812,True
f811881a-fa35-481d-afed-cf511d426d65,subscription_not_cancelled,groceries,upi,900.31,8,18,in_transit,False,0.11,0.501,0,65,0.8125,True
1ca388a1-52ad-4ae9-825a-df75c4dbea9e,subscription_not_cancelled,digital_goods,card,1346.52,1,15,signed_confirmation,True,0.359,0.486,0,125,0.8199,True
ec4eb95d-d688-43d9-98f0-e54a44e89d32,subscription_not_cancelled,apparel,card,632.74,8,21,in_transit,False,0.611,0.26,0,40,0.5797,True
473ab3bb-1ea3-4366-b6f6-2c4969be32a9,duplicate_charge,electronics,card,700.19,1,20,in_transit,False,0.431,0.303,0,659,0.4843,False
92626168-0f3c-46b8-af37-da89612a8aef,duplicate_charge,apparel,upi,4180.73,5,15,in_transit,False,0.526,0.129,0,506,0.5747,False
6e033ed3-4639-405f-baa8-5f314a80a09d,fraud_card_not_present,home_goods,card,434.53,16,14,not_shipped,True,0.662,0.617,1,540,0.466,True
0cda7891-a110-4773-886c-9c3a2434f3a5,item_not_received,digital_goods,card,390.0,12,12,in_transit,False,0.827,0.427,1,725,0.0479,False
cae1b2c4-7212-456b-9544-91266e9d6059,fraud_card_not_present,groceries,upi,1994.13,1,20,signed_confirmation,True,0.236,0.371,0,866,0.4455,True
84dc4f0f-efc1-4c8b-a1c7-1019e1ce726f,item_not_received,apparel,netbanking,3033.36,5,13,delivered_no_signature,True,0.497,0.302,1,687,0.4526,False
546fbf56-e8f4-4594-a54e-aea4c7c47d32,not_as_described,apparel,netbanking,1062.58,1,15,signed_confirmation,False,0.27,0.829,3,1282,0.7251,True
e0eea65c-9753-4946-a6c2-9e18fa742984,item_not_received,home_goods,card,2692.68,17,10,delivered_no_signature,False,0.943,0.547,1,640,0.2805,False
d0ff7f2c-5056-4dfa-bfb1-9d8f8e5d0f67,fraud_card_not_present,digital_goods,upi,1171.41,25,17,not_shipped,False,0.27,0.333,1,307,0.3902,False
b64e6e6b-37ae-44c7-a0f8-3c01f87af8b4,item_not_received,apparel,card,392.64,13,21,not_shipped,True,0.657,0.686,0,537,0.0565,False
eac6d573-62f6-42e0-844f-0fc21b66296a,item_not_received,apparel,upi,868.06,34,5,delivered_no_signature,False,0.391,0.922,0,1167,0.8225,True
c2c68384-3dee-4347-aba5-5a5dcaa92820,item_not_received,beauty,card,1442.31,3,7,delivered_no_signature,True,0.149,0.872,0,811,0.8036,True
b3122cb9-865c-43ba-bddd-86a84066090b,item_not_received,home_goods,card,317.16,20,10,signed_confirmation,True,0.59,0.993,0,100,0.9498,False
67bddab6-24d1-48c8-a42e-ccb997da384d,not_as_described,beauty,upi,379.82,20,20,delivered_no_signature,False,0.064,0.549,0,76,0.7111,False
e1a6b140-0a86-4e80-87b9-d2b24e61f2d4,not_as_described,apparel,upi,238.8,16,4,in_transit,False,0.274,0.785,1,470,0.3395,False
bbab1ffa-1e52-490a-9e3d-11ceb3b37593,item_not_received,groceries,card,1030.96,12,2,signed_confirmation,False,0.669,0.599,0,394,0.844,False
248e34c0-60b2-41ff-9ceb-9a4af35fe1b5,item_not_received,groceries,upi,2101.5,34,11,signed_confirmation,True,0.54,0.581,0,65,0.7128,True
4d2a3942-7adf-447b-8041-3a75b67ee73b,fraud_card_not_present,groceries,upi,976.28,7,1,delivered_no_signature,True,0.685,0.876,0,372,0.9257,True
d6650e52-5739-448b-8045-e35c6d72bda5,subscription_not_cancelled,beauty,wallet,516.36,21,5,delivered_no_signature,True,0.249,0.404,1,507,0.5495,True
c13305d4-8ae8-4358-a1ae-adefe43edb80,duplicate_charge,home_goods,upi,2450.01,1,7,signed_confirmation,False,0.911,0.727,1,16,0.6124,True
00e4f05e-1859-4c2a-b18a-7d2e8f4a2017,fraud_card_not_present,beauty,wallet,1134.79,6,9,in_transit,False,0.22,0.674,1,10,0.1925,False
a59a8490-5b14-46cb-8262-f28efb6b07a3,not_as_described,apparel,card,885.14,39,15,in_transit,False,0.63,0.759,1,415,0.4425,True
fd953541-eab2-43e9-9cf6-a1d62095804e,fraud_card_not_present,apparel,upi,4157.95,5,15,delivered_no_signature,False,0.283,0.836,1,103,0.362,False
73bb0285-a5e1-46f4-b27b-344b17dbbddb,fraud_card_not_present,digital_goods,card,2020.95,3,5,delivered_no_signature,False,0.793,0.603,1,320,0.7347,True
1d97cbf6-7e6a-4555-ba32-76e9bb719c03,fraud_card_not_present,apparel,upi,567.49,17,3,delivered_no_signature,False,0.683,0.7,0,46,0.5246,False
3eef6484-4c61-4b48-b89d-a05acbcb57cf,fraud_card_not_present,groceries,card,2401.53,5,6,delivered_no_signature,True,0.656,0.499,2,478,0.1696,False
96386b07-3914-42ce-9c7b-78533682fb9d,item_not_received,home_goods,upi,928.52,4,19,delivered_no_signature,False,0.177,0.805,1,393,0.746,False
0236bd8f-e799-4a95-b3d0-d5fc8d290d2d,fraud_card_not_present,digital_goods,card,873.0,9,1,delivered_no_signature,False,0.781,0.682,1,449,0.4024,False
59eae483-fb4b-4374-843f-8a944541c908,fraud_card_not_present,digital_goods,card,1841.93,1,19,signed_confirmation,True,0.526,0.472,1,62,0.8692,True
24f87b53-3b9a-4875-8d14-0070639d963a,not_as_described,electronics,upi,2680.97,3,9,signed_confirmation,False,0.736,0.758,0,1093,0.3937,True
c7db977d-c981-4ef9-924e-2e36572518f9,item_not_received,electronics,upi,197.27,32,18,signed_confirmation,True,0.388,0.256,0,110,0.8032,True
fdd28a9f-88ef-4d33-83ab-83582efe1238,duplicate_charge,digital_goods,upi,693.3,6,1,in_transit,True,0.701,0.813,1,39,0.8362,True
197dded5-5659-4156-a9e6-4388ee3f8fab,fraud_card_not_present,electronics,card,4532.49,4,9,delivered_no_signature,True,0.395,0.452,0,63,0.1793,True
5f462422-ce13-4bce-9c8b-ee1666092666,item_not_received,digital_goods,wallet,1076.94,56,3,signed_confirmation,False,0.358,0.57,1,163,0.9387,True
cf426ee0-5347-4c23-a83d-afffb5fe9885,fraud_card_not_present,apparel,card,1080.14,10,1,signed_confirmation,False,0.748,0.423,0,228,0.5867,False
6448463c-0817-4956-91e2-a19ac8fd7506,item_not_received,apparel,upi,344.13,10,5,signed_confirmation,False,0.709,0.414,0,193,0.7572,False
7c3045ae-01f7-4df8-8823-4fbbdbbde80a,fraud_card_not_present,home_goods,upi,316.42,1,3,signed_confirmation,True,0.246,0.427,1,321,0.4737,True
5458128d-e9c7-45c1-ad41-1d4e94d89f23,not_as_described,electronics,upi,728.61,58,5,delivered_no_signature,False,0.884,0.725,1,639,0.6554,False
5f574ec4-ce23-41de-bc41-efc7cea89e43,item_not_received,home_goods,upi,169.92,17,7,signed_confirmation,False,0.133,0.75,1,271,0.5709,True
3e2cada2-c2d6-4f0e-b2fb-99ebc1c89b1a,fraud_card_not_present,electronics,upi,332.05,1,21,in_transit,False,0.783,0.728,0,244,0.4584,True
f7601ec2-c872-49c0-a4e3-6ca03493f552,not_as_described,groceries,card,889.19,14,13,not_shipped,False,0.798,0.709,0,233,0.6908,False
17d03133-695f-4086-b028-b3c6504a27af,duplicate_charge,beauty,upi,3126.59,3,6,signed_confirmation,False,0.421,0.514,0,156,0.3923,True
17b40387-960b-4054-aa93-65053b56bcb4,item_not_received,beauty,upi,573.31,5,8,not_shipped,True,0.518,0.441,0,398,0.1446,False
10276bc8-84f8-4d2c-a477-7586cd010798,not_as_described,electronics,card,2082.33,7,13,delivered_no_signature,False,0.403,0.82,0,473,0.6929,False
bdbac43a-c73d-4e1a-9016-4f36fdbc6117,item_not_received,digital_goods,card,621.4,15,5,delivered_no_signature,False,0.399,0.596,1,180,0.7154,False
c38337e2-3f01-4f72-af88-af364ebcdb6d,item_not_received,home_goods,wallet,405.86,5,10,in_transit,False,0.704,0.528,1,515,0.1722,True
a76f1c1d-7db4-465c-8389-95bf27f21036,item_not_received,beauty,wallet,407.9,4,7,not_shipped,False,0.727,0.699,1,480,0.0659,False
646c7ac9-68d5-47a3-a1d1-c95f8b464aa0,item_not_received,home_goods,upi,119.49,3,10,signed_confirmation,False,0.599,0.404,2,843,0.8317,True
7511fbdb-80c7-4b1c-a5b1-83a03da610a2,fraud_card_not_present,apparel,wallet,1189.71,4,5,signed_confirmation,False,0.632,0.649,1,1655,0.554,False
e935b17c-8440-4a00-9c92-39bc4c443d13,fraud_card_not_present,home_goods,netbanking,8454.05,4,16,delivered_no_signature,False,0.429,0.195,0,767,0.495,True
76052eb3-8c16-4d75-b0d4-621629bedfbf,duplicate_charge,home_goods,upi,591.34,8,6,signed_confirmation,True,0.079,0.925,1,341,0.739,True
9be2cf9d-41aa-4b3a-8a27-44df0c25a9d5,item_not_received,beauty,card,708.23,10,19,signed_confirmation,True,0.07,0.4,1,28,0.8578,False
d9792000-8988-4bad-9c74-6e74ca18abe6,not_as_described,apparel,card,462.13,13,20,signed_confirmation,False,0.692,0.754,0,326,0.6655,False
1fa82ebc-48ea-4b0b-a69d-946007af9bea,duplicate_charge,apparel,card,928.77,16,13,delivered_no_signature,False,0.535,0.648,0,140,0.8176,True
98dad477-23c9-41a8-bb7d-cc1bb54a6a1a,fraud_card_not_present,groceries,upi,776.79,10,6,delivered_no_signature,False,0.748,0.724,1,528,0.5046,False
872e7c74-75b8-4603-9df5-54e64d7b39af,fraud_card_not_present,electronics,card,3551.94,3,11,delivered_no_signature,True,0.21,0.741,0,172,0.4489,False
10880799-fa6c-4843-ad3b-383d81f1acc5,fraud_card_not_present,digital_goods,upi,196.56,7,10,signed_confirmation,True,0.291,0.779,0,690,0.6346,False
18326396-e89c-4110-96d3-78351dad68b8,item_not_received,electronics,upi,1936.26,9,21,signed_confirmation,True,0.523,0.443,0,7,0.8746,True
2958bd0c-807c-46d4-92cd-4927f5ea6082,subscription_not_cancelled,groceries,card,446.17,49,20,signed_confirmation,False,0.532,0.572,0,752,0.7409,True
604992b7-d103-47e0-ab9e-2a26b7ae31a2,fraud_card_not_present,groceries,upi,1148.42,16,14,in_transit,False,0.737,0.783,0,205,0.3854,True
f4497ddc-8d2d-434d-809c-2128e32bfbb4,item_not_received,digital_goods,card,1766.57,12,18,delivered_no_signature,False,0.322,0.656,0,80,0.712,False
e32d3536-8d74-4117-bb7f-1e50015e570a,fraud_card_not_present,home_goods,card,653.74,7,13,delivered_no_signature,False,0.306,0.752,1,86,0.4587,True
13468bc6-f488-4b86-b7f0-6d5ee98409ec,fraud_card_not_present,beauty,netbanking,6393.45,2,11,delivered_no_signature,False,0.241,0.707,1,37,0.6535,True
6d53dde8-fc02-45cc-ba4d-5f0daf80ab30,fraud_card_not_present,digital_goods,upi,2086.56,4,1,in_transit,False,0.647,0.425,0,563,0.9085,True
67f3dfc1-b549-48ad-aafa-d7c57a2c035c,not_as_described,beauty,wallet,446.56,5,5,signed_confirmation,True,0.829,0.836,1,168,0.8808,True
7cb25642-9b67-427f-a204-c6aa34451467,item_not_received,apparel,upi,718.77,23,13,signed_confirmation,False,0.598,0.906,0,46,0.7964,True
ae54ebaa-0299-4dd7-a676-741e243c3d4f,item_not_received,beauty,upi,2408.24,1,2,delivered_no_signature,False,0.56,0.671,1,517,0.5186,False
99014f64-356e-4799-b0c2-ef7874f29a40,not_as_described,groceries,card,1717.98,15,19,signed_confirmation,False,0.426,0.648,0,961,0.8051,True
0ae40d44-8ba8-4118-89d0-59ce59dae392,fraud_card_not_present,groceries,upi,3697.45,16,21,signed_confirmation,True,0.624,0.518,2,378,0.5336,False
acf66407-d3d3-4d78-817a-f134c25473fb,item_not_received,apparel,upi,386.12,4,19,delivered_no_signature,False,0.174,0.815,0,566,0.3162,False
53e6a158-f612-4050-b38b-37847e45d58e,item_not_received,apparel,upi,533.17,18,8,not_shipped,True,0.207,0.569,0,25,0.0708,False
7120db1a-4a7a-4171-a2da-d2fd506a3ec6,fraud_card_not_present,apparel,card,173.1,17,14,delivered_no_signature,False,0.9,0.913,0,396,0.345,True
9a2a9c7a-2a1e-4ae6-9526-f7440735aef7,fraud_card_not_present,home_goods,netbanking,661.84,35,7,delivered_no_signature,False,0.452,0.833,0,72,0.8029,True
aa307494-d0f8-42d1-829f-99d3344ca731,subscription_not_cancelled,home_goods,card,331.01,3,3,signed_confirmation,False,0.411,0.726,1,69,0.1648,True
f10ebcf4-ccb6-4f2f-bf36-d9b3ca0ccc3c,subscription_not_cancelled,beauty,card,640.79,10,10,in_transit,False,0.265,0.486,1,204,0.1907,False
5eb593de-5607-4f84-8df1-c058f0fcb1d0,fraud_card_not_present,apparel,card,264.79,21,16,signed_confirmation,False,0.606,0.671,1,289,0.7557,True
dc553d59-bd1b-421f-a0b5-55d8009e92c4,not_as_described,electronics,upi,2105.63,5,18,in_transit,True,0.076,0.744,0,1025,0.4865,False
db6feded-de0d-41ad-a106-467083747c05,subscription_not_cancelled,electronics,card,722.82,2,6,delivered_no_signature,False,0.501,0.633,0,969,0.4852,False
4eaab599-fd4d-4c9a-8653-297e34bcf6cf,duplicate_charge,home_goods,card,128.48,1,4,signed_confirmation,True,0.435,0.794,1,228,0.6876,True
b19751c5-062f-4299-8c48-fbed263ec20e,not_as_described,electronics,card,2472.4,15,16,delivered_no_signature,False,0.116,0.892,0,938,0.5533,False
2741116b-b518-485f-b1a9-c055c79c9ada,not_as_described,digital_goods,upi,411.63,1,7,signed_confirmation,True,0.736,0.54,0,615,0.7097,False
d3346b2c-913f-43c4-8f07-62d98eda3019,item_not_received,electronics,upi,2668.65,1,6,signed_confirmation,False,0.659,0.543,0,57,0.8855,True
fa4b03e4-cf60-4b4c-a5ee-13718ffcf7c0,not_as_described,groceries,upi,108.62,2,1,signed_confirmation,True,0.288,0.773,0,10,0.5038,False
212eef89-2900-4dcc-a84e-17d277fc3468,duplicate_charge,digital_goods,card,200.52,14,4,signed_confirmation,True,0.612,0.834,0,99,0.8319,True
c1afe871-fd55-4648-b19b-03462009a74b,item_not_received,beauty,card,445.3,13,20,signed_confirmation,True,0.641,0.653,1,963,0.8735,True
e5bc26df-288a-4275-b488-945aeec8b461,item_not_received,beauty,card,2043.84,5,12,in_transit,True,0.405,0.821,1,652,0.6031,True
04dbcb55-6306-4014-bf16-6691618617c0,duplicate_charge,electronics,upi,1020.92,3,16,in_transit,False,0.624,0.429,0,83,0.6044,False
c30ce8d7-a083-4db6-81d9-683daa476593,fraud_card_not_present,home_goods,card,576.8,7,21,in_transit,True,0.669,0.387,1,539,0.3072,True
5360f47d-692c-47a6-b7b6-07b60def6460,item_not_received,groceries,upi,2236.27,12,8,delivered_no_signature,False,0.767,0.817,0,727,0.4726,False
318ffa46-e92e-479a-aa31-18909f79cdff,item_not_received,beauty,upi,787.26,8,5,in_transit,False,0.87,0.851,1,1546,0.1922,False
6b1699c5-c238-45c7-b385-fbf08f3cd46c,fraud_card_not_present,digital_goods,netbanking,846.66,3,1,delivered_no_signature,True,0.22,0.41,1,260,0.1584,False
691bd58b-973e-449e-b68c-0731812d7ed4,item_not_received,electronics,card,2650.31,20,1,signed_confirmation,False,0.224,0.307,1,229,0.3132,True
f980580e-6edc-4316-92d1-8ee604da144f,not_as_described,groceries,upi,871.12,6,10,in_transit,True,0.629,0.813,0,21,0.7226,True
549cc49d-a9f9-4051-a6dd-506e935fa0d5,not_as_described,electronics,card,450.76,7,16,in_transit,True,0.294,0.414,0,194,0.2249,True
b2852aaa-d9d0-4474-90b2-f572bd6b8430,item_not_received,electronics,card,1191.07,76,15,signed_confirmation,True,0.311,0.423,1,29,0.8891,True
e8909517-96c9-465c-b92b-14e72ac4346b,fraud_card_not_present,groceries,card,160.82,12,15,signed_confirmation,True,0.511,0.376,1,147,0.3809,True
3cc26a4e-7268-4548-8e9b-ee1d76f22bda,duplicate_charge,home_goods,netbanking,2215.14,2,3,signed_confirmation,False,0.679,0.372,2,495,0.5762,True
bce9295c-f410-4422-8793-bd1af7bc58f6,fraud_card_not_present,groceries,card,2530.24,1,7,not_shipped,False,0.683,0.582,0,938,0.626,True
449ccb69-ea5b-4caf-abdb-c805aeaab36f,subscription_not_cancelled,home_goods,upi,1540.57,15,14,signed_confirmation,False,0.202,0.972,0,268,0.5278,False
a9dcdbe3-7e41-47ea-aaec-db224f453c82,fraud_card_not_present,apparel,card,6314.99,2,10,delivered_no_signature,True,0.659,0.771,0,5,0.6311,True
a54225aa-2169-4eb6-a0e2-53596b9d022a,not_as_described,electronics,card,1000.34,11,20,delivered_no_signature,False,0.69,0.581,0,24,0.6574,False
c7a1de31-a4e7-4c79-8b70-82ce4124e7d4,not_as_described,digital_goods,upi,730.72,4,17,signed_confirmation,True,0.818,0.609,1,55,0.6903,True
dfd31c74-63d2-4fa5-bab8-07992889480a,item_not_received,digital_goods,wallet,3282.35,9,3,signed_confirmation,True,0.856,0.175,1,134,0.8583,True
6e485b4e-e2e4-4ec6-b870-cc7777746e89,fraud_card_not_present,digital_goods,netbanking,681.42,2,18,signed_confirmation,True,0.536,0.48,1,20,0.9359,True
4c962b76-def3-4cd5-a1f0-4e11bda0777c,subscription_not_cancelled,electronics,card,9085.28,18,10,in_transit,False,0.353,0.59,0,427,0.6362,True
228036d5-6a36-4a04-bfb4-02d667d882b0,not_as_described,beauty,upi,1883.12,4,13,signed_confirmation,False,0.441,0.833,0,287,0.4186,False
e3a3e563-572f-4734-a2c6-5f582c2b387d,fraud_card_not_present,home_goods,card,396.9,25,9,signed_confirmation,False,0.707,0.654,0,705,0.4586,False
13a1885f-4467-4d8f-9ea6-3263ab15748e,subscription_not_cancelled,apparel,upi,686.48,2,2,signed_confirmation,True,0.761,0.383,0,306,0.4489,True
56e64c2b-5352-4457-aa62-a0a19bfc903a,item_not_received,home_goods,upi,288.41,10,11,delivered_no_signature,False,0.529,0.482,0,29,0.7023,False
eecea32b-bcdd-455d-868e-d51c0b137651,fraud_card_not_present,groceries,upi,1811.3,2,18,in_transit,False,0.507,0.31,1,1368,0.2797,False
50c2a744-45d7-4101-8a46-e3d1a6e335d2,not_as_described,home_goods,netbanking,2913.56,18,2,not_shipped,False,0.636,0.762,2,347,0.3205,True
e68174da-a0e8-4c2e-a7cf-7f3f7254eaa6,item_not_received,digital_goods,card,783.8,2,5,in_transit,False,0.422,0.659,0,42,0.4816,False
55612817-5e58-4713-8518-56ddc04ef9da,item_not_received,home_goods,card,943.62,3,17,in_transit,True,0.572,0.526,0,736,0.621,False
25b061f9-0109-4606-a5a8-0ebac2c4403a,item_not_received,groceries,netbanking,1392.82,2,21,signed_confirmation,False,0.604,0.551,0,283,0.9461,True
6885cc8e-0097-4460-8848-f50a7d0afc9b,subscription_not_cancelled,home_goods,wallet,889.54,6,5,signed_confirmation,False,0.393,0.794,0,169,0.8171,True
39253baf-e649-4392-8c55-220acb1944cf,subscription_not_cancelled,digital_goods,upi,1857.21,6,14,delivered_no_signature,False,0.395,0.7,0,175,0.6801,False
8e655ddb-f570-4073-91a1-1df620297082,fraud_card_not_present,home_goods,wallet,488.67,7,2,delivered_no_signature,False,0.761,0.403,0,145,0.4982,False
2886c7a9-202a-4120-a1fa-50c413cba269,not_as_described,apparel,wallet,637.86,4,9,delivered_no_signature,False,0.337,0.586,1,73,0.6263,True
bf81894f-8e35-49aa-bcef-96f8d0d36734,item_not_received,apparel,upi,5332.46,5,16,not_shipped,False,0.748,0.35,1,20,0.0242,False
7b176d29-e33f-4c4d-9e77-b8c9b49336b5,duplicate_charge,home_goods,netbanking,642.7,16,1,delivered_no_signature,True,0.349,0.791,1,24,0.9276,True
d06d806c-cae5-4b78-b749-4030f02a9c5c,fraud_card_not_present,electronics,upi,3246.16,2,8,signed_confirmation,False,0.336,0.502,1,476,0.3029,True
d7ee21a0-a068-4e39-b99d-0d58bbb9a373,fraud_card_not_present,groceries,upi,637.3,10,17,in_transit,False,0.177,0.632,0,864,0.7496,False
5a95c613-6c0e-4b0f-9644-11ee3ad4c2f8,subscription_not_cancelled,apparel,card,535.86,11,13,signed_confirmation,False,0.247,0.897,0,243,0.3801,False
afa07893-1c6d-4cd8-98db-7187b8c61264,item_not_received,electronics,netbanking,494.55,77,12,signed_confirmation,False,0.707,0.355,2,222,0.9199,True
a5e11e3d-f959-41f4-91df-4958a7627b1b,fraud_card_not_present,groceries,upi,3375.91,1,2,signed_confirmation,True,0.467,0.76,1,353,0.6122,False
263e5d25-d846-4c64-be5c-b0ab1c5f3581,item_not_received,beauty,wallet,717.86,2,15,signed_confirmation,True,0.378,0.395,1,118,0.6962,True
7cd38b52-8912-4b31-acfe-306a8af1ae9a,subscription_not_cancelled,home_goods,card,211.6,28,16,in_transit,True,0.259,0.496,0,328,0.3879,True
bd2bcb67-e805-4400-be77-a074d53c5363,duplicate_charge,beauty,netbanking,172.04,3,10,not_shipped,False,0.873,0.408,0,864,0.7252,False
5943b539-e0fa-4412-87d6-d2807191714e,duplicate_charge,electronics,card,1366.92,14,18,delivered_no_signature,False,0.519,0.457,0,515,0.3268,False
1fbc1dcf-f943-48ef-9846-094ab9525e6d,duplicate_charge,beauty,wallet,509.45,4,5,signed_confirmation,True,0.156,0.697,2,33,0.7937,True
a529d1ad-ae46-43b7-b0e7-e311015599cc,item_not_received,apparel,netbanking,686.03,2,10,not_shipped,False,0.572,0.365,0,17,0.0851,False
bb830a19-2439-473d-93f4-59e50f3a9229,not_as_described,beauty,card,1670.33,16,6,signed_confirmation,False,0.751,0.531,0,76,0.2157,False
0fab7464-1b56-47fa-a25d-7fe1f323c318,fraud_card_not_present,home_goods,card,2894.35,2,8,signed_confirmation,False,0.434,0.698,3,117,0.7153,False
b5f2991c-aa3b-4ef8-b0de-752cc3dc443e,item_not_received,beauty,card,1142.52,22,5,not_shipped,True,0.553,0.705,3,215,0.0489,False
1c0fc761-ae63-40d8-a1ea-f28ce3c5a052,item_not_received,home_goods,upi,1773.99,3,16,signed_confirmation,False,0.362,0.614,0,82,0.9062,True
f7f946da-9c59-44ad-b663-506b42c0feeb,item_not_received,electronics,upi,1255.86,2,11,delivered_no_signature,False,0.305,0.904,1,177,0.5532,False
e03ea951-b3d2-4869-b238-25e2fa0544bc,item_not_received,electronics,card,344.82,9,11,signed_confirmation,True,0.273,0.736,0,166,0.6918,True
a761ec6b-91f8-422f-825b-dbf3309d2e2f,not_as_described,home_goods,upi,830.65,10,9,signed_confirmation,True,0.392,0.546,0,18,0.505,True
5f9b344c-4136-42ef-a82f-9d8a683291e4,not_as_described,groceries,card,327.59,11,9,signed_confirmation,False,0.281,0.284,1,122,0.3117,False
2783c20c-7cbe-4a92-bba8-2683ab3c53be,duplicate_charge,apparel,upi,1038.4,1,18,signed_confirmation,True,0.717,0.491,0,107,0.7057,True
66fdb9e5-fb01-4366-b654-4519d8bdd4a0,item_not_received,beauty,upi,709.8,1,4,signed_confirmation,True,0.463,0.63,0,72,0.6502,True
b0bc3813-2a20-4ba7-ae23-3aa2435eb9bc,not_as_described,electronics,upi,345.02,4,1,signed_confirmation,True,0.546,0.913,0,438,0.546,True
734d52ae-aa8d-4606-ab0e-7b25f77b62ed,item_not_received,apparel,wallet,1168.99,1,1,in_transit,False,0.278,0.296,0,108,0.1584,False
91c27502-e6c1-45bd-9465-2a2997d389d5,fraud_card_not_present,groceries,wallet,692.88,1,1,in_transit,False,0.761,0.99,0,436,0.7903,False
06d6a64c-f148-49e2-bd27-4353bf65db3e,item_not_received,apparel,netbanking,2039.95,7,11,delivered_no_signature,False,0.943,0.427,0,512,0.4889,True
96412358-c4fe-4251-add9-337b54e00663,not_as_described,digital_goods,upi,707.49,15,14,delivered_no_signature,False,0.949,0.49,1,394,0.2983,False
e4d1b396-484c-403e-b83c-b5e299d78ea2,fraud_card_not_present,digital_goods,card,2112.54,2,20,in_transit,True,0.698,0.579,0,560,0.88,True
1c62cdba-4e4c-4623-941f-91ad8f374032,item_not_received,electronics,card,1070.16,1,18,signed_confirmation,False,0.301,0.415,1,168,0.7869,True
ebb2dc7c-4c27-4144-ab9a-2e2b429f2591,not_as_described,groceries,upi,1852.57,7,8,signed_confirmation,True,0.375,0.525,1,63,0.2694,False
2cfead81-6d16-41ea-aa7a-7a180af3849c,duplicate_charge,digital_goods,upi,720.52,11,17,signed_confirmation,True,0.086,0.406,0,254,0.8905,True
62d1b98e-8f19-40e8-9d1a-553533b0953e,fraud_card_not_present,groceries,card,163.19,17,20,delivered_no_signature,True,0.596,0.754,2,327,0.635,True
f22c401f-2c86-4ddf-9618-86db821c2b22,subscription_not_cancelled,groceries,upi,858.29,8,18,signed_confirmation,False,0.443,0.451,0,95,0.5788,False
cf43c8a5-ec90-4597-8f45-bdb49ec83a9c,subscription_not_cancelled,groceries,upi,425.13,11,4,not_shipped,True,0.728,0.426,0,203,0.8854,True
ddc402f5-0daf-489a-a2f1-136f632d27a5,item_not_received,home_goods,upi,619.07,10,3,in_transit,True,0.393,0.319,2,559,0.3324,False
5af4c87c-38a5-4a82-af9b-a828756cb694,fraud_card_not_present,groceries,netbanking,834.66,3,21,not_shipped,True,0.701,0.339,0,191,0.3821,False
6d6911ea-96cd-4a13-b4f4-91b0314937d3,not_as_described,groceries,upi,229.15,16,3,signed_confirmation,False,0.971,0.856,0,650,0.7065,True
4d894bbd-b663-453f-8e6e-9d4f5c229b6b,subscription_not_cancelled,home_goods,card,1620.73,7,5,signed_confirmation,False,0.44,0.602,0,101,0.487,False
95ce73f9-10d7-4637-a925-3e9722c8c271,item_not_received,digital_goods,netbanking,548.18,2,5,signed_confirmation,True,0.873,0.748,0,141,0.9526,True
33911b98-a8e3-46c1-b9d7-179db550c14b,not_as_described,home_goods,card,572.0,37,17,signed_confirmation,False,0.332,0.374,0,341,0.3662,False
6555aa7e-e24d-4700-962d-9881382bad24,item_not_received,digital_goods,card,751.45,15,4,delivered_no_signature,False,0.079,0.727,0,1041,0.7781,True
ccd04b2e-ec82-438b-99b9-106fa9afaffb,fraud_card_not_present,home_goods,card,272.82,10,9,delivered_no_signature,False,0.363,0.407,1,17,0.4946,True
5c48baf5-c1e6-4336-8a57-9e81ec91f97d,fraud_card_not_present,electronics,card,866.28,1,3,in_transit,False,0.6,0.186,1,5,0.6394,False
210554fa-a59b-463c-a176-e740f449cb5b,item_not_received,groceries,wallet,1683.78,9,20,not_shipped,False,0.102,0.726,0,196,0.0531,False
1492245e-b3b0-42dd-b5df-080858374230,item_not_received,electronics,wallet,1344.69,5,15,signed_confirmation,False,0.763,0.644,1,150,0.9611,True
b609d092-258f-41d4-8f8f-4242b7911c96,item_not_received,beauty,upi,433.64,33,13,signed_confirmation,False,0.331,0.209,0,177,0.5625,True
ea4e151f-3365-48b7-93b1-8cb0854384b6,item_not_received,groceries,upi,731.58,6,10,in_transit,False,0.402,0.515,0,213,0.3216,False
13c5b55e-d5f0-4fcc-b8b6-c1606e0f4414,fraud_card_not_present,beauty,upi,555.97,13,2,signed_confirmation,True,0.362,0.755,0,41,0.6258,False
e6a98790-8a14-452b-9abf-85c588269b5a,not_as_described,digital_goods,upi,718.62,30,16,not_shipped,False,0.498,0.597,1,938,0.523,True
6b4d9107-c802-474d-a7e7-f5bb1066c3fa,subscription_not_cancelled,beauty,card,520.45,5,14,signed_confirmation,False,0.765,0.545,1,416,0.1606,False
3e520bf0-6404-44eb-b93d-0334605cbc9c,fraud_card_not_present,apparel,card,2702.52,13,2,not_shipped,False,0.625,0.264,0,223,0.6659,True
da140423-f2d1-48f5-86f0-39a85d41ac2e,item_not_received,digital_goods,netbanking,2317.61,6,15,delivered_no_signature,False,0.726,0.526,1,1290,0.5695,True
1c44c729-5bd4-4cd2-b9d6-b5b61ad9b787,not_as_described,groceries,card,562.6,6,5,not_shipped,True,0.509,0.539,0,30,0.5546,True
150ae4d1-a31f-4e59-9341-7bb09186bfc6,item_not_received,digital_goods,card,1779.03,15,15,signed_confirmation,False,0.834,0.365,0,365,0.8223,False
9e691b74-d8e5-4836-a903-16407e056724,item_not_received,electronics,card,500.07,32,1,signed_confirmation,False,0.768,0.207,0,265,0.8699,True
ac1d0880-a0de-489a-8b08-8f434df1eb20,not_as_described,apparel,upi,1002.91,10,21,signed_confirmation,False,0.614,0.83,0,127,0.8058,False
e308a6b8-5c3b-4a24-bb21-dc9e033e7787,fraud_card_not_present,digital_goods,wallet,1708.07,7,3,delivered_no_signature,True,0.264,0.65,0,199,0.0736,False
039e9504-be0c-4d9c-a904-d6dd952bcbb8,duplicate_charge,groceries,card,734.08,20,6,not_shipped,False,0.407,0.259,0,223,0.1321,False
e089494a-757f-4253-bd16-5f03881ae626,item_not_received,home_goods,netbanking,893.66,6,4,in_transit,False,0.491,0.681,1,311,0.1915,True
551df915-91b0-496c-a69a-226707b1ac2f,not_as_described,apparel,card,446.51,7,14,signed_confirmation,True,0.482,0.42,0,531,0.7443,True
1eac2218-e992-4d27-ba62-a51b6adeafe2,fraud_card_not_present,electronics,card,407.97,8,5,signed_confirmation,False,0.37,0.441,0,550,0.608,True
ad0aa65f-5d2a-43f1-ab9b-1d82ba415453,subscription_not_cancelled,groceries,wallet,338.34,7,15,signed_confirmation,False,0.416,0.473,1,129,0.3943,True
e22c890a-efc6-41a2-985f-599d06aeb6fa,not_as_described,apparel,card,991.16,42,14,signed_confirmation,True,0.346,0.525,0,325,0.8308,True
cd361198-958f-4384-a539-48f7ea75be0e,item_not_received,digital_goods,card,1673.82,10,9,not_shipped,True,0.1,0.67,1,133,0.1863,False
fba2a0e8-2dbd-4441-a81d-e3429b243118,fraud_card_not_present,electronics,card,902.33,1,3,signed_confirmation,False,0.877,0.794,1,6,0.6755,True
23c762bc-bad5-4aed-82c4-34aabb31e561,item_not_received,apparel,card,234.24,31,1,delivered_no_signature,False,0.133,0.702,2,485,0.3017,True
08516dfc-883e-4110-aff3-b859ded67d53,subscription_not_cancelled,electronics,upi,726.3,4,5,delivered_no_signature,True,0.715,0.769,1,123,0.7759,False
f2c1e82a-490e-4eaf-bb3a-3734fbc235b9,item_not_received,apparel,card,795.99,3,19,signed_confirmation,False,0.56,0.542,0,971,0.763,True
33844e14-4497-4ebe-8dab-dcc87571aa64,not_as_described,beauty,card,733.3,5,16,delivered_no_signature,True,0.278,0.776,2,396,0.9067,True
331415e7-5ce0-4a4d-8f2d-8798b7b1184c,not_as_described,digital_goods,wallet,637.45,30,14,signed_confirmation,False,0.66,0.599,0,104,0.4957,False
bdff7dcb-b973-49a2-8202-8043ed3020e9,duplicate_charge,home_goods,card,842.14,9,19,in_transit,True,0.595,0.614,0,417,0.99,True
61bf4f10-75c5-4b89-bfd9-1e30614b0af8,item_not_received,apparel,card,1100.15,17,3,delivered_no_signature,False,0.176,0.679,0,703,0.7624,True
5b92dbc4-4c70-4569-9886-5c0825cbd1f5,not_as_described,apparel,card,904.53,7,21,delivered_no_signature,False,0.816,0.42,2,665,0.2833,False
d5c1e24e-c88b-4cd7-a211-04bd211b4ae5,item_not_received,home_goods,upi,2797.5,6,19,in_transit,True,0.412,0.471,0,17,0.1628,False
9d54dea0-d5e1-4662-9310-16c86d4241fa,fraud_card_not_present,home_goods,upi,360.72,3,7,signed_confirmation,False,0.502,0.433,0,5,0.4862,False
3cfc8963-56db-4d84-ba04-547bf4b9f6a9,duplicate_charge,apparel,card,498.79,10,21,signed_confirmation,True,0.518,0.804,1,336,0.8174,True
581d5b84-7222-433f-9d83-3edf0be72a92,not_as_described,groceries,netbanking,1569.65,5,7,signed_confirmation,True,0.374,0.463,1,587,0.4361,True
63a27bb0-5de0-4cd0-8087-403b387de8ba,not_as_described,electronics,card,695.08,8,5,delivered_no_signature,True,0.486,0.489,0,154,0.4795,False
4f45dbca-11eb-4aca-9d10-a3cada5370fe,fraud_card_not_present,home_goods,upi,241.47,1,12,signed_confirmation,True,0.534,0.322,0,651,0.7419,True
fa581a80-b526-42c0-b577-8650c44712e2,fraud_card_not_present,digital_goods,card,626.17,18,3,signed_confirmation,True,0.221,0.787,0,412,0.3876,True
8a8c68f7-a573-45c8-a5a7-974546c3c2db,fraud_card_not_present,beauty,netbanking,1248.26,22,12,signed_confirmation,True,0.228,0.248,0,516,0.5853,True
5671b59a-0037-449c-97d7-1e1beca05d41,subscription_not_cancelled,electronics,netbanking,2448.73,19,17,signed_confirmation,True,0.771,0.75,0,22,0.8117,True
d7748faa-c3df-440f-880b-1e226a69fca3,fraud_card_not_present,beauty,netbanking,370.29,2,4,signed_confirmation,False,0.155,0.543,0,302,0.1763,False
266d7c7d-a40f-44a8-8222-ab3e13b74e47,subscription_not_cancelled,home_goods,upi,375.19,67,21,signed_confirmation,False,0.431,0.574,0,180,0.3504,False
1491ecb7-e383-472b-b8de-1a18a9bc31d7,duplicate_charge,apparel,upi,1422.57,7,3,delivered_no_signature,False,0.572,0.669,1,5,0.5455,True
f8ff1c88-29bf-4642-9f13-8beb74dc55fb,duplicate_charge,beauty,wallet,183.5,11,19,delivered_no_signature,True,0.424,0.598,1,102,0.8567,False
cb3f7f4e-bb1e-418f-b529-fe8f396501d8,item_not_received,apparel,card,2203.26,3,13,delivered_no_signature,True,0.336,0.836,0,1253,0.7554,True
e2b54111-bcb8-4c89-9b2c-9a1586c5abaf,duplicate_charge,electronics,card,893.83,6,17,signed_confirmation,False,0.208,0.34,0,353,0.4802,True
f2adf6f7-7214-4504-a6cd-767c65d4e5ad,subscription_not_cancelled,groceries,card,424.35,9,21,delivered_no_signature,False,0.309,0.392,1,411,0.6755,False
99a5d607-3b42-49a2-a8be-7cbfc5b73b8d,item_not_received,digital_goods,upi,1150.13,3,21,delivered_no_signature,False,0.474,0.4,0,196,0.5384,False
ac8fb2a0-5b47-49c6-8fc4-a8d378dff238,fraud_card_not_present,apparel,wallet,418.89,2,18,signed_confirmation,True,0.451,0.742,2,282,0.4069,True
d07716ea-5509-49a6-b235-2f51ca4ec122,subscription_not_cancelled,beauty,upi,3703.27,1,6,signed_confirmation,False,0.486,0.807,1,216,0.5382,True
f1bfcdf2-c60b-4915-ba72-26c1858aa2e8,not_as_described,electronics,card,4866.08,1,8,signed_confirmation,True,0.567,0.462,5,201,0.4143,False
0c1db904-5641-423d-b1df-6cbb3c2ab3b7,not_as_described,digital_goods,card,1323.14,9,3,signed_confirmation,True,0.811,0.907,0,619,0.9149,True
9a0c6bf5-d4eb-4ee1-b64a-556e36b55df9,not_as_described,home_goods,wallet,279.34,3,8,signed_confirmation,True,0.558,0.569,0,533,0.8616,True
231ddabc-cc99-4fc8-bc06-bbef48fb3863,fraud_card_not_present,apparel,card,771.43,4,11,signed_confirmation,False,0.568,0.285,0,706,0.513,True
b2433381-86b6-4ac3-8c4d-c3733bb80726,item_not_received,home_goods,netbanking,493.93,4,14,signed_confirmation,False,0.402,0.688,1,51,0.3968,False
478dca9d-8018-42ca-b9aa-b87a24a5282d,item_not_received,digital_goods,upi,738.74,12,13,delivered_no_signature,False,0.591,0.784,0,776,0.375,False
627a8241-b8fe-48d2-8eef-97fcb6705753,fraud_card_not_present,groceries,wallet,1026.19,1,21,signed_confirmation,False,0.62,0.845,0,1259,0.2732,True
870a76aa-dd83-4d85-950c-f91747cfb536,item_not_received,groceries,upi,1450.3,6,14,signed_confirmation,False,0.598,0.305,0,565,0.61,True
61d1c22b-c621-436d-8f09-58fe823522df,item_not_received,home_goods,netbanking,552.11,12,7,signed_confirmation,False,0.511,0.459,3,906,0.8032,True
17fce5b6-66c6-4695-a6d6-15f232d3ceff,not_as_described,beauty,upi,4989.6,6,13,delivered_no_signature,False,0.426,0.609,1,192,0.216,False
1655aa53-0c1c-4669-b1dd-171323e71e8d,fraud_card_not_present,beauty,wallet,1219.56,7,13,delivered_no_signature,True,0.477,0.555,0,406,0.3496,False
134c90b3-bd09-4d11-931f-b251f278cac3,duplicate_charge,digital_goods,netbanking,739.73,7,15,in_transit,False,0.677,0.708,0,134,0.4963,False
164abf33-5ac1-4fc4-b922-9c50b7f0265c,item_not_received,apparel,card,576.13,10,18,signed_confirmation,False,0.215,0.304,2,71,0.7246,False
e58253fd-0af4-4639-9d13-60da5eae20d5,fraud_card_not_present,groceries,card,4980.6,10,1,signed_confirmation,False,0.75,0.963,1,188,0.3104,False
a28e99ae-18e0-46f1-afff-de3dd43d1431,fraud_card_not_present,home_goods,card,1600.14,3,7,signed_confirmation,False,0.292,0.224,0,61,0.2244,False
8f546d8c-00b6-4390-b8aa-202ad7a411e8,fraud_card_not_present,beauty,card,1532.21,31,15,signed_confirmation,False,0.765,0.653,2,503,0.1663,False
8eb2dcc9-1cf8-42b1-96aa-949529e08ac0,fraud_card_not_present,apparel,card,216.36,14,9,delivered_no_signature,False,0.881,0.784,0,137,0.7561,True
d7caf3c4-44cf-4073-abc4-e5ef31731290,fraud_card_not_present,beauty,upi,913.65,32,17,delivered_no_signature,False,0.626,0.493,0,229,0.8504,False
2cc3d443-aa9b-4570-b695-6cc5ae3e381c,not_as_described,beauty,netbanking,4515.93,4,18,signed_confirmation,True,0.18,0.798,0,176,0.7823,True
58ccf158-b12b-4d3f-80eb-6dfdec6571a6,item_not_received,groceries,card,1458.16,18,2,delivered_no_signature,True,0.388,0.88,1,410,0.7862,True
d8b910d7-34ac-451c-8d46-afbe9956e60f,duplicate_charge,digital_goods,upi,646.88,12,19,in_transit,False,0.698,0.693,1,535,0.584,True
73203d1f-1421-4f54-b630-524a95dbc9d3,item_not_received,apparel,netbanking,4939.52,24,21,signed_confirmation,False,0.411,0.372,1,858,0.6049,True
b046edc1-cade-474f-895b-8ade4b09dd06,not_as_described,digital_goods,wallet,1358.0,6,2,delivered_no_signature,False,0.6,0.839,0,198,0.5982,False
c8ab6f20-b7b7-4615-9b46-fd300e5a0a6c,fraud_card_not_present,groceries,upi,2428.33,7,12,signed_confirmation,False,0.309,0.871,0,636,0.3653,False
662f9400-6574-43df-b56b-bd53fce97544,not_as_described,apparel,upi,426.8,13,17,delivered_no_signature,False,0.849,0.386,0,998,0.2433,False
e45ad68b-cb6a-47f4-acbd-bfe9fcd96f6a,not_as_described,home_goods,card,768.44,4,8,not_shipped,False,0.951,0.499,1,645,0.2587,False
c535c1c3-1635-4a69-a955-b5ebbc8ce4cb,subscription_not_cancelled,digital_goods,upi,1116.73,6,13,not_shipped,False,0.895,0.49,0,608,0.4214,True
f9e4ebe1-eece-4909-a5c6-f721796a6455,item_not_received,groceries,upi,1734.57,5,6,signed_confirmation,False,0.445,0.754,0,834,0.7958,True
2d12bb71-40fe-44c2-8a81-43c8b3b40bf4,fraud_card_not_present,digital_goods,upi,387.5,3,12,signed_confirmation,True,0.608,0.768,0,329,0.7337,False
a513f1c0-f614-4e41-9097-678c05c5caed,duplicate_charge,groceries,card,2458.88,13,1,signed_confirmation,False,0.327,0.629,1,74,0.6972,True
6620c9b7-a127-41dc-b35f-7964a431d0e2,duplicate_charge,electronics,upi,5061.76,16,18,signed_confirmation,True,0.518,0.188,0,9,0.7756,True
4a3bfec6-7949-4902-9985-511d12701bda,fraud_card_not_present,digital_goods,upi,1947.02,3,4,signed_confirmation,True,0.426,0.717,1,1145,0.4728,True
5f4277a5-3bef-4622-851d-5fa9250b4914,fraud_card_not_present,home_goods,netbanking,3214.5,18,10,in_transit,True,0.29,0.696,0,133,0.5795,True
8bb01f55-faba-4000-b9bd-930b95aefb24,subscription_not_cancelled,groceries,upi,300.46,2,5,signed_confirmation,True,0.294,0.545,1,1419,0.6974,True
85f609c9-4aed-4c82-b056-ae8153380c93,subscription_not_cancelled,apparel,wallet,579.51,2,7,delivered_no_signature,True,0.392,0.102,0,204,0.7322,False
9c3d4a63-e9d4-4941-93f8-6cad107bee5c,fraud_card_not_present,electronics,upi,769.54,1,16,delivered_no_signature,True,0.273,0.819,0,586,0.0435,False
5a32b8f7-0136-44dd-b969-2903d6e90db5,fraud_card_not_present,apparel,wallet,408.03,13,19,delivered_no_signature,False,0.528,0.773,0,1278,0.6278,True
05c3541b-700b-4b95-a32c-b2aea080bba0,duplicate_charge,digital_goods,card,788.18,4,10,in_transit,False,0.488,0.72,0,251,0.5839,False
8315f75a-6154-4e7f-b6b3-2ac7ce41c705,fraud_card_not_present,apparel,card,566.57,11,2,delivered_no_signature,True,0.789,0.558,1,527,0.7687,True
5e3222af-7ad1-41cd-9bbe-81bc4cbc240c,item_not_received,apparel,upi,1117.25,2,17,signed_confirmation,False,0.945,0.529,3,379,0.9371,True
dec8c823-a5ca-4477-b0ce-2c76a0a52b8c,not_as_described,beauty,wallet,327.2,13,14,not_shipped,True,0.955,0.585,0,59,0.5994,False
c538546e-1d36-40b8-9cf7-2daace8f4548,fraud_card_not_present,groceries,netbanking,1136.92,13,8,signed_confirmation,False,0.142,0.842,0,1157,0.3906,True
ae1ae587-df00-4b62-a20c-bb71bb91a501,fraud_card_not_present,beauty,card,150.9,6,18,signed_confirmation,True,0.833,0.897,0,22,0.6098,True
6b240f1a-0aef-434e-bb5a-ff3aceb6b7d3,item_not_received,home_goods,upi,194.5,10,5,delivered_no_signature,False,0.533,0.301,0,1355,0.5791,False
94b9be2a-15bb-4cb2-8e78-e4aaa48a6bea,subscription_not_cancelled,beauty,netbanking,3674.87,10,21,not_shipped,True,0.692,0.603,1,67,0.4081,True
a42f71ec-6e44-4e71-b4d6-bbd70ccb05a7,not_as_described,beauty,upi,312.63,3,19,delivered_no_signature,True,0.403,0.92,2,2606,0.3951,True
2b3d45e2-ad20-4dab-8763-faa0fe9c8589,item_not_received,groceries,card,2586.88,14,17,signed_confirmation,True,0.485,0.992,1,163,0.8569,True
b787dea8-2fb0-4112-808a-4332b60878f9,not_as_described,electronics,card,1224.43,4,4,signed_confirmation,True,0.647,0.43,0,938,0.5828,False
98ecc1c0-486c-4293-9718-ae92bf7af59d,subscription_not_cancelled,digital_goods,upi,2305.05,1,16,delivered_no_signature,True,0.877,0.493,0,832,0.8511,True
3e535b7b-b60c-4cf9-90ef-d34d85271710,not_as_described,beauty,upi,1371.53,2,13,signed_confirmation,False,0.505,0.592,1,100,0.3815,False
b53a13fd-2aa8-4a67-8024-6c20e99fec15,item_not_received,digital_goods,netbanking,1287.1,10,15,delivered_no_signature,False,0.59,0.47,1,268,0.6549,True
c80d27f8-a2a3-4e65-8c6c-d8ec086d5f23,fraud_card_not_present,groceries,wallet,813.99,5,12,in_transit,False,0.309,0.827,0,54,0.2119,False
53bc775c-80b5-4743-b6f3-0899901827f4,not_as_described,home_goods,upi,870.25,27,16,signed_confirmation,False,0.339,0.278,0,139,0.462,True
cc8b86c8-13a7-43b5-b1d2-b03d3fd5f42f,duplicate_charge,home_goods,upi,1691.76,6,15,delivered_no_signature,False,0.61,0.161,0,1199,0.6888,True
b3645663-17cb-4899-b46e-a7dc4d2c1a44,item_not_received,apparel,card,343.05,12,6,signed_confirmation,False,0.191,0.275,1,83,0.8091,True
bc088b6a-48dc-4a47-9c96-484137c87b39,subscription_not_cancelled,beauty,upi,530.49,12,9,signed_confirmation,True,0.773,0.784,0,147,0.8914,True
1e3fb0a1-61f6-45fe-abcf-c454bd7bb6e4,subscription_not_cancelled,beauty,upi,843.15,3,8,in_transit,True,0.472,0.502,1,679,0.7449,True
39a75f18-17c3-4e43-9db9-fbb2358a7232,duplicate_charge,electronics,card,605.58,13,12,delivered_no_signature,True,0.122,0.287,3,158,0.5383,False
ada45e91-6b6d-449b-86dc-ec38a1a0ca05,duplicate_charge,groceries,card,1377.35,4,3,delivered_no_signature,False,0.322,0.412,1,543,0.496,False
8ee047e8-aa1f-4566-bdb6-ba9d49c5a848,not_as_described,home_goods,card,700.32,13,3,signed_confirmation,False,0.644,0.594,2,996,0.401,True
23869d6d-f461-4959-ac9f-52c9ae71623d,subscription_not_cancelled,home_goods,card,1134.0,5,6,signed_confirmation,True,0.801,0.122,2,111,0.5047,True
5e133444-b72b-4d7a-bec2-76c016ea0495,item_not_received,groceries,card,2890.36,7,3,not_shipped,False,0.877,0.602,1,297,0.1197,True
c6167783-324c-4129-9260-ef082d2660cd,fraud_card_not_present,groceries,card,4993.4,10,21,signed_confirmation,False,0.594,0.818,0,50,0.4395,False
16bfbdab-a6fb-49f6-bb97-acdb9a5a36f0,fraud_card_not_present,groceries,card,1178.91,7,7,signed_confirmation,True,0.152,0.305,1,491,0.599,True
facd794a-a4b7-4bfa-9d6b-3a3744987fd8,item_not_received,home_goods,card,427.41,6,2,signed_confirmation,False,0.527,0.823,1,251,0.8773,True
65978de9-1892-4b80-8d79-5d1b3d507750,not_as_described,digital_goods,upi,596.19,21,8,delivered_no_signature,False,0.672,0.65,0,334,0.4537,True
09399615-a2d7-4611-aca2-f7dd6eda3ee7,fraud_card_not_present,beauty,card,2304.09,1,10,delivered_no_signature,False,0.634,0.76,0,208,0.4915,False
841b2978-82cd-4fe7-a8aa-3e42a8aa06b1,duplicate_charge,digital_goods,wallet,599.35,3,2,signed_confirmation,False,0.56,0.882,0,299,0.7031,True
042ee643-4147-4405-874d-aea1bf59a391,fraud_card_not_present,digital_goods,upi,274.1,12,21,signed_confirmation,False,0.661,0.375,1,303,0.6417,True
5f749c68-72ab-4ce9-bfa8-f486ea9982a0,subscription_not_cancelled,home_goods,upi,225.91,1,16,delivered_no_signature,False,0.718,0.603,0,528,0.4627,False
4626ff24-8ae2-4fb9-88f7-7b8a331249c4,not_as_described,home_goods,card,4104.24,1,7,in_transit,True,0.75,0.594,2,414,0.6447,True
a52b375d-ba99-4951-adce-f24017884583,item_not_received,home_goods,netbanking,3721.41,1,19,signed_confirmation,True,0.407,0.691,1,135,0.881,True
55edbe9f-f2ff-4cf9-b0ae-58d6881383b0,fraud_card_not_present,electronics,netbanking,891.32,2,12,not_shipped,True,0.242,0.905,2,426,0.1411,False
a65e2307-11a3-42f9-a23e-4a1676e4b87c,not_as_described,groceries,upi,20925.34,1,10,delivered_no_signature,True,0.042,0.351,0,801,0.877,True
cf92a8fb-a081-4e4f-910c-c6d504ae6011,duplicate_charge,electronics,upi,931.21,31,9,in_transit,False,0.748,0.455,0,156,0.6463,True
51314fc0-4393-4f6d-ad73-11192b54dc21,fraud_card_not_present,home_goods,upi,248.64,23,10,signed_confirmation,False,0.146,0.803,0,108,0.3457,True
45415ae2-90a1-4d7f-a861-c0b468071d4a,not_as_described,electronics,upi,1126.23,1,16,signed_confirmation,True,0.465,0.72,0,316,0.6122,True
1e92146c-0812-4bf3-97ee-249b47a28e75,item_not_received,beauty,upi,469.97,41,21,signed_confirmation,False,0.88,0.701,2,427,0.8524,True
fea934ff-87ee-4755-83f9-85193f0ecd01,duplicate_charge,beauty,card,623.85,22,16,in_transit,False,0.47,0.898,1,163,0.6096,False
d7cbaaac-63b1-418d-b65d-a5cf94fe3005,item_not_received,electronics,card,854.2,10,16,delivered_no_signature,True,0.161,0.653,0,62,0.5971,False
daecec9b-dc4c-4e8b-ba50-a538158934ba,item_not_received,home_goods,upi,760.56,3,5,delivered_no_signature,True,0.209,0.709,0,106,0.7138,False
ea97fbfd-78dd-4e93-8ba7-d22c3ee3074e,duplicate_charge,groceries,card,605.58,19,20,signed_confirmation,True,0.484,0.45,0,948,0.8336,True
720fea9f-3d29-4b87-99a2-dc2eb0a4e954,not_as_described,beauty,upi,637.77,5,5,signed_confirmation,False,0.028,0.674,0,424,0.7317,True
d8fa0cc9-2d9f-47f5-97c1-c68c48ca260c,not_as_described,beauty,card,1204.37,2,19,delivered_no_signature,True,0.08,0.946,1,262,0.3842,False
11bbd3f0-00ae-4945-a21c-75a3f800fc24,not_as_described,electronics,upi,4540.33,3,1,in_transit,True,0.707,0.28,0,461,0.7472,True
ab0f1863-349f-4cf6-8a0d-392db617bce2,item_not_received,groceries,card,210.98,13,7,signed_confirmation,False,0.347,0.836,0,27,0.4351,True
80d5cfcb-fd40-40ca-a2fa-7764264eba2f,item_not_received,home_goods,card,259.84,5,20,signed_confirmation,False,0.757,0.862,1,20,0.8405,False
38b43a72-2a1e-458f-96fd-3671dda6eee0,item_not_received,digital_goods,upi,152.47,7,9,not_shipped,True,0.344,0.524,1,18,0.1947,False
557f63f3-5299-499e-b0b5-29722fb9b70a,fraud_card_not_present,groceries,card,2402.97,18,16,delivered_no_signature,False,0.191,0.347,1,43,0.8047,True
82828382-0632-4b0c-a377-36dcf2c7059b,fraud_card_not_present,digital_goods,netbanking,595.38,12,2,signed_confirmation,False,0.426,0.564,0,258,0.6978,False
5d1cceb1-cda8-4db7-8eab-107ac9dde71c,not_as_described,apparel,upi,1731.32,22,7,delivered_no_signature,False,0.241,0.428,1,421,0.6441,True
b7152bb8-0a53-42b8-b6da-0bd9addc681c,duplicate_charge,beauty,card,2176.24,6,10,signed_confirmation,False,0.943,0.593,0,389,0.838,False
9e63c88c-fb59-4b22-b5f6-6091dfb06023,item_not_received,electronics,upi,287.26,6,15,delivered_no_signature,True,0.868,0.748,0,15,0.3919,False
89c6afa8-1bf0-4a86-8f13-1a7b9d0d3b3c,item_not_received,electronics,card,1407.47,12,13,delivered_no_signature,False,0.83,0.633,0,1148,0.8649,True
2ecfc74f-9969-4dee-a3f4-16b444f08a9a,not_as_described,apparel,card,854.58,4,15,not_shipped,False,0.657,0.336,0,401,0.7586,False
c7069f39-f186-42aa-99a1-a055b86de1c0,subscription_not_cancelled,home_goods,wallet,1235.66,29,10,signed_confirmation,False,0.613,0.575,2,572,0.6422,False
198242d2-a903-4429-92c0-107fa11846b2,duplicate_charge,groceries,netbanking,282.86,24,10,in_transit,False,0.07,0.496,0,460,0.4308,False
e6c55c24-e051-4236-a06b-6bcf3fc0148e,fraud_card_not_present,groceries,upi,798.61,11,17,delivered_no_signature,False,0.618,0.631,0,19,0.667,True
626c9759-c4eb-4fd8-95f0-b678e8e9d984,item_not_received,beauty,wallet,516.48,7,18,signed_confirmation,True,0.574,0.701,1,750,0.9479,True
ff386630-d972-477d-8722-9fff388fd8ff,item_not_received,groceries,card,3232.26,19,3,delivered_no_signature,False,0.827,0.748,1,1213,0.6799,True
c5690d63-a431-40ce-893c-41238023a6e2,not_as_described,beauty,upi,1085.27,9,4,not_shipped,False,0.495,0.464,0,828,0.64,True
c6fd428b-8295-4747-9979-a211b14f7444,item_not_received,electronics,wallet,2224.27,1,15,signed_confirmation,True,0.715,0.376,0,378,0.6365,True
14c43999-fa20-4daa-9b68-dff24eaeffef,duplicate_charge,home_goods,card,500.63,16,15,in_transit,False,0.668,0.697,4,761,0.6916,True
c7f4fc91-99f8-4fed-a7c7-0d2eaaadc86e,not_as_described,apparel,netbanking,403.44,15,12,not_shipped,True,0.838,0.496,1,98,0.5695,True
60a6b1eb-b955-4c49-ace0-7acfb2613cc4,not_as_described,groceries,upi,780.55,32,1,delivered_no_signature,False,0.34,0.442,0,1092,0.2593,True
56dc23cb-b2d2-43c2-8648-98c62d4bce0f,not_as_described,digital_goods,card,326.85,2,12,signed_confirmation,True,0.89,0.968,1,379,0.912,True
529309b2-753c-4693-aa26-9b942b630ea4,fraud_card_not_present,apparel,wallet,1299.88,4,10,delivered_no_signature,True,0.525,0.8,0,1125,0.7355,True
086c0d34-d851-4f73-ae34-3d242fafb845,item_not_received,electronics,upi,3843.57,18,9,delivered_no_signature,True,0.293,0.615,3,427,0.5448,False
2d9cccac-2788-4024-a07d-0d8aac5e0f9f,fraud_card_not_present,home_goods,upi,2785.93,4,1,delivered_no_signature,True,0.834,0.571,0,966,0.548,True
dfa56740-cd11-4f36-bc2a-6cb69484e894,fraud_card_not_present,groceries,card,2449.73,16,19,signed_confirmation,True,0.23,0.712,0,608,0.3314,True
e64b0fdf-6888-4c47-aac3-03122eba8b80,not_as_described,home_goods,upi,2351.22,12,13,signed_confirmation,True,0.551,0.436,1,88,0.5036,False
d72d6b69-6858-44f2-928a-a5d8d99e8a46,item_not_received,electronics,card,3590.32,32,4,signed_confirmation,False,0.696,0.627,0,752,0.6325,False
30077bc3-7da5-4dd5-8118-b728d721db99,duplicate_charge,digital_goods,card,1264.48,11,7,signed_confirmation,False,0.436,0.28,1,22,0.7546,True
717be4c2-f911-4cc9-9ed1-fc9850ce0c35,fraud_card_not_present,home_goods,upi,702.92,16,9,delivered_no_signature,False,0.93,0.51,1,541,0.4588,False
796f7c09-c698-4eac-84a3-bceea2712e3d,item_not_received,groceries,card,957.01,8,17,delivered_no_signature,True,0.387,0.435,0,273,0.6268,True
f89530c4-6748-49b0-9a05-caa114a3e1ad,item_not_received,digital_goods,card,896.78,9,17,signed_confirmation,False,0.164,0.685,0,375,0.7947,True
68ee82c0-3e69-429f-ab39-4cb50f979b34,fraud_card_not_present,home_goods,upi,760.76,3,9,in_transit,True,0.062,0.218,0,252,0.2102,False
9b4447a5-81df-41f2-83a4-d72e6e25add7,item_not_received,apparel,card,2064.22,6,3,signed_confirmation,False,0.341,0.643,1,269,0.7844,True
8be1a052-6dc3-4a0e-beb5-94939f5e15ee,item_not_received,digital_goods,card,428.38,17,16,signed_confirmation,False,0.723,0.552,1,825,0.6616,True
2f557017-6f79-4ddb-9c1d-36e216710dc5,item_not_received,apparel,card,3076.98,5,9,signed_confirmation,False,0.685,0.497,1,438,0.8464,True
49c3b777-d1c2-4a80-9293-1fb0fa7a500b,item_not_received,electronics,card,358.05,8,2,delivered_no_signature,True,0.302,0.774,0,828,0.5168,True
2ded196f-00ca-45fa-8b73-b98deee6659a,duplicate_charge,home_goods,card,1299.16,9,11,signed_confirmation,False,0.601,0.694,1,2089,0.6856,False
e2df4e8e-66c3-4d88-9786-86c3622b776c,fraud_card_not_present,beauty,card,2312.94,11,20,signed_confirmation,False,0.384,0.723,1,184,0.6998,True
ae7828ef-0d5e-40ec-a58a-540f50d25028,not_as_described,home_goods,card,2254.79,5,17,signed_confirmation,True,0.669,0.58,2,336,0.6586,True
750b3ca4-b421-4b6f-bc53-26681051357d,item_not_received,home_goods,card,931.67,28,10,delivered_no_signature,False,0.478,0.657,1,285,0.8085,True
b4e56f9e-b21c-4801-a02e-32c292016140,item_not_received,digital_goods,upi,1300.75,3,2,not_shipped,True,0.778,0.515,1,134,0.0797,False
fff3693c-d362-47ed-ab01-8623f4fadc5e,fraud_card_not_present,apparel,card,340.62,12,7,delivered_no_signature,True,0.822,0.538,0,585,0.4303,False
633e0706-7718-4741-91e4-73cbf15f997c,fraud_card_not_present,electronics,wallet,656.22,6,10,delivered_no_signature,True,0.88,0.691,1,561,0.2792,False
0907da2a-e5cf-4d2d-a18b-9ccbc3e34c29,item_not_received,digital_goods,upi,426.51,13,21,delivered_no_signature,True,0.341,0.56,0,310,0.7779,True
7df37303-7f1a-450d-9916-3d668f9871d6,subscription_not_cancelled,beauty,card,1626.56,5,18,in_transit,False,0.663,0.687,0,465,0.4141,False
ff4afe45-aacb-4a9f-87de-9660e3d10fb6,item_not_received,home_goods,upi,1033.3,19,19,signed_confirmation,False,0.863,0.752,2,139,0.6118,False
145f9136-e3be-4d3d-9bb5-37f4746fbff0,not_as_described,groceries,card,791.29,15,9,delivered_no_signature,False,0.75,0.749,0,26,0.7083,True
b1700c8e-05c6-46c7-a4a1-c0e5046c8c0f,item_not_received,digital_goods,upi,3287.88,1,14,in_transit,True,0.138,0.738,0,648,0.5852,True
7e8611e7-461e-4b6d-b351-c330dc1cde0b,fraud_card_not_present,home_goods,card,755.26,1,11,signed_confirmation,False,0.192,0.267,1,310,0.218,False
c85b5101-55c8-42e0-a166-9fd1e42760c8,item_not_received,home_goods,card,643.64,5,21,signed_confirmation,False,0.252,0.702,2,282,0.8683,True
93c0dc49-8c24-4b6a-a308-6910706c609f,not_as_described,groceries,card,2305.38,15,14,signed_confirmation,False,0.768,0.314,2,108,0.0827,False
c1f4a834-b327-484e-91b4-43762f9c86eb,fraud_card_not_present,apparel,card,696.4,4,11,in_transit,True,0.255,0.72,1,78,0.1395,False
2237d0e7-29ee-430d-8321-fe232b461b21,not_as_described,digital_goods,upi,706.93,9,7,signed_confirmation,False,0.81,0.644,2,834,0.3511,False
d33480fa-562a-4568-9bf6-a61dc12ec888,item_not_received,apparel,upi,3131.16,2,14,delivered_no_signature,False,0.22,0.589,1,11,0.3991,True
e07c759d-8ac3-47cb-97ba-71baadcee8c8,fraud_card_not_present,home_goods,upi,1144.69,2,6,delivered_no_signature,False,0.549,0.857,0,98,0.5967,True
07b0ec93-a811-43bb-9fde-2437d170e376,duplicate_charge,groceries,upi,1215.79,15,16,in_transit,False,0.225,0.622,1,335,0.509,False
ee71c407-17fe-47cd-a2e3-f94b9a83e709,not_as_described,digital_goods,upi,3636.38,4,14,not_shipped,False,0.333,0.517,0,1085,0.5438,True
1f16ac09-b15c-4b73-9f53-c014634ba5f2,item_not_received,digital_goods,card,621.92,1,10,delivered_no_signature,False,0.547,0.353,0,469,0.485,True
972f6d37-db23-4bf4-a8e6-476eff6d318e,fraud_card_not_present,beauty,card,7184.3,3,20,delivered_no_signature,True,0.216,0.81,0,540,0.5104,True
347e6fc6-9b72-47e0-9f9f-c6ecbf1a3f57,subscription_not_cancelled,apparel,card,813.94,6,6,in_transit,True,0.8,0.325,0,778,0.6603,True
88dfc441-d8b9-4448-890e-997342321ced,item_not_received,digital_goods,upi,931.57,2,12,not_shipped,True,0.788,0.737,2,276,0.0385,False
87e47947-41d0-46e4-b579-19a2526759c1,fraud_card_not_present,groceries,card,1865.99,1,18,delivered_no_signature,True,0.431,0.69,0,1413,0.085,False
883c00b8-fd4b-45d7-88ea-f7bbd86d1590,fraud_card_not_present,digital_goods,upi,815.86,31,17,delivered_no_signature,False,0.069,0.804,1,57,0.1306,False
c06aa7fa-6894-4918-add7-6935566c0823,not_as_described,apparel,upi,1545.59,9,14,in_transit,True,0.654,0.744,0,885,0.7747,True
219dd398-176e-431d-a415-5ba7b4849f1a,duplicate_charge,electronics,upi,855.23,29,15,signed_confirmation,False,0.721,0.6,0,6,0.6507,True
14f55e14-b07c-420f-837a-9e4953969df8,fraud_card_not_present,groceries,upi,611.63,12,4,signed_confirmation,False,0.339,0.805,0,179,0.5701,False
a51e79b9-30ba-410c-a94c-41f45b355b6b,fraud_card_not_present,electronics,card,533.92,3,4,in_transit,False,0.28,0.264,0,104,0.4512,False
5979c5da-59f0-4de3-9c21-100ad5bc7575,fraud_card_not_present,groceries,netbanking,1647.7,3,5,delivered_no_signature,False,0.781,0.218,0,122,0.7028,True
32db1546-8521-444d-b8f1-822595acf3a5,fraud_card_not_present,home_goods,card,2428.0,2,17,in_transit,False,0.624,0.529,1,124,0.6242,False
4ec510de-bed7-4368-99aa-ab4a11eb5abe,duplicate_charge,home_goods,netbanking,1982.41,18,18,delivered_no_signature,False,0.18,0.857,0,439,0.5086,False
33052e11-b12d-4a7b-ad4c-b2c38c40a1b3,not_as_described,groceries,upi,2344.51,5,19,in_transit,True,0.221,0.837,0,93,0.73,True
b8262eb4-a972-4e2c-8917-f7a63a136494,fraud_card_not_present,digital_goods,card,4751.5,1,9,signed_confirmation,False,0.305,0.576,0,1058,0.6653,True
f300d9fd-cf15-423d-86b7-67b08f7ac1d4,item_not_received,beauty,upi,1394.58,25,1,signed_confirmation,True,0.337,0.7,0,971,0.7804,True
c4dba855-8b3b-4f88-9236-5a42826c78e3,item_not_received,electronics,upi,837.03,30,13,delivered_no_signature,False,0.751,0.684,1,90,0.3437,False
4d438571-67b9-45f2-8437-8dd84d2574df,item_not_received,home_goods,card,870.24,2,10,delivered_no_signature,False,0.176,0.317,0,141,0.7331,True
493ad390-d1d4-4798-99c7-4e9c5e460e37,fraud_card_not_present,apparel,card,908.35,18,21,in_transit,False,0.03,0.4,0,25,0.3219,True
2000e1fa-8488-4d96-94f7-920e1c9121db,not_as_described,groceries,card,473.19,7,18,signed_confirmation,True,0.314,0.248,0,7,0.571,True
f1922e73-e92e-4498-828b-08ab3ace6404,item_not_received,beauty,upi,594.34,8,10,signed_confirmation,False,0.258,0.544,1,1098,0.8903,True
e1f91e79-ee86-4503-a8d9-00914c081c7c,fraud_card_not_present,groceries,card,853.5,4,10,delivered_no_signature,True,0.23,0.248,1,149,0.6366,False
f8dfcb5a-0e74-4114-a348-a18709382930,item_not_received,apparel,upi,775.24,48,5,signed_confirmation,True,0.839,0.451,0,223,0.9051,True
646597df-e44a-4ebd-be58-68c2315acb69,item_not_received,digital_goods,card,239.7,13,9,delivered_no_signature,False,0.8,0.663,0,326,0.6049,True
d4abfb6a-8a43-4113-b146-4314fccf903d,not_as_described,digital_goods,card,658.18,8,9,delivered_no_signature,False,0.516,0.559,0,487,0.6101,True
dbc33248-0a52-43a0-9cdf-61f2a4061321,subscription_not_cancelled,beauty,upi,2566.1,10,18,not_shipped,False,0.72,0.548,0,48,0.4048,False
d8b39e42-d382-4f52-ba1f-a1d921bfcc19,not_as_described,digital_goods,card,297.95,8,15,in_transit,False,0.104,0.481,3,652,0.6524,False
d49df03e-b6ee-4f3e-a5de-c88956ebb1d2,not_as_described,apparel,card,455.86,4,3,delivered_no_signature,False,0.691,0.54,0,107,0.5364,True
3a24ef21-321a-4895-9aee-615bbcee5e76,subscription_not_cancelled,home_goods,card,1598.58,5,2,signed_confirmation,False,0.567,0.517,0,158,0.5087,False
45479988-cb54-46a2-a65e-8a030feb4475,fraud_card_not_present,home_goods,netbanking,1687.76,10,21,signed_confirmation,False,0.734,0.766,2,229,0.6094,True
2702fa3e-8e6f-4b88-b4c2-3b1c203a2c38,item_not_received,groceries,upi,320.63,29,9,delivered_no_signature,True,0.45,0.821,0,6,0.5548,True
0adef9e0-bf61-4cf1-9131-8ca099a4521d,not_as_described,home_goods,card,2911.12,41,9,delivered_no_signature,True,0.88,0.809,3,422,0.4111,True
381394a2-5c54-4051-af65-7037cdf6140a,item_not_received,home_goods,card,685.33,1,7,signed_confirmation,True,0.631,0.836,1,471,0.7965,True
2eb9a213-43ef-4924-bf4c-6e1ec9334e51,not_as_described,electronics,upi,796.21,1,4,signed_confirmation,True,0.63,0.703,0,410,0.4459,False
6d0c8ac4-9425-41f7-b378-93001d75490f,duplicate_charge,beauty,card,883.23,18,21,in_transit,False,0.649,0.697,0,61,0.5995,True
2061c0d9-0636-41a1-ab4a-4145c4e07c4f,fraud_card_not_present,groceries,card,171.97,7,7,signed_confirmation,False,0.537,0.887,2,58,0.2969,False
b16fee89-8e4a-456e-8511-027077d387a8,duplicate_charge,apparel,card,177.72,14,10,signed_confirmation,False,0.266,0.523,1,413,0.8295,True
e4f9c59d-08cf-4f46-9696-e061a2bfae3d,not_as_described,groceries,card,1562.12,1,12,delivered_no_signature,False,0.339,0.608,2,316,0.6261,True
1fb75ee3-903a-4433-8b09-79f10c8f8e0a,duplicate_charge,electronics,card,2148.83,18,7,in_transit,True,0.797,0.425,0,192,0.7656,True
a1457065-ffb9-4c86-96e2-9d81cdcb34a4,subscription_not_cancelled,apparel,upi,309.6,30,21,delivered_no_signature,True,0.388,0.822,1,371,0.2582,False
3e13276a-e6a9-4783-8b35-38b9e54c748c,not_as_described,apparel,upi,680.97,15,1,delivered_no_signature,True,0.865,0.488,1,712,0.483,False
380609af-370d-45cf-b8e9-a8d29f54e81e,item_not_received,home_goods,upi,3323.54,5,2,signed_confirmation,False,0.307,0.573,0,31,0.8514,True
88990b70-8195-4fbf-b965-46a989b4a56b,fraud_card_not_present,electronics,card,3056.44,8,11,delivered_no_signature,False,0.124,0.781,0,273,0.6314,True
39cbd935-180d-432a-914b-65a7a1705d61,duplicate_charge,groceries,upi,804.42,5,14,signed_confirmation,False,0.275,0.643,0,29,0.7119,False
15a26c09-e711-452d-a7b1-d7e42dd21b07,item_not_received,beauty,card,2906.8,6,18,signed_confirmation,True,0.848,0.598,0,364,0.853,True
3e3f18cf-b272-4e66-88e4-10f5db096feb,fraud_card_not_present,groceries,card,1284.02,3,16,not_shipped,False,0.472,0.251,1,389,0.3131,False
d758e625-ff73-4687-abff-df013458b2f8,item_not_received,home_goods,wallet,513.58,18,18,delivered_no_signature,True,0.27,0.111,0,265,0.7345,True
ff97ef87-7411-4a03-b450-347564cba204,not_as_described,groceries,card,335.46,11,11,delivered_no_signature,False,0.158,0.767,0,411,0.7699,False
2be8b69a-8e55-41c0-88e9-9ec568efa195,item_not_received,apparel,upi,2210.92,31,21,delivered_no_signature,True,0.889,0.69,0,1119,0.6918,False
bdd43b7f-49c1-4b98-bca8-396bf5434778,item_not_received,groceries,card,427.32,6,15,signed_confirmation,False,0.653,0.924,0,91,0.9446,True
f35b4d53-3a27-4dcd-ab94-f987a0a0b616,not_as_described,digital_goods,wallet,1217.85,6,2,signed_confirmation,False,0.147,0.888,0,438,0.8095,False
6aec2108-aadd-408b-a3ff-ca734e1130ed,fraud_card_not_present,digital_goods,upi,139.14,1,7,delivered_no_signature,True,0.184,0.821,0,532,0.3092,False
f6bf6374-c7e0-479d-b193-6bcecd37c39a,fraud_card_not_present,apparel,netbanking,654.1,25,18,signed_confirmation,True,0.675,0.892,0,803,0.5204,True
0eb50884-aa6a-49b5-adeb-a52d814a4292,not_as_described,apparel,upi,1817.29,12,1,delivered_no_signature,False,0.349,0.849,1,215,0.4258,True
30cf78ac-f406-4b0b-9f0a-a8321c445227,fraud_card_not_present,digital_goods,netbanking,628.89,6,1,delivered_no_signature,True,0.141,0.347,0,188,0.9046,True
02d788e7-9934-41a2-8117-2f40db4aa599,item_not_received,electronics,upi,1654.25,3,11,signed_confirmation,False,0.081,0.491,1,1041,0.9532,True
08f5e0a2-6ed6-436e-a30c-94209a2e0f48,fraud_card_not_present,digital_goods,upi,945.91,3,9,signed_confirmation,False,0.299,0.229,1,138,0.5987,True
d81ffc7f-53e0-411d-b909-31955b77e8eb,fraud_card_not_present,electronics,upi,2926.32,23,16,in_transit,True,0.483,0.742,0,47,0.3195,False
874d6201-82c7-4186-a341-ec023b78a85a,item_not_received,electronics,upi,415.64,9,18,signed_confirmation,False,0.423,0.842,0,125,0.6097,True
8888af9d-960d-47a0-8f40-c81c4c2cb1f1,fraud_card_not_present,beauty,card,1440.63,41,14,not_shipped,False,0.657,0.403,0,130,0.6282,False
8eb8edc2-2c4a-43b2-8279-01490609230e,duplicate_charge,home_goods,card,2162.59,13,5,delivered_no_signature,False,0.203,0.317,0,1051,0.8045,True
74adb608-5018-4015-8c57-757a41a0411c,item_not_received,home_goods,upi,4599.31,11,18,in_transit,True,0.752,0.761,0,167,0.252,True
eefc5c22-cc81-4be3-875d-2b1698d61657,not_as_described,digital_goods,upi,512.62,18,16,signed_confirmation,False,0.239,0.281,1,339,0.2729,False
9dbf62ed-3c25-4e17-89ee-6d7b32ca1d80,subscription_not_cancelled,home_goods,card,432.2,4,20,signed_confirmation,False,0.493,0.818,1,75,0.5871,True
b6be462e-9c71-4a33-9d13-b0a4bf057337,not_as_described,electronics,wallet,2810.3,7,6,in_transit,False,0.657,0.467,0,112,0.7164,True
93dac160-889f-4f33-b68c-0995bd1391e8,item_not_received,apparel,upi,336.55,4,17,in_transit,True,0.621,0.347,0,206,0.5752,False
c1872c5f-23bc-4508-86b9-e6bb0caca35e,duplicate_charge,electronics,card,299.53,27,21,delivered_no_signature,True,0.43,0.391,0,131,0.7343,False
5461a691-b673-4924-a8b6-6f1c02ed9494,not_as_described,digital_goods,upi,2485.59,1,12,delivered_no_signature,False,0.492,0.821,0,214,0.732,False
a1e88852-0a90-4fc0-9c91-991dc605c13b,duplicate_charge,electronics,upi,860.66,2,10,signed_confirmation,False,0.36,0.459,0,78,0.4582,True
ccb4c49a-d1e1-4d23-94af-21ce5fed0120,not_as_described,home_goods,upi,124.17,4,11,delivered_no_signature,False,0.406,0.631,0,370,0.3316,False
e9d7ee84-52f3-447b-a134-b87ce4705e1f,item_not_received,digital_goods,upi,4940.75,13,2,signed_confirmation,True,0.505,0.695,1,317,0.847,True
b21c53b2-a1ee-4977-934d-69baa7c43f7c,not_as_described,groceries,card,1083.15,16,15,in_transit,False,0.311,0.753,0,426,0.3726,False
032f7ca6-f961-48d0-b2b1-42747a8a7fb8,item_not_received,apparel,card,1047.84,6,16,signed_confirmation,False,0.489,0.583,0,340,0.9387,True
e927b14f-3b28-44c8-9021-b3b7efee9e85,not_as_described,electronics,card,999.86,9,2,delivered_no_signature,True,0.375,0.73,1,234,0.7407,True
a4ea59cb-948e-4d8d-99a9-c816db934746,fraud_card_not_present,groceries,card,7787.08,8,16,not_shipped,True,0.241,0.773,2,400,0.3205,False
66a16b95-ec14-4e72-ac42-d9ece5302119,item_not_received,electronics,card,9739.5,2,18,signed_confirmation,True,0.087,0.665,0,283,0.978,True
53bdbaa2-12da-4fcf-967f-0e3fd05657a7,item_not_received,apparel,card,285.22,10,12,delivered_no_signature,False,0.426,0.795,2,134,0.9508,True
2c230e89-8cf1-4960-8b5c-19693dade3fd,item_not_received,electronics,card,1486.27,27,7,signed_confirmation,True,0.338,0.747,0,71,0.8806,True
d883205c-1c3c-4bfd-b728-e7c3e2602080,fraud_card_not_present,home_goods,upi,1175.05,4,13,signed_confirmation,False,0.852,0.787,0,854,0.7856,False
b2a38d7f-e612-42e6-bf86-5aba7060c666,item_not_received,apparel,card,1872.7,1,8,in_transit,True,0.615,0.477,1,208,0.1855,False
0ee36b72-1112-4126-9f35-93791909c765,item_not_received,groceries,upi,324.17,48,15,delivered_no_signature,True,0.136,0.829,0,467,0.7905,True
9e4e3f19-66f6-4b0b-bd02-a669e69344d5,fraud_card_not_present,apparel,card,2350.91,24,19,delivered_no_signature,False,0.617,0.685,2,293,0.1263,False
a707e57d-eb6c-4dc7-8de3-f82fe11fe5bb,not_as_described,groceries,card,2665.03,7,10,signed_confirmation,True,0.854,0.25,2,443,0.6549,True
bbfae816-d706-4535-8888-44388f677578,fraud_card_not_present,digital_goods,upi,699.09,1,20,not_shipped,True,0.087,0.423,1,160,0.1555,True
95bd991b-028a-4ee4-b6b2-44a097523531,item_not_received,electronics,card,295.42,14,20,delivered_no_signature,False,0.627,0.322,0,389,0.6731,False
89e80d66-eb66-41ba-9b1b-a4ee3878a4ee,fraud_card_not_present,groceries,upi,2231.85,1,1,signed_confirmation,True,0.391,0.788,0,176,0.7101,True
40dee2ea-753d-4c2d-8365-e0445cbc8b85,subscription_not_cancelled,apparel,card,52.81,8,8,signed_confirmation,False,0.841,0.8,2,236,0.4291,False
652f1122-ce04-447e-8202-879b8f6118f8,not_as_described,digital_goods,upi,801.36,4,13,in_transit,False,0.353,0.61,2,261,0.5168,True
075970db-89e8-4162-98ef-52ac04651077,subscription_not_cancelled,home_goods,card,736.46,14,4,signed_confirmation,False,0.501,0.709,0,986,0.5279,False
6f7f41ee-f2a8-4aca-af98-4e6f5cd825f3,subscription_not_cancelled,digital_goods,card,846.67,16,7,signed_confirmation,False,0.473,0.678,1,837,0.2778,False
b4bcbcba-c7e8-4457-b8f0-7688c3e86828,fraud_card_not_present,beauty,card,224.73,2,3,not_shipped,False,0.699,0.823,0,1605,0.52,False
2a38c351-a762-44f2-9f5c-6f5b5d902d43,item_not_received,groceries,upi,1937.52,1,14,delivered_no_signature,False,0.204,0.477,0,39,0.7336,True
b7ff24f7-322a-44a1-8b18-803db8601bf5,duplicate_charge,electronics,netbanking,8097.0,11,11,signed_confirmation,False,0.297,0.679,1,485,0.4512,True
25d0b643-e06d-40e6-9a88-f4ae0719e2de,not_as_described,home_goods,upi,2266.99,6,2,not_shipped,True,0.799,0.749,1,8,0.7605,True
2496e8be-0bb5-4b5e-b568-95aaf9323a17,item_not_received,apparel,netbanking,961.08,9,17,delivered_no_signature,False,0.442,0.695,0,65,0.4261,False
5323d9a9-5440-48b2-af4d-babc4d43b141,item_not_received,groceries,netbanking,278.91,9,4,in_transit,False,0.477,0.316,1,31,0.1294,False
a273a795-86f7-4787-bc24-e747ff570e06,not_as_described,beauty,card,199.1,23,5,not_shipped,True,0.77,0.91,1,261,0.7889,True
316dab82-5389-4cb7-b6a8-a94ad377775e,fraud_card_not_present,digital_goods,wallet,162.9,20,15,in_transit,False,0.686,0.543,0,306,0.3942,True
c5d1d248-2981-46c8-b016-dc77a96b0e69,fraud_card_not_present,beauty,netbanking,446.0,9,18,delivered_no_signature,False,0.47,0.781,2,272,0.0794,False
5eca5651-3839-4341-aa56-21e70b10be63,item_not_received,home_goods,netbanking,237.02,4,1,delivered_no_signature,False,0.606,0.538,0,24,0.7486,True
5a0cff3d-f671-45ed-ac74-d0306a47fd40,fraud_card_not_present,home_goods,card,418.37,3,4,signed_confirmation,False,0.332,0.402,0,278,0.3247,True
5bcea8a8-f33a-4f09-ad2b-0d6ee2b626c2,duplicate_charge,home_goods,card,891.64,10,9,signed_confirmation,True,0.461,0.604,0,129,0.6157,True
30f167c7-8a29-479c-97b7-c8c22a7c1275,item_not_received,groceries,card,131.9,19,16,signed_confirmation,True,0.16,0.804,0,785,0.7998,True
ee4512d2-fcf9-45dc-a3f8-cce5f441bae7,not_as_described,electronics,upi,1264.35,1,20,signed_confirmation,True,0.466,0.886,0,755,0.6906,True
5649f749-7d5e-4e4e-b05d-1c77d5262c89,item_not_received,electronics,upi,189.43,4,3,delivered_no_signature,True,0.954,0.508,0,904,0.5142,False
35e20d77-42e0-47ef-a462-9f128255a69d,item_not_received,beauty,netbanking,241.93,11,7,signed_confirmation,False,0.143,0.654,0,398,0.6773,True
a779041f-dd52-41d4-8060-fe0a2767a527,not_as_described,electronics,upi,735.24,6,3,in_transit,False,0.652,0.665,0,163,0.7051,False
73a5ce9a-9c3e-4426-a391-811d4a6dfdaf,subscription_not_cancelled,groceries,card,7296.25,2,6,signed_confirmation,False,0.568,0.676,0,196,0.5352,False
685759ef-9c9b-42a2-b7c1-5a5fb9800ec1,fraud_card_not_present,electronics,card,245.1,8,18,in_transit,False,0.811,0.584,1,19,0.4329,True
96e94d00-40a2-458f-9a76-fa14a8e17e85,item_not_received,groceries,card,281.09,15,5,signed_confirmation,True,0.601,0.942,1,12,0.8051,False
39eb0b73-bc0f-4fba-b871-9247d57575e4,item_not_received,home_goods,upi,764.19,4,17,signed_confirmation,True,0.115,0.884,1,52,0.8504,True
547b1a0a-4607-47dd-9b44-9d4a2b1dbcd4,item_not_received,electronics,card,369.34,6,2,signed_confirmation,True,0.546,0.841,1,462,0.8577,True
f6731f78-e32c-42b1-8e2c-e6dc6959f098,fraud_card_not_present,beauty,card,3319.75,4,5,signed_confirmation,False,0.23,0.114,1,222,0.5385,False
be29ff00-5b0e-4523-badf-b6bc456af762,fraud_card_not_present,digital_goods,card,1522.02,11,6,delivered_no_signature,True,0.715,0.51,0,403,0.6694,True
df8fcde5-dc2a-4a67-a092-39a02b8e7582,subscription_not_cancelled,digital_goods,card,3269.93,23,19,not_shipped,False,0.569,0.731,1,33,0.398,False
87573144-73b1-4eed-9c5a-401992841b94,item_not_received,groceries,upi,393.94,1,21,delivered_no_signature,False,0.467,0.5,1,268,0.9166,True
5046d6bf-f147-42f3-9b45-75e360cec76b,fraud_card_not_present,groceries,card,1432.33,7,1,delivered_no_signature,False,0.823,0.607,1,47,0.4877,True
bf0236d3-0679-4044-87f8-3157a9e8794b,item_not_received,apparel,netbanking,1006.59,10,11,in_transit,False,0.445,0.74,1,421,0.1816,True
23deaf7b-b424-424b-b030-795852cdc2ae,fraud_card_not_present,groceries,upi,1357.84,1,20,signed_confirmation,False,0.096,0.84,0,572,0.2666,False
84697a5f-af08-4f28-be17-c57dbb563dbe,item_not_received,electronics,upi,1786.92,3,19,not_shipped,True,0.237,0.676,1,53,0.0299,False
e89c03cf-6ba6-4129-ad9c-92978edf9430,duplicate_charge,home_goods,wallet,459.07,52,18,not_shipped,False,0.122,0.496,2,13,0.7205,True
a184a489-3d44-4fce-a585-3c747821a2fc,fraud_card_not_present,groceries,card,580.32,1,18,delivered_no_signature,False,0.498,0.832,0,110,0.3646,False
dc6e69bd-2f44-4d62-b630-edfb75002bb5,duplicate_charge,digital_goods,card,1061.07,16,18,signed_confirmation,False,0.135,0.17,0,15,0.8563,True
d459e8ae-6a65-46b3-b6e5-7faeaf9e5d65,not_as_described,groceries,card,222.75,34,19,signed_confirmation,False,0.522,0.754,0,134,0.7729,True
a470aff6-32d5-455a-b2b1-5f2fc6b27585,fraud_card_not_present,digital_goods,netbanking,967.51,2,19,not_shipped,True,0.213,0.918,0,813,0.1714,False
2753dc67-cc1c-44fe-8710-1f9b9c389d0a,duplicate_charge,electronics,wallet,474.88,16,19,delivered_no_signature,False,0.287,0.184,0,116,0.6526,True
98dc4cb7-4dc0-4aef-89b1-4220b7422b02,not_as_described,digital_goods,card,2958.9,2,9,signed_confirmation,True,0.534,0.654,0,956,0.8194,True
0a434a44-317a-44a8-ad6a-639bc66f153c,item_not_received,electronics,wallet,676.41,29,6,signed_confirmation,True,0.768,0.41,0,423,0.8188,True
bc4abd0a-b1e0-43ad-9c57-cc550cc7f93b,fraud_card_not_present,beauty,upi,2806.24,32,6,not_shipped,True,0.363,0.215,0,14,0.2154,False
0e34ab92-5fd0-41e0-aa32-c9fc17164044,subscription_not_cancelled,home_goods,upi,299.61,8,17,delivered_no_signature,False,0.944,0.695,0,924,0.7484,True
6ceca436-549e-4e9c-bfa0-2f61066ec490,fraud_card_not_present,electronics,card,639.62,13,15,delivered_no_signature,True,0.17,0.861,2,1673,0.232,False
b20b018b-32c2-44b2-817f-3c3a112ac815,fraud_card_not_present,apparel,upi,1420.64,10,11,delivered_no_signature,False,0.213,0.396,0,406,0.2392,True
fbe7386e-a401-42e8-8fbf-d6eeaee0ac12,duplicate_charge,apparel,upi,782.65,20,3,not_shipped,True,0.739,0.855,0,566,0.7397,True
5d27c9d5-4ce2-455d-b15f-0d6cc550f346,item_not_received,beauty,card,1783.4,13,1,delivered_no_signature,False,0.683,0.844,0,9,0.857,True
ab4ee053-f03b-4acc-9d39-fb235d05013c,item_not_received,beauty,card,1967.77,3,10,not_shipped,False,0.729,0.541,0,48,0.059,False
249e1d2a-a7ef-46c4-a1f1-5e6a1bb0a844,fraud_card_not_present,home_goods,wallet,2226.36,5,12,delivered_no_signature,False,0.569,0.782,0,264,0.6449,True
4c622078-4f40-455b-a478-9129b9ad4a21,fraud_card_not_present,home_goods,upi,975.3,2,12,not_shipped,False,0.197,0.393,0,262,0.2579,False
9fabba6f-e3c3-4dc2-83ee-7dcd997bfd1c,fraud_card_not_present,groceries,upi,2401.1,18,11,signed_confirmation,True,0.716,0.92,0,136,0.5689,True
7ea8c5ff-2ea5-4f19-9a38-e38217a4657e,fraud_card_not_present,apparel,netbanking,1939.89,10,20,signed_confirmation,False,0.609,0.224,1,188,0.6839,False
ef359095-9493-4442-8fb4-927b50c93f08,item_not_received,apparel,upi,578.86,6,14,signed_confirmation,False,0.403,0.694,0,424,0.5466,True
970d8f73-1ea3-4a20-8802-862eb0dd71d5,duplicate_charge,home_goods,card,10048.0,49,19,signed_confirmation,False,0.363,0.538,1,598,0.6142,True
8c3f23d7-a317-4e5c-88c2-fdbc412c3e1e,subscription_not_cancelled,apparel,card,312.08,2,6,signed_confirmation,False,0.8,0.409,3,700,0.22,False
8f649a6b-1089-4fcb-bff3-6679ba5676a9,not_as_described,beauty,card,254.98,12,2,not_shipped,False,0.348,0.446,2,202,0.2415,False
325629dd-0077-4c76-b4fd-74b14134ad81,item_not_received,digital_goods,upi,678.86,1,4,signed_confirmation,True,0.578,0.586,1,3093,0.9613,True
00050d93-14c8-4d19-88f8-b49750bf7876,not_as_described,beauty,card,216.9,18,10,delivered_no_signature,True,0.712,0.912,1,330,0.9054,False
6ac12bff-1ece-44ee-a94c-626b25b66c7f,not_as_described,apparel,card,518.88,31,17,in_transit,False,0.685,0.727,1,688,0.6373,False
a84a920f-75bb-43b6-89ae-0a5063442db7,fraud_card_not_present,home_goods,card,561.09,4,17,in_transit,False,0.21,0.65,1,34,0.5389,True
3ba61d27-79a3-4c17-ab25-da91c2cc3bbc,fraud_card_not_present,electronics,upi,2001.38,11,1,signed_confirmation,True,0.541,0.247,0,115,0.5646,False
26eaf65c-62d0-4520-afd2-1997437f4b97,item_not_received,home_goods,netbanking,381.83,1,13,signed_confirmation,True,0.648,0.753,0,271,0.8147,False
4d63228f-6409-4016-ba6a-1a40446712c2,fraud_card_not_present,apparel,upi,1273.83,6,16,signed_confirmation,True,0.44,0.813,0,503,0.3724,False
c325406a-a487-4f3b-b40f-c67d3c817728,item_not_received,home_goods,upi,2450.58,7,18,not_shipped,True,0.625,0.459,3,117,0.0989,True
17911e1d-d2e0-44df-ada5-9be1463d9b83,item_not_received,home_goods,upi,521.52,6,1,signed_confirmation,True,0.675,0.69,0,175,0.9071,True
e5fbf0f9-4b53-4d27-850a-41586d26d256,not_as_described,beauty,card,3381.45,4,17,delivered_no_signature,False,0.534,0.273,0,202,0.6397,True
e0288dd5-9eb8-4baf-a45a-6951a16ccf3f,item_not_received,home_goods,card,1642.62,10,20,delivered_no_signature,True,0.374,0.731,1,33,0.8526,True
c7b2bd4b-c2d2-4c12-8979-265dd6ffc0bf,duplicate_charge,home_goods,card,2011.38,1,15,not_shipped,True,0.339,0.448,0,987,0.8512,True
851f0b70-cab7-4a9c-8105-fc396124894b,duplicate_charge,digital_goods,card,1764.75,5,6,signed_confirmation,True,0.417,0.685,1,408,0.7418,True
77799d2c-e0da-4d33-a701-eb54d5778dcf,item_not_received,home_goods,wallet,246.86,14,1,signed_confirmation,True,0.434,0.529,0,274,0.9236,True
af9f3980-de3c-474f-8df0-95da685f5718,not_as_described,digital_goods,card,311.34,7,17,signed_confirmation,True,0.271,0.985,0,506,0.8222,True
80ff06a5-2fda-45c8-a3a9-5bfa4c93680c,not_as_described,digital_goods,upi,1106.84,3,8,delivered_no_signature,False,0.134,0.231,1,1256,0.5493,False
72ec69e0-09fc-4276-b424-28ac09011bbe,fraud_card_not_present,apparel,upi,9254.31,5,21,in_transit,False,0.746,0.772,2,117,0.5012,False
2def16f7-004f-4dc6-9c25-f2a3fc797c7b,item_not_received,beauty,card,2749.41,6,4,delivered_no_signature,False,0.713,0.677,1,882,0.5704,True
36ca3c2f-c932-4c0c-8650-5c8f5027d3a0,fraud_card_not_present,groceries,wallet,1567.04,1,3,signed_confirmation,False,0.383,0.386,0,822,0.811,True
89c62e1b-3f4f-4c2c-b430-53ccaf86e182,item_not_received,digital_goods,upi,1431.13,4,6,in_transit,False,0.516,0.383,2,482,0.3725,False
c419fffc-a477-41aa-953c-f12c0b9d806d,fraud_card_not_present,apparel,upi,2400.31,1,6,signed_confirmation,True,0.507,0.387,0,67,0.9116,True
7671f26e-e24a-4a7c-9e2e-3faa07e3da8a,fraud_card_not_present,home_goods,card,2091.37,21,17,signed_confirmation,True,0.617,0.474,1,292,0.915,False
926b54aa-cca2-4064-9d93-a1b835140ef9,subscription_not_cancelled,groceries,wallet,655.71,15,8,signed_confirmation,True,0.895,0.45,1,232,0.5719,False
2975c54a-0e5c-43ef-8e1d-162ffa261901,item_not_received,electronics,netbanking,388.41,20,7,signed_confirmation,False,0.083,0.717,1,429,0.8511,True
00d4fd0d-b3a7-4c51-a831-bc3ea2a0bbf6,not_as_described,beauty,wallet,624.82,2,21,delivered_no_signature,False,0.873,0.653,1,286,0.2333,True
d3a642ff-0940-4533-98c3-db4240a4706b,item_not_received,digital_goods,netbanking,642.44,16,20,in_transit,False,0.413,0.619,1,204,0.2542,False
bd6aad23-c652-4351-ae8e-86c1840b29d4,item_not_received,beauty,upi,1563.07,22,8,delivered_no_signature,False,0.319,0.612,0,180,0.3704,False
9d54fcf8-f69f-4033-b194-24f4d78c0fd9,item_not_received,groceries,upi,341.77,23,1,signed_confirmation,True,0.389,0.616,0,1075,0.7601,False
5ea418a0-e5b5-49fc-a933-ce94a9d340f7,not_as_described,groceries,upi,2677.79,7,9,signed_confirmation,False,0.273,0.66,0,488,0.6252,False
97aef9b1-e45f-48be-b148-243982258468,fraud_card_not_present,beauty,netbanking,349.08,10,13,signed_confirmation,True,0.236,0.617,0,113,0.839,False
dcafd400-665f-4869-b20b-1c6775466800,item_not_received,electronics,netbanking,1997.66,21,18,in_transit,False,0.507,0.26,1,26,0.3453,True
49e84ad8-48c5-4b04-a015-0c203aa88b35,fraud_card_not_present,beauty,upi,499.29,3,4,signed_confirmation,False,0.175,0.184,1,347,0.4985,False
3cc624c1-1790-4a15-b167-e84101bfc262,fraud_card_not_present,digital_goods,wallet,1027.03,3,9,signed_confirmation,False,0.021,0.62,0,162,0.212,False
3c0337f1-46ea-437d-a1fe-4a75b5c873ce,fraud_card_not_present,home_goods,upi,21244.51,13,20,in_transit,True,0.276,0.27,0,211,0.3508,True
6465389b-c239-4ba5-9607-7190169b38c5,subscription_not_cancelled,groceries,card,7802.36,2,17,in_transit,False,0.505,0.612,0,756,0.5166,True
ca480a38-3f4a-40cc-84c9-05e01181fdd6,fraud_card_not_present,digital_goods,card,103.21,18,7,signed_confirmation,False,0.943,0.563,1,1203,0.7125,True
2a12ea01-5c90-4a28-8637-1860b7964e71,fraud_card_not_present,electronics,upi,467.46,21,12,delivered_no_signature,False,0.27,0.605,1,249,0.0766,False
a2a4acd9-5b29-491b-bd33-972e525aed2a,item_not_received,electronics,upi,932.75,9,3,delivered_no_signature,True,0.52,0.562,2,643,0.5744,False
5312517b-4c25-4bbf-b3ce-d5cf19f82296,item_not_received,electronics,card,1071.89,23,3,signed_confirmation,False,0.392,0.862,3,85,0.9714,True
b708346d-b376-4190-902b-7aaa45676860,subscription_not_cancelled,home_goods,upi,2235.48,10,12,signed_confirmation,True,0.349,0.709,1,158,0.7422,True
fc995267-bc21-460d-a9a1-7ebc8f9346d7,duplicate_charge,groceries,upi,469.55,8,5,signed_confirmation,False,0.876,0.834,1,35,0.2522,True
825cedd3-03c6-45b8-903c-377911bd175e,item_not_received,groceries,upi,1387.54,21,9,delivered_no_signature,False,0.401,0.608,0,361,0.4041,False
cdce6969-156f-476f-853f-616180edc7b1,subscription_not_cancelled,beauty,card,283.77,32,12,signed_confirmation,False,0.113,0.686,0,153,0.2682,False
19a9e45b-00e7-4910-b2ae-7f3fb945027e,not_as_described,electronics,wallet,1346.68,10,9,in_transit,False,0.749,0.451,1,113,0.3066,True
c20c92a7-31f3-4e53-b03e-1e60e92bf7b5,not_as_described,apparel,upi,448.15,7,11,in_transit,True,0.617,0.642,0,50,0.611,False
56fe095b-fbd1-472e-977e-7a3695390815,not_as_described,electronics,upi,213.49,12,20,in_transit,True,0.207,0.611,0,118,0.8943,True
05b470d6-6c23-4148-a839-00c994bf54c1,fraud_card_not_present,beauty,card,722.6,4,15,not_shipped,False,0.764,0.638,0,544,0.3094,False
aca5b366-9ee8-4025-ba22-9a5bb023f215,fraud_card_not_present,beauty,upi,1289.42,9,19,delivered_no_signature,False,0.858,0.656,0,762,0.4338,True
b8fe58b9-e664-4739-a991-c5b0d76ba1bc,fraud_card_not_present,apparel,card,177.26,40,11,signed_confirmation,False,0.314,0.595,1,167,0.4034,False
c3b96624-e1e5-499d-ab77-4b9cad74a9d1,item_not_received,digital_goods,card,1947.26,10,8,signed_confirmation,True,0.621,0.376,1,99,0.9139,True
fa8e4b35-e54c-4ca2-9f3f-2ff7302d7297,duplicate_charge,electronics,upi,458.1,2,20,signed_confirmation,False,0.415,0.169,0,832,0.8908,True
d9b4a091-d93c-4384-84c4-c414912c8024,not_as_described,home_goods,card,555.06,5,21,delivered_no_signature,True,0.392,0.506,1,552,0.8219,True
5f104fd1-a81d-4148-ba71-db987d606f41,item_not_received,digital_goods,upi,854.61,8,4,in_transit,False,0.455,0.475,1,13,0.4754,False
c6255b4e-66c7-4f1e-b7cd-03c154bef9ca,subscription_not_cancelled,digital_goods,card,417.81,29,4,signed_confirmation,False,0.947,0.525,1,164,0.8721,True
209f2471-8368-4574-aaa1-1f6f99665903,not_as_described,digital_goods,upi,1079.09,11,19,signed_confirmation,True,0.604,0.941,0,112,0.7035,True
c5e33e9a-93a3-4052-9283-895454c19f8d,duplicate_charge,home_goods,card,1744.3,5,5,not_shipped,True,0.341,0.438,0,162,0.8387,True
8d01aa75-3b60-4d09-8000-cc7459746f2b,fraud_card_not_present,groceries,netbanking,442.13,23,11,delivered_no_signature,True,0.834,0.716,0,422,0.7696,True
8f318b41-cb05-4b79-8d7a-bc48618873a1,subscription_not_cancelled,apparel,wallet,1267.55,4,2,signed_confirmation,False,0.129,0.452,1,1247,0.8947,False
a35ebefb-b69a-4b94-9a3d-ab59acb3ade3,fraud_card_not_present,digital_goods,upi,1556.69,26,19,signed_confirmation,False,0.651,0.471,0,301,0.5962,False
68c6bf4c-07a6-40d6-a31e-c6be8c76fc5a,item_not_received,digital_goods,card,465.32,7,7,not_shipped,False,0.39,0.662,0,147,0.1626,False
67f773ec-8e79-4b32-9d55-2e87d80b8f80,item_not_received,groceries,card,518.02,15,11,signed_confirmation,True,0.345,0.816,0,74,0.6949,True
f544d30d-3d70-4aa2-b9ac-887e8d1608a2,fraud_card_not_present,digital_goods,netbanking,1128.11,10,14,signed_confirmation,True,0.484,0.489,1,261,0.4136,False
a8cfbe3e-54d7-451f-808d-3c0a2d09ef08,item_not_received,groceries,card,374.69,11,20,in_transit,False,0.502,0.735,0,1633,0.1049,False
460e5536-76e8-40a6-92bb-c518bcd002df,fraud_card_not_present,digital_goods,wallet,1694.13,2,21,delivered_no_signature,True,0.124,0.795,2,741,0.3789,False
617b7ff9-5e35-4637-b2f6-92b951793766,fraud_card_not_present,digital_goods,card,371.19,18,13,delivered_no_signature,False,0.541,0.674,1,1407,0.1689,False
ff2bf7b5-19af-4376-b519-df53c21ba612,subscription_not_cancelled,electronics,upi,1170.13,1,15,signed_confirmation,True,0.776,0.844,0,358,0.6472,False
72844997-05b3-453f-a9b7-35c9f49f6a9f,item_not_received,electronics,upi,219.76,12,3,signed_confirmation,True,0.069,0.256,1,129,0.8665,False
86a2edcd-9c25-4810-ba6b-091ef2416f2f,duplicate_charge,electronics,upi,612.79,7,2,delivered_no_signature,False,0.578,0.392,0,31,0.426,False
a04e2879-9c3f-4b01-b601-9311a561eb99,item_not_received,beauty,upi,4104.96,25,14,not_shipped,False,0.323,0.486,1,181,0.034,False
f6337785-e5af-429a-bc12-3f98565e4217,item_not_received,digital_goods,upi,880.67,3,12,signed_confirmation,False,0.77,0.794,0,92,0.8284,True
fbf201b1-7a57-4212-87ac-a2157e75d26b,item_not_received,groceries,upi,738.85,3,4,delivered_no_signature,False,0.896,0.346,1,35,0.8034,False
8646e20d-555d-4259-ac82-8ebb461441ca,item_not_received,electronics,upi,6642.17,2,1,signed_confirmation,True,0.16,0.521,2,455,0.8832,True
aba35619-0863-4ad4-9b13-34624c9da998,item_not_received,beauty,upi,3016.75,2,12,signed_confirmation,False,0.78,0.392,0,1178,0.6193,True
26b43f72-5714-4be1-a8fc-a32fe7e21c3f,item_not_received,digital_goods,card,3173.8,14,20,signed_confirmation,False,0.98,0.484,1,1527,0.5842,True
37131f95-7bc3-4e2d-9680-1bf5bcc7406c,subscription_not_cancelled,electronics,upi,1329.29,14,8,delivered_no_signature,False,0.726,0.816,1,398,0.8937,True
3cb0541f-4316-429f-9ab7-c1058fdcfbcc,item_not_received,beauty,upi,300.33,18,17,not_shipped,False,0.376,0.719,1,168,0.0407,False
da7827ef-1a6e-4df9-9920-b8b8745d2c57,fraud_card_not_present,apparel,card,997.09,3,19,signed_confirmation,True,0.218,0.824,0,389,0.2158,False
81f90d5a-4b6b-4ce9-a483-738951baa6b4,not_as_described,apparel,netbanking,4852.22,3,6,not_shipped,False,0.648,0.816,3,501,0.5542,True
4ee0a837-4751-496d-b835-aa20a82505b3,subscription_not_cancelled,groceries,wallet,161.86,3,16,not_shipped,True,0.295,0.193,0,492,0.2825,False
6929de15-8ff0-451a-9388-2dd47a75f3c2,fraud_card_not_present,beauty,upi,9331.66,18,2,signed_confirmation,False,0.835,0.66,0,500,0.6095,True
b179be94-d2d2-476e-98f9-381a7f55a9ec,item_not_received,beauty,card,531.34,1,1,delivered_no_signature,False,0.803,0.504,0,287,0.5529,True
dfa91d4c-b797-4d80-b54b-ef11ce4f7efd,fraud_card_not_present,beauty,card,97.43,4,17,signed_confirmation,True,0.724,0.904,0,227,0.5892,True
5a734d0b-9aa1-46a5-b169-de1d8b3d648f,item_not_received,beauty,card,293.39,2,2,in_transit,True,0.418,0.639,0,596,0.3422,False
b8d8cb43-6c8a-4a2a-977d-7bf0c7b70d9e,item_not_received,home_goods,upi,803.89,49,13,signed_confirmation,False,0.246,0.397,0,144,0.5005,False
ed4a25dc-3c5d-4660-ae76-52c62faf08c7,subscription_not_cancelled,beauty,netbanking,137.77,15,15,signed_confirmation,True,0.699,0.604,1,448,0.5712,False
7da861fd-08b8-4a51-8625-ba5c90454ba5,not_as_described,digital_goods,card,1595.35,5,8,in_transit,False,0.222,0.784,0,70,0.8171,True
caf042f5-3d49-4242-9c06-b660ec1dbd73,fraud_card_not_present,apparel,wallet,1198.08,10,19,delivered_no_signature,True,0.641,0.769,0,147,0.4909,True
852f9dbe-e0f9-4a64-a1f3-3455707f0b8d,item_not_received,groceries,card,815.27,20,1,signed_confirmation,False,0.704,0.645,1,483,0.7538,False
d478aa4a-df2a-4e7f-b33d-37c869b14a37,fraud_card_not_present,digital_goods,upi,789.41,1,8,signed_confirmation,False,0.211,0.201,0,1542,0.3184,False
e759b4a1-d623-481e-8ac4-41f5427de41e,fraud_card_not_present,digital_goods,upi,1197.07,12,14,delivered_no_signature,False,0.248,0.495,0,1195,0.1955,False
b3a51986-5ab2-4cdd-9c9d-0dce9db0d870,fraud_card_not_present,digital_goods,card,601.75,4,19,signed_confirmation,True,0.423,0.588,0,1119,0.4956,False
e3ceb1fa-83a9-4756-9659-b4443db10639,item_not_received,electronics,card,1377.72,1,8,signed_confirmation,True,0.924,0.659,1,308,0.8426,True
b5ec12f5-65dc-44f6-8d26-c42f51598ba0,item_not_received,beauty,card,1248.78,4,2,delivered_no_signature,True,0.895,0.592,1,379,0.7541,True
92951fe1-831e-41ee-b6f9-7a83202f33f5,not_as_described,groceries,upi,8851.68,28,8,not_shipped,True,0.754,0.528,0,101,0.7117,True
c0f88728-16ee-4847-a98f-a969490096f6,not_as_described,digital_goods,netbanking,548.32,2,20,signed_confirmation,True,0.702,0.433,1,36,0.5627,True
29f3051c-011e-4ea6-bb01-b5b1ea47be8f,item_not_received,electronics,upi,458.09,2,5,signed_confirmation,True,0.299,0.561,0,419,0.9322,True
f60c9ccb-3775-4f06-b7f7-5883053b6863,fraud_card_not_present,groceries,card,632.2,52,1,not_shipped,False,0.321,0.565,1,65,0.5369,True
f0009300-08f7-490f-9028-cee552fcc8a4,fraud_card_not_present,apparel,card,709.07,15,13,signed_confirmation,False,0.555,0.323,0,1412,0.2411,False
39e18f27-bea7-4063-a228-25fb7a11fce6,subscription_not_cancelled,digital_goods,card,1060.76,28,1,signed_confirmation,False,0.814,0.506,0,21,0.4768,False
07f7f842-05a3-4215-9889-f427a80f7a6a,fraud_card_not_present,digital_goods,card,397.54,11,19,signed_confirmation,False,0.649,0.432,1,760,0.4051,False
adc7e2f0-a6ac-47ee-9b80-11f6a2cc8923,subscription_not_cancelled,groceries,card,1981.91,22,5,delivered_no_signature,True,0.486,0.273,2,757,0.7987,True
81e3d048-e8a9-41c8-a8a4-b0c3f7236d65,fraud_card_not_present,groceries,card,105.01,21,12,not_shipped,False,0.847,0.599,1,1406,0.5121,False
d0ba8860-db50-4e21-989d-dccda78a148f,subscription_not_cancelled,digital_goods,upi,560.43,6,7,in_transit,True,0.65,0.568,1,326,0.5162,False
17b8ef20-e8e7-4608-9a41-8a0f7ff1c928,item_not_received,electronics,card,643.8,3,17,signed_confirmation,True,0.638,0.714,0,129,0.8939,True
54ed17a2-2f79-47f7-b59b-8cec543871d2,not_as_described,groceries,upi,412.18,10,4,signed_confirmation,True,0.126,0.613,0,342,0.7949,True
53cc23f3-948b-4720-b5a3-371d9159be3f,not_as_described,home_goods,card,774.46,19,5,in_transit,False,0.704,0.908,1,550,0.453,False
b9f7b345-50b9-45f6-88ec-72e199022707,not_as_described,apparel,card,918.96,6,8,signed_confirmation,False,0.636,0.43,1,494,0.6013,False
29395b69-4611-401f-a847-aab0d80ab30b,duplicate_charge,home_goods,wallet,475.85,20,11,signed_confirmation,False,0.69,0.488,0,276,0.788,True
99b84f17-0b8f-4aef-b6c9-536161137c16,item_not_received,digital_goods,upi,338.23,3,10,signed_confirmation,True,0.359,0.409,0,192,0.9188,True
f66ae537-400c-4a9b-891d-53dcc387650b,item_not_received,electronics,card,501.43,6,21,signed_confirmation,True,0.69,0.585,0,180,0.2561,False
9707e442-8008-4820-8e1c-b4424e1e828c,duplicate_charge,apparel,upi,245.96,58,17,delivered_no_signature,False,0.057,0.304,0,123,0.8426,True
769d15c0-15d5-40f4-938a-87186556582b,subscription_not_cancelled,digital_goods,card,671.25,1,6,delivered_no_signature,False,0.413,0.714,2,810,0.4176,True
215c03c0-2ce9-49a0-b5fc-fea25166c894,subscription_not_cancelled,apparel,upi,818.14,27,15,signed_confirmation,True,0.248,0.735,0,653,0.7784,True
19085b76-8b40-42ba-a3f9-061e2b861f0a,item_not_received,apparel,wallet,6195.24,23,13,signed_confirmation,False,0.742,0.799,0,205,0.8696,False
8c60446b-8fbf-45c6-8e51-620f576610dd,item_not_received,electronics,upi,2901.57,13,4,delivered_no_signature,False,0.63,0.821,0,6,0.4778,True
24849d14-8b50-4dc5-97e3-44c126053b00,fraud_card_not_present,electronics,wallet,811.46,13,5,in_transit,False,0.769,0.662,0,203,0.7231,True
4c22d66a-1521-411d-9e07-fe06fb8e9657,fraud_card_not_present,groceries,wallet,449.28,29,16,delivered_no_signature,True,0.754,0.669,2,28,0.4801,True
2683340a-6318-4233-9072-487c0aec4610,item_not_received,groceries,card,4689.43,10,10,signed_confirmation,True,0.113,0.468,0,326,0.8682,True
c1faea82-fa6c-4100-b06d-778ecee22b61,not_as_described,electronics,card,222.21,9,18,signed_confirmation,True,0.773,0.537,0,35,0.4051,False
37d99a87-dc51-45b9-b2e6-4fd301cb77d2,fraud_card_not_present,home_goods,card,1219.82,4,10,not_shipped,False,0.248,0.762,4,508,0.2589,False
17993ece-1e2f-438e-bee0-9e39e7ea9db9,item_not_received,groceries,upi,775.57,10,9,signed_confirmation,True,0.581,0.397,1,307,0.8417,True
3fc9eb31-adbc-41b5-925e-0ba68cf0b266,duplicate_charge,apparel,upi,1145.32,22,17,signed_confirmation,False,0.422,0.44,0,76,0.866,True
708e32ce-d4a6-40c2-811f-1649a3b894ff,item_not_received,electronics,upi,133.25,14,5,signed_confirmation,False,0.582,0.555,1,210,0.9366,True
12247db6-5de1-408a-9b28-f6859f6e17db,fraud_card_not_present,digital_goods,netbanking,884.44,6,20,not_shipped,False,0.466,0.8,1,152,0.4361,False
bd11fc2b-5d18-49a9-a3bb-49d97c8729a8,fraud_card_not_present,digital_goods,card,1058.41,21,16,not_shipped,False,0.604,0.264,0,243,0.2356,True
c5c0cca5-1dce-4f6b-8460-81e2d8e5528a,subscription_not_cancelled,apparel,upi,1313.42,2,13,delivered_no_signature,False,0.458,0.425,0,56,0.2974,False
d930bc4a-92f8-433b-8127-ef016c183a16,subscription_not_cancelled,beauty,card,258.81,4,15,signed_confirmation,True,0.495,0.584,1,256,0.877,False
e5411bc5-b651-4b13-b4f1-be4d57c32a85,fraud_card_not_present,groceries,upi,706.2,6,16,in_transit,False,0.661,0.958,3,534,0.5127,True
574c94c0-7ed6-4568-8a1a-8181816ef787,subscription_not_cancelled,apparel,card,888.62,7,18,signed_confirmation,True,0.915,0.752,0,160,0.7292,True
971245db-d541-4176-90bd-867b217212aa,not_as_described,apparel,card,1292.33,20,14,signed_confirmation,False,0.803,0.437,0,1794,0.6099,True
1784a4f2-58e3-48ae-a764-6b9078bf6a62,fraud_card_not_present,apparel,card,1060.78,4,20,signed_confirmation,False,0.468,0.805,0,715,0.6993,False
aea782e7-0c65-438e-b32c-7e7e3e856e5e,item_not_received,digital_goods,upi,1748.1,3,14,signed_confirmation,True,0.307,0.737,1,118,0.6898,False
e0644613-2910-48dc-bd5d-0ab100321ed8,fraud_card_not_present,groceries,card,146.97,1,9,delivered_no_signature,True,0.311,0.9,0,537,0.1284,False
7ebd4e0f-990c-43c6-8117-46c79df88176,subscription_not_cancelled,home_goods,wallet,95.2,2,1,in_transit,False,0.564,0.438,1,706,0.6118,True
808009a0-0e29-40da-bb0b-d837a9c36a5a,not_as_described,groceries,card,912.64,8,4,signed_confirmation,True,0.551,0.459,0,105,0.7366,True
1ac52566-08a3-4a3d-b930-642567d70d6a,duplicate_charge,beauty,upi,2233.54,20,19,signed_confirmation,False,0.406,0.898,1,21,0.8721,False
351b6462-0d9c-40ad-a7a8-d999a7bfa412,fraud_card_not_present,beauty,card,140.83,15,5,signed_confirmation,False,0.727,0.65,0,241,0.6323,True
b3e7e8dc-2c11-423b-a6db-7f5b41d1ef51,not_as_described,beauty,upi,8385.46,18,6,signed_confirmation,True,0.444,0.873,0,276,0.6096,True
5e606631-c04b-49e4-a7b5-36345094f489,subscription_not_cancelled,electronics,card,312.49,13,20,signed_confirmation,False,0.398,0.299,1,107,0.2013,False
57fe6756-b2a0-4736-861e-708564a84a4b,subscription_not_cancelled,home_goods,card,2544.39,3,7,not_shipped,True,0.493,0.303,1,354,0.3569,True
a236d624-d8c9-4764-9767-10637c726d13,item_not_received,digital_goods,card,1135.58,10,10,signed_confirmation,True,0.573,0.737,0,24,0.6527,True
7e7612a9-9a54-405e-8b82-c93deaefce40,fraud_card_not_present,groceries,upi,2507.7,3,19,delivered_no_signature,True,0.637,0.203,0,546,0.845,True
0dca8743-31cd-432b-81ca-434e41889e0f,item_not_received,beauty,card,2297.67,2,15,signed_confirmation,True,0.45,0.603,1,931,0.9694,True
e4057d7c-3b2a-450c-884f-7b5778fe975a,subscription_not_cancelled,beauty,wallet,1030.4,1,11,signed_confirmation,True,0.425,0.445,1,75,0.613,False
1d997c68-36b0-479d-bc62-49c36f485dc0,item_not_received,digital_goods,card,649.03,13,11,signed_confirmation,False,0.177,0.794,1,201,0.6336,False
983e624e-10f1-48aa-b138-900fffdd6b79,duplicate_charge,apparel,netbanking,1738.71,11,8,delivered_no_signature,True,0.9,0.753,0,149,0.7716,True
47b88dc5-484d-452a-a0e3-b7dc28bf9536,not_as_described,digital_goods,upi,1194.49,26,15,signed_confirmation,False,0.549,0.543,1,128,0.6078,False
2e737d9d-4a17-47e3-88e8-e6e3a222dd17,fraud_card_not_present,apparel,upi,1662.78,18,15,in_transit,False,0.36,0.537,0,682,0.3704,True
9bdf1ba4-8f87-44e7-890e-aae9b863e408,duplicate_charge,groceries,card,613.34,15,3,signed_confirmation,True,0.698,0.578,1,106,0.9748,True
c168b685-d9c2-4d07-b783-5ead9afa6d4a,fraud_card_not_present,apparel,upi,5890.1,3,11,in_transit,False,0.751,0.193,0,945,0.6207,True
0da7b254-165c-4418-bea4-9dd079d11252,fraud_card_not_present,home_goods,upi,3545.19,1,14,signed_confirmation,True,0.685,0.45,0,144,0.5204,False
bc6d7218-a083-475c-a61f-3f6a57a2a564,item_not_received,home_goods,upi,915.41,41,7,not_shipped,True,0.833,0.681,1,71,0.0532,False
1da06d7d-03d0-4b71-abb6-053fbf196cb5,not_as_described,electronics,card,858.05,37,3,signed_confirmation,False,0.178,0.895,1,919,0.7303,True
767de3ee-2394-40f5-9a86-babe341733ec,fraud_card_not_present,electronics,card,1070.05,8,16,signed_confirmation,False,0.526,0.588,1,164,0.6193,False
a0adeb57-903c-4a2a-85d8-d5483e5516f5,not_as_described,home_goods,upi,712.61,4,14,not_shipped,False,0.774,0.412,0,169,0.2188,False
bb8e516c-6e9a-4fe9-aa66-f5ae0c62ebeb,item_not_received,groceries,upi,2536.01,2,11,signed_confirmation,True,0.248,0.852,1,35,0.8086,True
9f150439-54cb-4b60-a8fd-e2fe6b0be8c9,item_not_received,apparel,card,985.65,8,19,delivered_no_signature,True,0.463,0.712,0,19,0.836,True
9a2c002f-5bbb-4d26-983d-d9d6886b8b51,subscription_not_cancelled,home_goods,upi,650.54,2,1,delivered_no_signature,True,0.083,0.851,1,13,0.7359,False
ddf69c6a-83d2-49a3-9973-515099149cb3,subscription_not_cancelled,digital_goods,upi,1272.58,14,11,signed_confirmation,False,0.784,0.888,1,841,0.4688,True
d353530e-24bf-4966-a323-eb511b9cd4d0,fraud_card_not_present,beauty,card,1116.52,12,5,signed_confirmation,False,0.558,0.676,1,930,0.5421,True
1c159e7d-0a05-4561-b564-30debdef47c8,duplicate_charge,beauty,card,652.43,3,10,signed_confirmation,True,0.558,0.623,0,260,0.5719,True
e719a3cb-cec4-4212-81b1-c2c63aaabed1,fraud_card_not_present,apparel,card,965.33,1,11,signed_confirmation,False,0.576,0.86,0,93,0.7157,True
27c761fb-eb07-45a3-a70f-a70201623cc0,not_as_described,home_goods,card,1594.98,2,17,not_shipped,True,0.578,0.225,0,70,0.1327,False
06a095ee-5115-49ec-8636-2fd8db833b4c,item_not_received,apparel,card,1058.7,1,5,signed_confirmation,False,0.653,0.624,2,474,0.9096,True
24676c04-2648-4c40-a100-0028161aa82a,item_not_received,electronics,upi,484.51,6,20,signed_confirmation,False,0.706,0.739,1,35,0.8455,True
4c97b934-dc9e-4b5d-9fd0-c4c10f9051ba,item_not_received,apparel,card,1168.8,5,8,signed_confirmation,False,0.525,0.347,1,31,0.8311,True
7646e353-b13b-4bcc-8a4a-164a99f95606,subscription_not_cancelled,digital_goods,card,969.89,3,7,not_shipped,True,0.385,0.772,1,146,0.7441,True
72ac55d4-1982-4d39-9425-87b1f6f020b8,fraud_card_not_present,electronics,card,537.72,10,14,in_transit,True,0.573,0.85,1,335,0.486,False
4d94e228-7ec5-4f0d-a608-cc5b32a9b825,item_not_received,electronics,upi,1013.6,12,5,in_transit,False,0.395,0.593,0,439,0.4023,True
06f50658-90bc-4341-b60d-ccdb5ee6c567,fraud_card_not_present,digital_goods,card,981.03,1,15,not_shipped,False,0.635,0.661,0,649,0.6413,True
772a3813-7b89-466c-9be1-6bbb435074e7,fraud_card_not_present,apparel,card,3140.03,7,3,signed_confirmation,False,0.147,0.629,0,47,0.1978,True
d8faf5c0-c4e3-4186-9e85-1b17c391b4f7,duplicate_charge,apparel,upi,488.99,12,10,in_transit,False,0.38,0.605,1,30,0.3828,True
29b37a2a-7bb6-44b5-8fae-44be32d8061d,fraud_card_not_present,home_goods,card,315.62,3,2,delivered_no_signature,True,0.467,0.227,0,272,0.117,False
4067ff26-01f9-4f93-a799-1619a4c2bfab,item_not_received,digital_goods,card,1089.31,3,21,delivered_no_signature,True,0.119,0.652,0,714,0.669,True
c7c374d8-68dc-4f5a-aaac-ca37ab83f184,fraud_card_not_present,beauty,wallet,477.12,12,20,delivered_no_signature,True,0.334,0.569,0,161,0.4173,True
68c2591c-9adb-42ff-bfb1-f101655f4da2,duplicate_charge,groceries,wallet,286.16,5,10,in_transit,True,0.257,0.753,0,533,0.7434,False
cfe52683-df9b-4b6a-9a9d-dd917f87c333,not_as_described,apparel,card,442.03,6,18,signed_confirmation,False,0.651,0.523,2,627,0.9206,True
d8d01ef9-a778-4cc6-b6c3-21423b65ab08,item_not_received,home_goods,card,1902.32,1,5,signed_confirmation,True,0.619,0.775,0,508,0.8728,True
98843cbd-80ff-45ad-a644-93ed719d2071,duplicate_charge,home_goods,card,904.56,6,2,delivered_no_signature,False,0.419,0.495,0,322,0.3004,True
a35304fb-f8c4-47de-ab23-165602b6013e,fraud_card_not_present,home_goods,card,381.96,1,6,delivered_no_signature,False,0.455,0.377,0,30,0.5456,False
4d8d054b-bd70-44ff-a619-e76145540683,item_not_received,digital_goods,wallet,104.78,1,2,delivered_no_signature,True,0.66,0.354,1,95,0.9414,True
c71fe49f-8917-4fa1-bdd0-32eac02ce305,subscription_not_cancelled,groceries,wallet,219.41,1,10,signed_confirmation,False,0.827,0.748,0,125,0.4818,True
300fe9c7-44c1-4199-9ec9-42c1c55a5ad4,duplicate_charge,digital_goods,card,573.71,14,19,delivered_no_signature,True,0.525,0.327,0,224,0.6588,True
9ed8ad42-6289-4632-8b30-ee83f154165c,item_not_received,home_goods,card,2044.7,13,4,in_transit,True,0.901,0.529,0,228,0.4702,True
937c3933-ab01-4f91-99af-bce4197b960a,subscription_not_cancelled,beauty,wallet,4568.99,24,21,signed_confirmation,True,0.798,0.384,1,219,0.1932,True
7e554b8b-79fa-4089-88de-ad37f07b56a5,item_not_received,digital_goods,card,445.26,20,5,delivered_no_signature,False,0.491,0.821,1,88,0.8289,True
d0a6476b-ff32-43cf-849b-d87f3d113422,not_as_described,beauty,upi,2849.78,20,19,signed_confirmation,False,0.225,0.547,3,314,0.3256,True
d26c406b-de8d-4728-a431-13090ae02eea,fraud_card_not_present,groceries,card,444.94,10,4,delivered_no_signature,False,0.575,0.613,0,563,0.3443,False
f066f5da-eaed-4f44-8c34-cd6b93b4751d,not_as_described,apparel,card,3941.07,7,5,delivered_no_signature,True,0.435,0.675,0,527,0.6673,True
716f5c22-9354-4fae-b63b-cafcd5ede451,item_not_received,beauty,card,276.7,31,5,signed_confirmation,False,0.251,0.437,0,189,0.7288,True
0e4cd2e2-65f7-489c-9c62-dfc8030f1540,not_as_described,electronics,card,1555.28,21,19,delivered_no_signature,False,0.405,0.493,0,42,0.5823,True
69268f55-d141-4c4c-a543-080fb11b4c5a,duplicate_charge,electronics,wallet,490.29,21,6,in_transit,False,0.633,0.329,1,758,0.8903,True
cc8a7a48-c35d-4202-a267-ea43db1f7451,fraud_card_not_present,groceries,wallet,497.85,3,12,signed_confirmation,False,0.111,0.47,2,641,0.4697,False
8815f754-696d-4d47-b989-c349824cc118,fraud_card_not_present,electronics,card,1700.97,12,15,signed_confirmation,False,0.233,0.399,0,151,0.7068,True
233eedf6-bb93-45de-9274-74795a8b61d1,fraud_card_not_present,electronics,card,785.18,1,8,in_transit,False,0.672,0.448,1,405,0.453,True
2532513d-8918-43b1-8ec4-98e80e0ab30b,subscription_not_cancelled,electronics,card,750.45,1,21,in_transit,False,0.815,0.49,2,125,0.2631,True
eb277857-deb0-43e5-87ab-67b6a87c013e,fraud_card_not_present,groceries,upi,10483.56,25,1,signed_confirmation,False,0.462,0.671,0,132,0.6925,True
14d96288-092b-4b41-a19a-8bd41c3c6e8e,duplicate_charge,digital_goods,upi,2707.03,14,20,in_transit,True,0.757,0.551,3,726,0.3985,False
fce6dbca-9f4f-436a-ade9-f4e251cc7639,fraud_card_not_present,digital_goods,card,2822.5,12,17,signed_confirmation,False,0.246,0.258,0,693,0.2309,False
1c2be019-a5ad-454b-a2a3-066d67afcb54,not_as_described,electronics,card,2210.54,3,4,signed_confirmation,True,0.411,0.447,0,1114,0.3567,False
c58a951d-882a-4e65-a812-19158e16a77f,subscription_not_cancelled,groceries,card,775.68,5,3,delivered_no_signature,False,0.91,0.762,1,117,0.4842,True
6dfc5bcf-82ca-4987-8b81-0df50c670276,not_as_described,beauty,wallet,786.51,11,11,in_transit,False,0.393,0.846,0,654,0.8652,True
a0097d55-f498-4d7a-81e5-bc86c4d8dc9d,item_not_received,groceries,card,797.74,21,9,in_transit,False,0.205,0.82,1,435,0.5596,False
69e1e91d-da99-476a-8ef3-bfc38b36cb80,item_not_received,apparel,upi,1683.77,34,16,signed_confirmation,True,0.45,0.38,0,613,0.9417,True
2ec8a1e4-abe5-463b-8b88-659db32f7af8,subscription_not_cancelled,groceries,wallet,6915.01,4,14,signed_confirmation,False,0.451,0.718,0,188,0.244,False
cdcbe2c8-0df4-4082-8074-fee95f3d7785,not_as_described,apparel,wallet,631.03,4,12,delivered_no_signature,True,0.546,0.762,0,261,0.7061,False
cba98072-2d5d-478a-aeef-7b3d6b052cd9,fraud_card_not_present,apparel,upi,1099.03,4,15,signed_confirmation,True,0.125,0.347,1,337,0.7412,False
6416b5c5-c1ff-4275-8c82-508a9be78f52,duplicate_charge,apparel,upi,188.6,2,6,signed_confirmation,True,0.193,0.855,1,140,0.6102,True
ef4ac2da-82e2-44f1-81ce-2368ef8943c4,item_not_received,apparel,wallet,1666.06,6,2,in_transit,True,0.21,0.643,0,273,0.4616,True
197a539a-805e-4be8-88c5-266a4c1e8f4c,item_not_received,groceries,card,4549.81,1,4,signed_confirmation,True,0.391,0.702,1,1637,0.9148,True
9032f572-186a-4e89-8551-0a131bb749d1,fraud_card_not_present,apparel,card,1550.66,2,18,signed_confirmation,True,0.305,0.818,2,191,0.2112,True
c28fb96b-1731-4c88-b486-8090d30e6307,fraud_card_not_present,beauty,card,634.76,32,10,signed_confirmation,True,0.718,0.687,0,103,0.3904,False
862263eb-5839-405b-ab99-ee488dce6237,not_as_described,apparel,card,435.94,6,18,delivered_no_signature,True,0.648,0.763,1,344,0.7521,True
43fb6b12-7a19-4d35-9c67-819759afc4a1,not_as_described,digital_goods,card,218.85,3,5,signed_confirmation,False,0.599,0.676,0,144,0.2842,False
8f535208-23b5-4916-900a-78538374546f,fraud_card_not_present,apparel,wallet,272.24,1,4,signed_confirmation,False,0.376,0.536,1,172,0.8737,False
ca4b5ce4-1920-42a1-8c7b-fa5ffd523b24,fraud_card_not_present,home_goods,card,432.45,5,4,signed_confirmation,False,0.812,0.664,1,103,0.5455,False
7710ec0d-10b9-47f5-8937-7a1b5b68f863,item_not_received,groceries,wallet,2432.76,3,7,signed_confirmation,False,0.653,0.508,0,125,0.9552,True
ff566d0b-2588-4234-afd0-0b6bb410ab80,not_as_described,digital_goods,card,673.59,1,2,delivered_no_signature,False,0.422,0.603,0,399,0.6457,True
bd685df7-23cf-49b8-84f0-ad43c6e55547,item_not_received,groceries,card,2443.47,3,3,signed_confirmation,True,0.235,0.616,3,267,0.9356,False
76ac18d2-477d-46cf-a67c-7d73ba00f853,duplicate_charge,beauty,upi,481.27,1,10,signed_confirmation,True,0.475,0.452,2,53,0.7843,True
db15a06a-7473-4600-b8ec-1a8601ee602c,item_not_received,beauty,netbanking,1203.13,4,3,signed_confirmation,True,0.408,0.579,1,653,0.8838,True
ebe47a32-c11d-4ca5-ae85-54f431360526,duplicate_charge,electronics,card,2021.51,7,13,delivered_no_signature,False,0.24,0.753,1,36,0.8305,True
6d335a62-8280-4daa-a604-a65b5db81a89,fraud_card_not_present,apparel,card,3199.73,2,20,delivered_no_signature,True,0.104,0.622,1,19,0.1455,False
06cf38de-2ab4-4b1d-8e0f-5fcd39cef869,not_as_described,apparel,upi,1634.06,11,15,delivered_no_signature,False,0.58,0.794,0,299,0.5132,True
a826d546-00dc-44b4-bcd1-3ea3ecb4a7d4,not_as_described,groceries,upi,1514.95,20,2,signed_confirmation,False,0.854,0.704,1,713,0.4662,True
630c842f-6207-4c88-8c23-bf45d32b0914,item_not_received,apparel,wallet,2131.53,8,2,delivered_no_signature,False,0.884,0.864,0,136,0.7357,True
c48c99be-b700-418a-a154-18b8171915a8,item_not_received,apparel,card,372.69,42,2,in_transit,False,0.786,0.77,0,30,0.0773,False
c20fb146-c68c-40b4-89c9-6db2dc647457,fraud_card_not_present,home_goods,upi,385.66,8,13,signed_confirmation,False,0.737,0.454,0,1661,0.4626,False
df57ab14-b00a-488d-acce-c3a2f1626574,duplicate_charge,electronics,upi,230.56,6,3,signed_confirmation,False,0.1,0.576,2,297,0.554,False
a3b1a9d0-ee8c-454a-be90-66a7c1fe5fa2,item_not_received,apparel,card,621.37,14,2,delivered_no_signature,True,0.184,0.906,0,554,0.5125,False
d79c7b17-eded-4c65-8102-efca43c61d64,fraud_card_not_present,apparel,card,546.28,28,2,not_shipped,False,0.435,0.796,0,1273,0.2966,False
90ee6d27-aedd-4fc6-81b3-e8ac99e8907b,not_as_described,beauty,wallet,956.27,17,20,delivered_no_signature,True,0.507,0.517,0,1165,0.6912,False
7a117af2-fde2-48ac-ad26-aa314e37b618,not_as_described,electronics,card,798.55,13,10,signed_confirmation,False,0.438,0.489,1,899,0.6364,False
d6016b0c-b212-466c-8f7f-21c3faf1a5d7,not_as_described,beauty,card,3492.33,16,11,delivered_no_signature,False,0.221,0.768,2,653,0.0865,False
515f7e67-d5eb-41b0-9ec6-92b5307f26f2,not_as_described,apparel,card,3793.13,34,17,signed_confirmation,False,0.167,0.558,2,221,0.4774,True
2320fe07-0fea-4bc0-8576-be3c10583a38,item_not_received,electronics,card,3301.77,4,17,signed_confirmation,True,0.498,0.552,0,251,0.8926,True
0fa0eb09-b6b7-4867-be71-731eb4549799,subscription_not_cancelled,beauty,upi,1482.4,1,20,not_shipped,True,0.608,0.296,0,231,0.5664,False
daaa5684-7f22-4533-8da5-2cf132540393,duplicate_charge,electronics,card,1427.33,5,1,signed_confirmation,False,0.644,0.775,1,698,0.2217,False
205fc16c-5fd9-4aa5-abd1-a31f2105cd3c,item_not_received,home_goods,upi,571.71,5,5,signed_confirmation,False,0.829,0.416,0,268,0.5697,False
060ae31d-4e46-49af-992c-b6660aab1c47,not_as_described,beauty,upi,707.49,2,5,signed_confirmation,False,0.489,0.87,0,649,0.783,True
d7e9aa3d-d211-45fe-b84f-ccb1695a433d,subscription_not_cancelled,apparel,wallet,955.22,11,13,delivered_no_signature,False,0.805,0.689,1,88,0.193,False
cd5887d7-1840-443e-a12a-24e4722dc3e7,item_not_received,beauty,wallet,501.13,12,8,signed_confirmation,True,0.923,0.74,0,299,0.9377,True
26dadd99-dc2d-4b71-9678-89e115fa5fc7,not_as_described,groceries,card,633.7,6,13,delivered_no_signature,True,0.092,0.217,0,375,0.6892,True
dde3528e-b829-4b3b-aa9d-6e40f66f87df,item_not_received,beauty,card,589.37,5,3,delivered_no_signature,True,0.505,0.223,1,100,0.8668,True
55056bf8-c77f-4f85-be20-dbd03bf4e0bb,item_not_received,electronics,upi,1598.0,5,18,signed_confirmation,False,0.727,0.646,1,182,0.5916,False
1d9d398a-c22a-477b-a633-af3856d85e3b,item_not_received,electronics,upi,1265.17,6,11,not_shipped,False,0.338,0.343,0,257,0.0559,False
f2c8d8db-7273-4adb-adab-5169b5c0ba7f,item_not_received,apparel,upi,1546.89,5,14,delivered_no_signature,True,0.928,0.353,1,46,0.9303,True
4e7f14b1-b28e-4c5f-a7a9-cb9cb51259fd,item_not_received,digital_goods,card,1704.83,18,16,delivered_no_signature,False,0.769,0.519,0,1555,0.3065,False
bef78d54-e034-461f-8ba5-d475d0210f64,item_not_received,groceries,card,369.87,4,17,delivered_no_signature,False,0.421,0.236,1,39,0.6144,False
4c0e481a-1d54-47d4-92fd-a3f7501e0003,fraud_card_not_present,digital_goods,upi,1722.01,2,9,signed_confirmation,False,0.768,0.317,4,378,0.2772,False
87d24441-689b-4435-ad2a-9ae169a67e47,fraud_card_not_present,apparel,upi,2050.76,4,9,in_transit,True,0.293,0.452,0,263,0.2645,False
701c7158-0c4d-499a-9909-27014ec2eaac,item_not_received,digital_goods,card,1895.43,12,18,delivered_no_signature,True,0.291,0.478,1,266,0.8353,True
38fbba9b-fc1c-47d2-b641-bc83897d8b70,item_not_received,groceries,upi,277.18,12,18,delivered_no_signature,False,0.507,0.608,0,127,0.4792,False
f74cbde3-c092-4073-b01d-49577d7bd0fc,fraud_card_not_present,digital_goods,upi,244.31,2,15,delivered_no_signature,False,0.693,0.524,2,229,0.491,False
25dc2e00-f754-4f04-a9a2-5c065b90ffae,not_as_described,groceries,upi,1003.16,2,20,not_shipped,True,0.794,0.628,0,492,0.3413,False
dbddd080-44ca-44de-96a4-68a76513e3d7,subscription_not_cancelled,apparel,upi,422.61,23,15,signed_confirmation,True,0.546,0.449,1,638,0.723,False
743e38e3-be52-4c07-aaf0-98fee1266087,item_not_received,beauty,wallet,1550.86,1,11,delivered_no_signature,False,0.45,0.535,1,81,0.5608,False
393968d7-b158-4978-9f1c-eed9251a7fa2,fraud_card_not_present,electronics,upi,1611.33,9,21,not_shipped,False,0.723,0.931,0,140,0.803,True
672d2a0a-7bdd-44a9-b255-9c9a448ddbc3,subscription_not_cancelled,electronics,upi,278.16,5,1,signed_confirmation,False,0.495,0.763,1,589,0.7336,True
1e903cce-e99e-4bd7-b4fa-6a738e824cd0,item_not_received,groceries,upi,489.85,1,3,delivered_no_signature,False,0.326,0.326,1,309,0.4185,True
1b2670c7-fd24-4c69-b9b0-2cbd5979df2d,item_not_received,electronics,upi,883.73,1,12,signed_confirmation,False,0.578,0.413,1,347,0.9372,True
85fae51e-c0b1-44b3-a948-af11fccec036,fraud_card_not_present,digital_goods,card,347.72,39,3,not_shipped,True,0.093,0.434,0,511,0.0265,False
9a27e71c-e29e-4b81-ac2b-2150566ef782,duplicate_charge,beauty,upi,795.46,3,9,in_transit,True,0.304,0.895,1,574,0.4604,False
b9b2216e-97e3-437a-ad21-c398e5d36cab,subscription_not_cancelled,apparel,card,2497.43,17,20,signed_confirmation,False,0.29,0.593,0,17,0.5739,False
dc3d4815-5ec4-438d-bd24-6d0ce698f9a5,fraud_card_not_present,groceries,upi,1370.65,1,14,signed_confirmation,False,0.688,0.837,0,161,0.4523,False
f5765c1a-02ec-4ca5-bbda-5bf36b34c5db,item_not_received,digital_goods,card,420.63,24,8,delivered_no_signature,False,0.198,0.517,0,683,0.2114,False
ff56d89f-3721-480d-b58f-c74458ca10cb,fraud_card_not_present,groceries,card,2682.46,4,1,in_transit,False,0.283,0.79,1,438,0.2599,False
642631eb-e72f-4546-992f-89116fd7c086,item_not_received,electronics,card,1305.5,34,5,delivered_no_signature,False,0.348,0.398,1,435,0.7288,True
60e50b48-764e-4450-8819-0e8fccf26f6a,fraud_card_not_present,digital_goods,netbanking,299.32,19,3,signed_confirmation,False,0.828,0.582,1,133,0.6489,False
b9026a41-4126-44f9-ba66-4d30cdc8ade5,item_not_received,home_goods,card,918.2,2,3,signed_confirmation,True,0.491,0.83,0,122,0.8761,True
4b5eff65-a58f-4df6-85c1-54debca4b0e3,fraud_card_not_present,electronics,card,753.34,4,2,delivered_no_signature,True,0.708,0.463,0,51,0.5912,True
1a027baa-24b3-4ae3-b184-131b9877ae90,not_as_described,apparel,card,884.13,5,4,signed_confirmation,False,0.203,0.683,1,349,0.7476,False
f0f12d59-92aa-40ed-a11a-868cdf3c86c4,fraud_card_not_present,groceries,upi,224.03,20,17,delivered_no_signature,False,0.692,0.749,2,66,0.8243,True
9bc7b859-dca3-40b4-9295-e20dca9444c3,fraud_card_not_present,groceries,wallet,1259.62,1,11,signed_confirmation,False,0.686,0.698,0,7,0.8458,True
fca08806-39b3-4985-a9e8-d221a7d1d9e1,not_as_described,groceries,wallet,1450.26,7,1,not_shipped,False,0.769,0.691,2,514,0.4023,False
5b0da2f1-deb8-42fb-a641-0d842fc433f2,item_not_received,groceries,card,220.43,15,18,in_transit,False,0.203,0.287,1,122,0.2257,False
8065892a-2dfd-4edb-a174-29466193a141,fraud_card_not_present,apparel,card,144.08,12,21,signed_confirmation,False,0.134,0.931,1,236,0.5483,True
2bd479d6-2c36-4a4a-b5fb-cf8f7dcaa55e,duplicate_charge,beauty,card,1697.68,23,13,delivered_no_signature,False,0.653,0.271,0,484,0.0836,False
f510fdea-bc97-4491-958e-93b4c4c3fce2,not_as_described,groceries,card,5777.13,4,2,delivered_no_signature,True,0.466,0.383,3,744,0.7849,False
1d256a57-1b6e-46aa-8a2c-68f8ee6600ed,duplicate_charge,electronics,upi,312.3,3,10,signed_confirmation,True,0.671,0.888,1,22,0.7317,True
a725dee0-5bb1-4abf-a6cc-43fd5f8843be,item_not_received,digital_goods,upi,170.16,2,5,signed_confirmation,False,0.365,0.52,0,22,0.5233,False
89234b1e-bfd1-4b11-939d-e0687fb55287,fraud_card_not_present,digital_goods,card,642.65,3,5,signed_confirmation,False,0.45,0.526,0,150,0.6575,True
b1f80ba3-7468-403c-a1d5-c3b7a19deec7,fraud_card_not_present,electronics,upi,4205.01,4,14,delivered_no_signature,False,0.286,0.741,1,69,0.7172,True
26565435-c69e-4879-94d6-d6b5e718a4d3,duplicate_charge,digital_goods,upi,2258.83,2,17,in_transit,True,0.285,0.958,2,187,0.8245,False
54b3a9b2-18dd-43bb-b060-752190a29ee2,duplicate_charge,beauty,card,785.58,18,18,delivered_no_signature,False,0.521,0.306,2,148,0.398,True
d7b7041f-b184-4026-b874-fc48c7bd3554,not_as_described,electronics,netbanking,695.41,11,10,delivered_no_signature,False,0.733,0.816,0,480,0.5525,True
7cf1ff96-f990-4e58-a985-0b0ac72241af,not_as_described,groceries,wallet,443.19,3,11,in_transit,False,0.174,0.65,1,676,0.6813,True
044e8d78-dfb3-4972-9a2d-e15733a1df78,item_not_received,beauty,upi,1107.13,2,8,signed_confirmation,False,0.25,0.468,0,122,0.6959,False
217c2b87-2b86-4c78-85e6-cd0d3e6c0c28,fraud_card_not_present,groceries,netbanking,368.53,3,7,in_transit,False,0.223,0.381,0,1627,0.4527,False
935fc260-1cf8-46d1-9c55-7b4316d2c244,fraud_card_not_present,apparel,card,704.16,10,15,signed_confirmation,True,0.388,0.575,1,203,0.7446,True
f9ee4e50-eb73-4090-8b1a-3586da67c2bf,item_not_received,groceries,card,545.82,3,11,signed_confirmation,False,0.091,0.762,0,159,0.6931,True
c297407c-81c7-4b23-8a35-970d18548e65,duplicate_charge,groceries,upi,2405.33,8,2,not_shipped,False,0.595,0.776,0,920,0.8539,True
0700f8d7-baa1-40bc-8fe3-c7ee785120c5,item_not_received,beauty,upi,1520.74,9,8,signed_confirmation,False,0.267,0.564,3,324,0.7968,True
2a8089b9-55fa-46cd-98d8-4aa3483239f1,subscription_not_cancelled,electronics,upi,199.1,11,13,signed_confirmation,True,0.611,0.759,1,65,0.3553,False
d7ce7437-b635-487e-987f-88d611c6050c,not_as_described,apparel,card,376.66,36,14,delivered_no_signature,False,0.543,0.9,1,184,0.7006,True
7f5b19fc-ab8f-47c5-b6de-18ab1106c5ab,item_not_received,digital_goods,wallet,7877.98,21,7,not_shipped,True,0.67,0.46,1,649,0.1094,False
36666706-241c-49c5-a8d0-a0681a6b68ea,item_not_received,apparel,upi,799.07,7,19,delivered_no_signature,False,0.716,0.256,0,94,0.4614,False
5ad2b7ae-dc55-4348-a9ec-fded0f862ca4,fraud_card_not_present,apparel,card,1739.02,15,1,delivered_no_signature,False,0.317,0.323,0,641,0.2736,False
eba188ea-9901-4c99-bda8-1ee8fcc5ba48,fraud_card_not_present,electronics,upi,801.04,24,6,delivered_no_signature,False,0.794,0.803,1,489,0.6719,False
7b005644-b242-4288-bc63-6f01f6cc7c6e,not_as_described,home_goods,upi,1608.06,4,16,signed_confirmation,True,0.455,0.697,0,243,0.5918,False
d47b509f-91eb-48c2-b677-71f4ffcfa1f0,item_not_received,digital_goods,upi,445.08,10,18,delivered_no_signature,True,0.366,0.885,0,136,0.6246,False
2539e90f-bc0d-4693-a2d7-606d45869359,not_as_described,beauty,upi,1176.47,23,8,signed_confirmation,False,0.318,0.772,0,223,0.8539,True
cd0c9b43-3c3b-4736-8008-682f8b46cfde,fraud_card_not_present,home_goods,card,2410.54,16,7,signed_confirmation,False,0.918,0.612,1,156,0.6463,True
2e9d9e16-6f79-44f7-b091-e150ce5cfaf1,item_not_received,beauty,card,676.26,18,21,signed_confirmation,False,0.461,0.251,2,407,0.6623,True
9c6c91c4-4fd9-4bf8-8e94-e95abef4911e,duplicate_charge,digital_goods,netbanking,1738.77,8,10,in_transit,False,0.762,0.131,0,3454,0.3936,False
3fbd9478-2d99-4a69-83b5-c3cd1d7acc6d,fraud_card_not_present,apparel,upi,728.06,2,2,delivered_no_signature,False,0.073,0.699,0,115,0.5714,False
2371c0fd-9eff-4c31-969c-c168530c1bbe,item_not_received,electronics,upi,574.78,23,12,signed_confirmation,True,0.623,0.451,0,1193,0.7599,False
519de54b-c339-4e73-b2f2-6d58e0840bbc,fraud_card_not_present,groceries,upi,810.91,4,1,in_transit,True,0.57,0.281,0,24,0.2388,False
784be540-a5c3-4465-be96-49aeb22c7ea1,item_not_received,apparel,upi,3022.25,36,17,signed_confirmation,False,0.877,0.599,0,570,0.768,False
9a5b3d84-fd74-4dc9-8357-954198f5c4e1,fraud_card_not_present,groceries,netbanking,2572.86,14,15,delivered_no_signature,False,0.527,0.413,0,223,0.3154,False
cc77b2ee-5d27-4bc7-9caf-e92ea31bc740,not_as_described,apparel,card,527.35,5,3,in_transit,True,0.056,0.793,0,265,0.5961,False
b3e1dae7-eb7f-46e6-a94f-1e2c0ee9bac6,fraud_card_not_present,apparel,card,1001.95,5,19,signed_confirmation,True,0.469,0.541,1,1264,0.3363,False
a97e03bd-1efd-487f-ab79-fc9b3ac88f9c,item_not_received,digital_goods,netbanking,293.17,33,7,delivered_no_signature,False,0.391,0.549,0,655,0.7649,True
fbc728ee-1e8e-4d54-a135-9e3a7767e17e,not_as_described,apparel,card,453.15,5,15,in_transit,True,0.809,0.339,1,150,0.287,True
e2b163de-d7a2-4673-b3f9-05f2e8abd4fb,duplicate_charge,home_goods,wallet,562.35,30,3,delivered_no_signature,True,0.387,0.783,0,102,0.5987,True
0a83d549-b960-4af4-9b8d-b190c0503597,item_not_received,groceries,card,790.94,8,8,signed_confirmation,True,0.394,0.668,2,57,0.7401,True
ff474716-8523-4fd7-bd2b-004344233946,not_as_described,groceries,upi,1498.82,4,10,signed_confirmation,False,0.661,0.84,2,853,0.8674,True
4e5e0397-2899-406e-9181-6218c0bf0e62,fraud_card_not_present,beauty,upi,2041.78,15,19,in_transit,False,0.892,0.718,0,841,0.6463,True
4d1c1e88-9fc3-4715-ad6f-15bc78d2a11e,not_as_described,apparel,upi,637.53,3,21,delivered_no_signature,True,0.496,0.787,0,163,0.8771,False
964d4f9a-171e-4ff1-8fa1-7b13cfaf13db,duplicate_charge,beauty,upi,824.78,32,14,in_transit,True,0.409,0.463,0,302,0.7653,False
b805d2ad-4504-498d-baab-c6416b3c3362,item_not_received,electronics,upi,1896.4,9,19,not_shipped,False,0.315,0.591,0,156,0.1857,False
9c438973-34c0-4362-91ea-6fb2dae96825,fraud_card_not_present,beauty,card,1035.81,14,7,not_shipped,True,0.58,0.722,0,353,0.5998,True
d0b17d57-e600-426f-8426-f31f174b56bb,fraud_card_not_present,digital_goods,upi,465.61,7,13,signed_confirmation,False,0.651,0.345,1,490,0.611,True
ebc23a04-b947-4064-876e-8df2f71ed7f5,subscription_not_cancelled,electronics,upi,3161.29,4,7,delivered_no_signature,True,0.433,0.792,3,41,0.5122,False
7f4c1f6a-0e52-47d9-9650-bc47633fb139,fraud_card_not_present,groceries,card,642.7,11,4,signed_confirmation,True,0.629,0.612,2,850,0.369,False
a02ca845-3229-4000-8c61-f8ecc52b816f,item_not_received,apparel,upi,911.7,3,21,signed_confirmation,False,0.343,0.641,0,212,0.9444,True
2587a52b-7733-4f61-a499-5051a0437891,not_as_described,groceries,wallet,3745.81,9,18,delivered_no_signature,False,0.475,0.513,0,299,0.5991,True
01718544-58e6-47f4-9433-d44694fcc34a,item_not_received,electronics,card,2995.09,24,10,delivered_no_signature,False,0.319,0.76,1,1406,0.603,False
3606264e-180a-428b-be49-40381b49a20b,fraud_card_not_present,electronics,card,910.42,16,21,delivered_no_signature,False,0.687,0.749,2,587,0.4522,True
dc712081-c3ba-4e9d-a045-dae0f82e87b7,item_not_received,apparel,upi,1321.27,21,20,delivered_no_signature,False,0.686,0.801,1,277,0.5139,False
b65cbff1-e529-483f-9afc-12d571595af9,item_not_received,apparel,upi,2129.52,15,4,not_shipped,True,0.177,0.818,0,204,0.0792,False
98c1c4da-51c7-4e80-bf7e-2a5200bcfb0b,item_not_received,electronics,upi,1511.99,11,13,signed_confirmation,True,0.238,0.601,0,21,0.5946,True
a5b2c3a8-bc2c-484d-b7de-6fe4edef5a3d,item_not_received,home_goods,upi,1029.64,2,21,delivered_no_signature,True,0.638,0.798,0,44,0.9071,True
f5d4c99b-2c26-471c-adc2-8d11ef7c4d74,not_as_described,beauty,upi,826.2,4,14,signed_confirmation,False,0.895,0.552,0,131,0.4157,False
b67ca444-f6a1-46c5-8d9d-046913f69e32,item_not_received,beauty,card,465.4,12,9,delivered_no_signature,True,0.579,0.453,0,44,0.3408,False
a5b96c71-40fd-4a0f-b186-e2e2d8e02b20,fraud_card_not_present,digital_goods,wallet,1212.84,5,12,signed_confirmation,True,0.882,0.773,0,1699,0.4376,True
8fef5fa0-bde3-4172-b6ac-70cb4cec5ab2,not_as_described,electronics,card,413.83,4,9,signed_confirmation,False,0.311,0.808,1,834,0.7684,True
1865cb7b-3a16-4700-b9b1-cdcd04c4dd79,fraud_card_not_present,digital_goods,card,3385.68,18,14,signed_confirmation,True,0.178,0.37,0,7,0.1819,False
3eba2903-cc3a-4cf3-a426-d0b1b6b5275b,fraud_card_not_present,home_goods,card,2367.94,34,17,delivered_no_signature,False,0.839,0.715,0,608,0.7799,True
0b9f9791-4b1c-4829-983a-e860de2ea3ae,subscription_not_cancelled,digital_goods,wallet,1481.94,10,3,in_transit,False,0.943,0.715,0,109,0.1034,False
32690fcd-3e4c-408c-9385-fe9e5555e71b,item_not_received,electronics,netbanking,2029.12,5,5,signed_confirmation,True,0.674,0.887,0,330,0.7297,False
c2e9257b-555b-430e-a3cf-87c42ca56d90,item_not_received,home_goods,upi,4298.42,1,14,signed_confirmation,True,0.748,0.932,0,325,0.9672,True
9514578b-0c3c-4bdc-83cf-6a75c09f5a9e,item_not_received,home_goods,card,737.39,16,1,in_transit,True,0.489,0.733,1,181,0.1804,False
2fc059d1-44e3-47ea-9aa6-ce105e869288,fraud_card_not_present,apparel,netbanking,237.43,14,14,in_transit,True,0.297,0.742,1,29,0.2792,True
887554f2-c0a7-4863-b837-32e552d36092,not_as_described,beauty,upi,621.85,11,4,delivered_no_signature,False,0.594,0.839,0,543,0.4613,True
a6b5245c-974f-4a77-a9e5-c0d4e00f5b4e,duplicate_charge,home_goods,card,983.84,12,17,signed_confirmation,False,0.728,0.636,0,117,0.5931,False
9f7f66f7-7d55-4d1a-b71c-31d1f575fc2a,item_not_received,home_goods,upi,1846.07,7,19,signed_confirmation,True,0.245,0.654,1,160,0.7742,True
4ea1ca5a-69d0-45d1-81e4-cb3b0466cb36,duplicate_charge,digital_goods,wallet,1750.82,3,15,delivered_no_signature,False,0.266,0.601,1,363,0.2424,False
39b0d5f1-e29f-4102-81c3-124181c2501d,not_as_described,groceries,upi,175.36,3,20,delivered_no_signature,False,0.387,0.733,1,1352,0.6283,False
6b242304-04b9-4398-8e85-c6726f4d7190,item_not_received,home_goods,upi,931.04,1,4,delivered_no_signature,False,0.412,0.589,0,96,0.8306,True
0b435ba9-3f2c-4747-9e42-587748cb4fd5,fraud_card_not_present,groceries,upi,2584.37,11,15,signed_confirmation,False,0.05,0.781,2,1157,0.0977,False
c7b5589e-1ed9-460a-94e4-fdf198bc6443,not_as_described,beauty,upi,1468.03,18,13,not_shipped,False,0.016,0.323,2,962,0.4844,False
c0d8ff8f-32b2-4b00-b978-9c55609eab15,fraud_card_not_present,beauty,card,2745.58,1,7,not_shipped,False,0.076,0.55,2,273,0.0297,False
9fa7fc40-0367-4419-926b-e01d16564fd9,not_as_described,electronics,card,1149.26,11,2,signed_confirmation,False,0.233,0.614,1,166,0.6386,False
0fcf6215-8fea-4910-a7c1-b6f83f89b6f1,not_as_described,apparel,card,407.47,11,16,delivered_no_signature,True,0.656,0.256,0,504,0.5031,False
d78cdf8a-23cf-48f1-b56a-ecda0fc56118,subscription_not_cancelled,apparel,card,756.64,35,11,in_transit,True,0.116,0.666,0,6,0.6195,True
832547bd-64a7-4b1b-bc8c-a6cc5469c582,not_as_described,apparel,card,1765.19,3,10,signed_confirmation,False,0.457,0.59,0,408,0.2278,False
9bb09ac1-b5a1-44b1-9fa6-8fc2d4a8bb89,not_as_described,digital_goods,card,2358.91,17,18,in_transit,True,0.606,0.482,0,338,0.3745,False
7b7ef636-b5e7-471a-8144-a4ef476aa2bd,fraud_card_not_present,groceries,card,176.02,6,13,not_shipped,True,0.337,0.341,2,124,0.1727,False
f890a5d2-59dd-4e85-8cc9-7fa5ab11745f,item_not_received,digital_goods,card,165.1,10,17,in_transit,False,0.6,0.575,1,186,0.0826,False
43320eca-6c9e-4e3d-907e-189e708f6a61,duplicate_charge,electronics,card,469.49,37,5,signed_confirmation,False,0.453,0.149,2,744,0.633,False
64fc4d00-0b45-4053-85c1-8808043644c1,fraud_card_not_present,electronics,upi,211.9,7,4,signed_confirmation,False,0.632,0.507,0,38,0.492,False
31359f25-7bea-4d68-b618-afa7a32b6a29,item_not_received,apparel,upi,1288.19,17,11,signed_confirmation,False,0.107,0.786,1,269,0.4031,False
32845fe6-41e0-4e39-9057-5357a5aa51b9,fraud_card_not_present,beauty,upi,1407.27,12,18,signed_confirmation,True,0.553,0.448,0,37,0.6513,False
ddd11bbb-4a8a-4f0a-8dc0-67a98ec13719,not_as_described,apparel,card,662.33,9,2,signed_confirmation,False,0.489,0.948,0,1488,0.8318,True
5e2eca80-c85f-42a7-880b-0f28e4a8d9cc,fraud_card_not_present,home_goods,card,2831.71,14,10,delivered_no_signature,False,0.633,0.672,0,296,0.5857,True
1daa6747-edb7-4540-b88f-fc3eac33b7b2,item_not_received,groceries,card,693.91,12,21,signed_confirmation,False,0.441,0.64,0,978,0.8008,True
99003bd7-d6a2-40bf-9d1b-7b2322fd016b,fraud_card_not_present,beauty,card,383.78,29,8,signed_confirmation,False,0.706,0.189,1,43,0.849,True
64409492-10a7-4e8e-a3d1-8fee695518b4,not_as_described,groceries,upi,769.73,3,21,signed_confirmation,False,0.835,0.667,2,363,0.6681,True
2db9e110-84b7-4970-9995-24bccb9b3e64,fraud_card_not_present,home_goods,upi,1253.24,5,18,signed_confirmation,False,0.271,0.792,0,457,0.4658,False
741138a4-09cb-4983-b918-708cd0b68032,fraud_card_not_present,groceries,card,1575.13,14,12,delivered_no_signature,False,0.871,0.576,1,101,0.4524,True
b7f25363-c04b-41db-8432-d8a3c0f15899,fraud_card_not_present,electronics,card,4562.87,16,15,delivered_no_signature,True,0.773,0.381,2,35,0.5444,False
f0ada36e-961b-4acb-8458-10979f5ef446,not_as_described,apparel,upi,1894.23,29,21,signed_confirmation,True,0.468,0.45,0,393,0.8413,True
77a0ac5a-1809-422a-9e07-b47cf139fb81,not_as_described,electronics,upi,1153.95,3,3,delivered_no_signature,True,0.448,0.615,0,114,0.432,False
6d86dbe2-754c-480c-9dbe-45425711e50a,fraud_card_not_present,electronics,wallet,636.31,6,8,delivered_no_signature,True,0.59,0.711,0,589,0.3531,False
ca9d177c-e2c1-4eca-a3fe-5adb0e70360d,not_as_described,apparel,card,266.17,11,18,signed_confirmation,False,0.528,0.556,0,534,0.5252,True
987d73c7-6b8e-427d-9180-06d80b658075,subscription_not_cancelled,digital_goods,card,168.74,17,16,signed_confirmation,True,0.57,0.681,0,588,0.6685,True
37c1d915-af18-4286-b3d0-02c911e62678,item_not_received,beauty,netbanking,1348.38,29,1,in_transit,False,0.274,0.743,0,214,0.2764,False
fbcfc75e-9903-4134-bb65-53c797be454a,item_not_received,electronics,upi,1002.78,4,6,signed_confirmation,False,0.365,0.465,0,1171,0.8554,True
e0d55572-ded2-4e70-b4d9-2f482465a1e1,item_not_received,home_goods,upi,1119.88,2,10,delivered_no_signature,False,0.709,0.578,0,264,0.869,True
3c5d4d8e-4c3a-4d9d-84fe-18c2e9f49616,fraud_card_not_present,beauty,upi,1607.63,9,6,delivered_no_signature,True,0.287,0.761,1,40,0.0295,False
85ee00e9-d1d9-43b9-9f46-ac9112fa720b,item_not_received,electronics,card,1135.2,12,21,signed_confirmation,True,0.901,0.356,0,108,0.6447,True
dcbfc2c0-e5f2-4d75-915c-a33144752696,fraud_card_not_present,digital_goods,card,691.86,11,10,signed_confirmation,False,0.449,0.557,2,61,0.0674,False
88dea1d4-ff01-4228-83bf-824021c043ae,item_not_received,electronics,card,2055.26,7,9,delivered_no_signature,False,0.151,0.63,0,60,0.4881,False
8e01e5f7-a050-432c-992a-8c0016ca94f0,fraud_card_not_present,apparel,card,862.22,4,16,signed_confirmation,True,0.673,0.155,1,281,0.5603,True
ff62c5ee-42fb-46ef-96e1-134c5c432cfb,not_as_described,beauty,card,2000.54,5,6,signed_confirmation,False,0.591,0.625,1,175,0.6179,True
a595148a-b999-4283-bbbe-03dac80ed7b7,fraud_card_not_present,digital_goods,upi,440.41,9,4,in_transit,False,0.613,0.785,0,678,0.4511,True
1c2a6ba4-9bb4-4505-a95b-255b5baff6e1,subscription_not_cancelled,groceries,upi,834.05,6,7,signed_confirmation,False,0.705,0.528,0,1195,0.5136,False
d67a34e4-359c-4036-8f8b-47f9674908e3,item_not_received,electronics,upi,626.66,9,9,in_transit,False,0.144,0.593,0,65,0.1507,False
b2e8d627-0899-46a4-afaf-c1d9da7b25ca,subscription_not_cancelled,beauty,wallet,404.22,8,14,signed_confirmation,False,0.578,0.332,1,277,0.8329,True
05918d3c-13e5-490f-872b-173a6f97634f,fraud_card_not_present,home_goods,card,381.09,5,21,delivered_no_signature,False,0.321,0.529,0,1341,0.6455,True
f74689c6-20bd-4b53-a19a-7396e303c577,item_not_received,apparel,wallet,2796.07,30,17,signed_confirmation,False,0.34,0.28,1,412,0.4496,False
a18d27e9-9be4-4a9f-8bf9-f7e2a543845b,not_as_described,beauty,netbanking,1765.9,18,9,not_shipped,False,0.292,0.895,0,690,0.8543,True
d6f4a342-7f63-4a14-ac23-69f6e148aefe,fraud_card_not_present,electronics,upi,338.43,3,8,signed_confirmation,False,0.191,0.349,0,292,0.405,True
13d44d7c-193b-4618-9833-50a96c1b6c92,subscription_not_cancelled,groceries,card,2688.48,5,20,signed_confirmation,False,0.511,0.866,0,520,0.549,False
fede2aae-f462-4f3a-a6e6-4edb141e78a0,fraud_card_not_present,groceries,card,353.97,16,7,delivered_no_signature,False,0.556,0.527,1,207,0.4665,True
2de79ac8-cd20-481d-9140-5a8395d512ca,fraud_card_not_present,digital_goods,wallet,2517.22,5,21,signed_confirmation,True,0.864,0.291,0,90,0.6559,True
b6e66a1c-625a-4488-858a-5ba3bdebf2d2,item_not_received,home_goods,upi,1074.0,19,4,signed_confirmation,False,0.406,0.621,2,101,0.7053,True
2f0bad59-d665-438f-988c-b78f84133085,not_as_described,groceries,card,5750.27,19,18,delivered_no_signature,True,0.419,0.801,1,638,0.7669,True
8307c34b-4b00-4f75-90b3-576e97f0e4c9,not_as_described,groceries,netbanking,130.45,4,15,signed_confirmation,False,0.29,0.575,0,527,0.3943,False
0f841341-74eb-494e-a682-7cdf368ab337,duplicate_charge,digital_goods,wallet,1163.94,17,5,not_shipped,False,0.574,0.763,1,13,0.4742,True
c99e7b6d-6b0f-4f53-973e-b23d27242632,not_as_described,home_goods,card,427.09,9,6,signed_confirmation,False,0.267,0.482,1,169,0.5849,True
a040df7b-9ef1-4039-a8b7-1f6ac0f26f50,item_not_received,digital_goods,card,876.39,4,14,in_transit,False,0.567,0.717,0,124,0.1163,False
36ead66a-761e-43f1-8830-08747eb5cf00,duplicate_charge,beauty,card,268.17,2,1,signed_confirmation,False,0.335,0.737,2,328,0.6011,True
284c717c-e9c5-4ffe-af13-baa13aa4deec,item_not_received,groceries,wallet,273.45,1,1,in_transit,False,0.521,0.775,0,50,0.0816,False
c14f6187-e839-485f-859a-258aa602655c,item_not_received,groceries,card,2530.16,15,17,signed_confirmation,False,0.25,0.368,1,1249,0.4857,True
c71555ac-eeef-48a5-b322-15b785d8ecb0,duplicate_charge,digital_goods,card,616.47,17,1,signed_confirmation,True,0.568,0.768,0,89,0.7552,True
dbe61c8b-060a-4b94-b020-c9804e09494d,duplicate_charge,apparel,card,2759.83,31,10,not_shipped,True,0.177,0.607,0,1147,0.7215,True
917ecd75-efde-44df-9477-a8c29db06bed,duplicate_charge,apparel,upi,280.49,4,14,signed_confirmation,True,0.272,0.335,1,8,0.3043,True
717ba77e-d6c5-4359-a699-dea8dc6a53b9,item_not_received,electronics,card,3482.15,1,6,signed_confirmation,True,0.62,0.369,0,346,0.9327,True
7e418a43-fa14-4b57-9f4e-1b725363f2e8,subscription_not_cancelled,beauty,netbanking,1241.69,22,14,signed_confirmation,True,0.258,0.892,1,1371,0.5815,False
70bd6321-e144-474c-9626-5c95cd570613,fraud_card_not_present,electronics,upi,615.96,6,3,signed_confirmation,True,0.515,0.831,0,110,0.7556,True
3eda0815-e3b5-4c3b-b085-6c63c0ed7d53,duplicate_charge,apparel,card,1516.12,3,16,signed_confirmation,True,0.388,0.299,0,6,0.8446,True
fee46c6a-1685-45d9-b7fd-1193daea6313,not_as_described,groceries,card,307.51,12,6,in_transit,True,0.078,0.649,1,75,0.8819,True
4b221f5e-5d06-42cc-8730-b0babafd6753,duplicate_charge,apparel,upi,641.55,2,19,signed_confirmation,True,0.785,0.744,0,554,0.701,True
5254073e-6eeb-432f-8a0b-79709ab0d8f4,item_not_received,apparel,upi,1718.85,28,10,in_transit,False,0.474,0.391,2,203,0.1887,False
18d4bbfc-abd2-4b85-8c6f-2279c23d7930,item_not_received,digital_goods,upi,4585.12,2,17,delivered_no_signature,True,0.362,0.419,1,21,0.7385,True
63a50869-f3e8-4d85-97ab-577f50aa12ca,not_as_described,digital_goods,upi,5879.48,20,17,signed_confirmation,False,0.79,0.7,2,125,0.6792,True
92a84c2f-8a7a-432b-8ddb-71e72585c4fd,item_not_received,apparel,card,803.01,1,20,signed_confirmation,True,0.585,0.802,0,931,0.9222,False
fe19d2dd-b6b1-4c8c-b8c3-7e6363866aa8,not_as_described,digital_goods,card,929.33,1,8,signed_confirmation,True,0.413,0.75,1,69,0.5955,True
b5bbc685-5953-4b57-9820-021eed5b993f,fraud_card_not_present,groceries,card,313.74,3,19,delivered_no_signature,True,0.551,0.86,0,26,0.4331,True
39fe24ec-82ab-4d06-9c93-b1035eac20b0,duplicate_charge,electronics,upi,933.57,16,6,signed_confirmation,False,0.429,0.946,1,577,0.4142,False
0ba9da64-7be2-459f-b1d6-1767e027d1f0,fraud_card_not_present,electronics,upi,457.0,4,19,signed_confirmation,True,0.682,0.288,0,491,0.7298,True
cd53012b-f943-428c-af04-57a381699c23,subscription_not_cancelled,groceries,netbanking,359.72,22,8,signed_confirmation,False,0.622,0.317,2,168,0.6114,False
4cf65b57-926e-4cf4-9757-24e397a232c0,not_as_described,home_goods,wallet,114.78,9,8,delivered_no_signature,True,0.913,0.626,0,488,0.7433,True
2a933943-92de-4e3c-812f-89fdd4c506f6,subscription_not_cancelled,home_goods,wallet,2636.02,19,15,delivered_no_signature,True,0.801,0.616,0,175,0.6813,False
9d0e565a-0c47-467f-8ddd-a420ea1cfb09,fraud_card_not_present,apparel,upi,1185.92,3,16,not_shipped,False,0.807,0.862,0,9,0.742,True
fd88bacb-3f55-4929-b64b-6644bc0bf7bc,fraud_card_not_present,home_goods,card,819.89,28,2,signed_confirmation,True,0.848,0.294,0,179,0.8028,True
6f4deaf1-339b-438b-ab40-35b30665bfd3,not_as_described,electronics,upi,537.18,9,3,not_shipped,True,0.178,0.76,1,35,0.5932,True
eef42138-864b-4cca-b568-f190758532fd,not_as_described,apparel,card,1211.06,33,6,in_transit,True,0.155,0.308,2,202,0.1929,False
643e0049-6091-4b81-ad48-dcce3a0a00db,fraud_card_not_present,electronics,netbanking,1049.34,2,17,not_shipped,False,0.628,0.347,3,114,0.0718,False
53029483-0d6c-4541-9ca2-30d4260409ef,item_not_received,groceries,upi,1415.82,5,19,delivered_no_signature,False,0.153,0.34,0,402,0.5712,True
2b2bdc70-0c4e-4bd8-9506-68e9631036ad,item_not_received,home_goods,upi,597.21,21,8,not_shipped,True,0.817,0.238,2,121,0.0449,False
b2de4996-20df-4cbe-a2fb-740a097e2096,item_not_received,digital_goods,upi,779.58,22,5,signed_confirmation,False,0.468,0.38,0,985,0.7528,False
520a349d-349f-455c-87c4-986b08da7aa0,item_not_received,digital_goods,card,2340.35,5,2,signed_confirmation,False,0.724,0.365,0,189,0.6189,False
d4bca2f9-749d-42cc-8d28-40462c357fea,fraud_card_not_present,electronics,upi,2154.48,1,13,delivered_no_signature,True,0.262,0.919,0,68,0.3616,True
57eb92ed-71f8-47a4-a64c-cabee0ec0ee2,subscription_not_cancelled,apparel,card,1078.71,3,19,delivered_no_signature,False,0.527,0.209,0,296,0.4408,False
7dab77c6-b18c-4a98-b154-34bd2d61c922,fraud_card_not_present,apparel,card,2619.63,5,6,delivered_no_signature,True,0.381,0.845,0,1472,0.4644,False
d0c62870-06a0-43dd-9eae-1f77cd71c834,subscription_not_cancelled,groceries,wallet,726.5,10,7,signed_confirmation,False,0.127,0.868,1,971,0.7815,True
fb4b18e9-c5a1-471e-a772-0cba42bf8609,fraud_card_not_present,digital_goods,upi,543.48,24,11,delivered_no_signature,False,0.499,0.54,0,252,0.4587,True
23701703-7e50-47b8-9976-a8730f1e24fd,subscription_not_cancelled,apparel,netbanking,1243.58,37,2,not_shipped,False,0.204,0.888,1,420,0.8041,True
158cea32-68b9-4d69-a6d9-6d6d4035f62d,item_not_received,beauty,card,723.19,7,13,in_transit,False,0.942,0.655,1,439,0.5848,True
8f4d9ee6-de52-4577-a32e-b3845ee40c71,subscription_not_cancelled,apparel,wallet,526.25,13,4,signed_confirmation,False,0.76,0.606,1,386,0.3962,True
5d6a6f00-40df-4664-86b7-97876432579e,not_as_described,digital_goods,upi,457.14,18,16,in_transit,False,0.667,0.242,0,152,0.149,False
d0a43ae0-68a0-436a-86cb-dd56051f6d70,item_not_received,groceries,card,670.38,7,19,delivered_no_signature,False,0.671,0.849,1,1382,0.533,True
44262487-3a97-440d-b20e-f5aceffeec4f,duplicate_charge,apparel,upi,3132.9,5,19,delivered_no_signature,True,0.465,0.833,0,64,0.8526,True
3b932e76-04df-4b7f-a9a3-cacc0ea2a23a,fraud_card_not_present,electronics,upi,591.89,10,21,in_transit,False,0.167,0.749,2,399,0.0397,False
5a0d601c-2466-496d-b7d0-992be5be5816,duplicate_charge,electronics,upi,1007.31,5,7,signed_confirmation,False,0.883,0.734,0,780,0.6332,True
4f6a2326-cda9-4e36-9645-c9ae34097c30,item_not_received,digital_goods,card,745.0,50,5,in_transit,False,0.479,0.488,1,373,0.2554,False
953ece1d-a96e-4554-a162-5c6e16a2c3be,not_as_described,digital_goods,card,483.85,14,13,signed_confirmation,True,0.864,0.882,1,594,0.8866,True
34cfb79b-46b2-46b1-892d-f9be679eac3d,not_as_described,beauty,upi,1149.9,4,6,signed_confirmation,True,0.812,0.687,1,203,0.6721,False
dabde030-4326-479c-9aa8-aca64f4effb1,item_not_received,apparel,upi,887.76,1,14,delivered_no_signature,False,0.569,0.539,1,208,0.8176,True
f6856cfc-7a1a-4b10-939b-936cc6a93ee6,item_not_received,digital_goods,card,346.88,14,12,signed_confirmation,False,0.518,0.574,0,553,0.5531,True
3bb56db9-85f5-4188-ab2f-eef0faf34e24,not_as_described,electronics,upi,609.36,14,5,signed_confirmation,False,0.529,0.304,1,213,0.5455,True
79d7af13-495e-4c73-985b-966dffb1c025,fraud_card_not_present,beauty,upi,3707.12,9,21,signed_confirmation,False,0.165,0.483,3,318,0.3752,False
827adb23-57a0-4631-9bea-0be08d3116ac,item_not_received,apparel,wallet,1308.99,2,12,signed_confirmation,False,0.242,0.486,0,132,0.8175,True
d0edc7b2-291d-4e04-abc4-d851569d1dd8,item_not_received,beauty,upi,443.51,1,3,delivered_no_signature,False,0.171,0.778,1,79,0.8597,True
f5fbd08b-b1a7-49e0-90f3-88803cd8176c,fraud_card_not_present,apparel,card,1182.45,5,12,not_shipped,False,0.333,0.867,1,1010,0.0802,False
cbaf50b4-1ba5-4eaa-9b1b-56038f39896a,not_as_described,home_goods,netbanking,1115.81,12,10,in_transit,True,0.542,0.222,0,430,0.7391,True
298d8d5f-820a-4171-bdd8-4a6e195745e1,fraud_card_not_present,digital_goods,card,552.42,1,13,delivered_no_signature,False,0.394,0.792,0,420,0.4106,True
2d68070f-8406-4137-89b9-d19fdab29922,fraud_card_not_present,beauty,upi,4813.07,20,13,signed_confirmation,False,0.335,0.502,0,118,0.2831,False
249b3f04-ff4a-49ff-aac7-cb3099f93e8b,duplicate_charge,beauty,netbanking,1127.87,4,3,not_shipped,False,0.398,0.458,1,69,0.6997,True
09bf9327-ad4a-439f-b422-8657ea8575ea,not_as_described,groceries,wallet,88.31,25,12,delivered_no_signature,False,0.263,0.733,0,123,0.5871,True
85475a0b-51e2-4187-b9d3-ca3dd8fa66b3,subscription_not_cancelled,groceries,card,188.23,29,6,signed_confirmation,True,0.387,0.646,0,91,0.5086,True
07cf891c-443d-4254-87fb-156b233c03cb,item_not_received,digital_goods,card,615.86,21,10,signed_confirmation,False,0.242,0.729,0,57,0.9123,True
a62cdb6b-ef95-4bc6-9e71-1cfe1a490c87,fraud_card_not_present,electronics,card,967.4,43,16,signed_confirmation,False,0.419,0.654,1,342,0.3959,True
64307e82-401b-4256-a7a5-f0c67e652ed5,not_as_described,beauty,upi,535.48,19,10,in_transit,False,0.308,0.661,1,105,0.2173,False
5bc5ffe9-aad4-41a9-a68a-b365f53c9e11,not_as_described,groceries,wallet,1998.85,5,7,signed_confirmation,False,0.833,0.495,1,725,0.2302,False
e38d8218-3a67-48af-a8af-ff9fc7bbb290,subscription_not_cancelled,beauty,card,2793.58,3,1,delivered_no_signature,False,0.868,0.097,0,477,0.5546,False
51b677a5-17e4-4c95-9cb2-ce083ffd740f,item_not_received,groceries,netbanking,447.08,2,11,in_transit,True,0.436,0.735,1,437,0.2914,True
8422ffac-ca75-453e-8e90-d6d1940adce8,not_as_described,electronics,card,2532.67,6,6,signed_confirmation,False,0.614,0.69,2,685,0.4634,True
46fdbf09-e3f3-46de-9cbf-21f4511df701,duplicate_charge,home_goods,wallet,425.48,28,3,delivered_no_signature,False,0.736,0.484,1,485,0.1614,False
63f9ff27-bb04-40c9-9a12-01d790049037,subscription_not_cancelled,digital_goods,card,1252.18,8,19,signed_confirmation,False,0.537,0.783,1,101,0.3078,False
142114fd-d4e4-45b9-892b-ab56ffb3b9b2,fraud_card_not_present,home_goods,upi,862.97,8,2,in_transit,True,0.471,0.576,0,530,0.1345,False
4dde42f3-c4d7-43db-922f-f18f87f7e5db,fraud_card_not_present,groceries,card,327.06,4,17,delivered_no_signature,False,0.576,0.725,0,97,0.7762,False
d1accefd-a81b-428e-bf8d-4b84bee218dd,item_not_received,home_goods,card,589.44,10,8,delivered_no_signature,True,0.194,0.541,2,23,0.7523,True
56501d72-ab18-40cb-9b38-4a8879d36fdb,item_not_received,digital_goods,wallet,1499.61,4,8,delivered_no_signature,True,0.338,0.805,0,20,0.8406,False
3a89e84d-56ff-44ec-9c5d-19bd54e09183,fraud_card_not_present,groceries,upi,1527.19,4,10,delivered_no_signature,False,0.483,0.78,2,42,0.2415,True
3bc14bd9-29e8-4894-af6f-8709ed75d9f1,subscription_not_cancelled,digital_goods,card,165.99,19,13,signed_confirmation,False,0.443,0.875,0,43,0.5891,True
46290488-b2fd-494b-8361-0cac1544a55e,not_as_described,electronics,card,780.59,7,21,delivered_no_signature,False,0.281,0.889,1,184,0.3795,False
45192275-8e4e-48b9-b9cb-29c8c9626613,fraud_card_not_present,groceries,upi,1984.39,5,9,signed_confirmation,False,0.198,0.389,0,259,0.2111,False
eccb75bc-9289-4d6f-9b08-6068faff623a,item_not_received,electronics,card,2810.34,1,11,delivered_no_signature,False,0.506,0.681,1,40,0.8842,True
a74fa627-c72d-41c0-baee-cc26482c72c6,not_as_described,groceries,card,586.07,12,20,delivered_no_signature,False,0.707,0.539,0,398,0.087,False
0e34c856-9005-46dd-a832-f38db43c227d,duplicate_charge,electronics,upi,929.33,1,3,delivered_no_signature,False,0.752,0.582,2,401,0.2122,False
47ed9e6f-e9f7-4eba-b2c0-f048af9a4a2c,item_not_received,groceries,card,609.89,19,19,signed_confirmation,False,0.572,0.735,0,163,0.8251,True
e6cf69f1-dec7-4d54-8b88-ae76d2e93ba8,duplicate_charge,apparel,card,3823.24,7,3,signed_confirmation,False,0.425,0.752,1,380,0.7508,True
3ef0e03e-1024-4b76-a87d-eff436c11e86,item_not_received,home_goods,netbanking,359.45,6,7,delivered_no_signature,True,0.934,0.429,0,145,0.7202,True
cdbd076b-3b1e-4e74-84d4-1ba8eec17ae3,subscription_not_cancelled,groceries,netbanking,3429.03,4,11,not_shipped,False,0.101,0.746,0,1527,0.7433,True
f441f5a5-0050-4435-b61b-11bf42812295,subscription_not_cancelled,electronics,netbanking,561.24,5,12,in_transit,False,0.941,0.342,0,143,0.5319,True
cf4e4dbd-0180-452d-90e2-1fb9d157128d,item_not_received,home_goods,card,563.29,1,18,signed_confirmation,True,0.51,0.208,0,398,0.8097,False
d4ac0731-04ae-4427-a78c-c99cc674af2e,duplicate_charge,home_goods,netbanking,1081.16,10,14,delivered_no_signature,False,0.472,0.835,1,191,0.5381,False
39711e3f-cf04-41d8-8ec7-92d20b4a1180,not_as_described,home_goods,upi,2289.3,5,6,signed_confirmation,False,0.733,0.741,0,1017,0.6104,True
69bc5292-aa1a-42f4-a69e-21c91ef3c749,not_as_described,apparel,card,249.66,2,11,signed_confirmation,False,0.255,0.744,0,1051,0.4749,True
2e447110-b1a3-454e-b2d7-97a4b68c6f1e,fraud_card_not_present,electronics,card,398.06,7,10,in_transit,True,0.716,0.581,0,514,0.6006,False
5b405ba3-7b57-4c6f-99a1-c764e2c91886,not_as_described,groceries,card,3087.09,15,5,signed_confirmation,False,0.535,0.706,0,1507,0.4942,False
54fbbe76-fce4-4443-be7d-d11d9adfad95,item_not_received,groceries,upi,496.15,9,17,in_transit,False,0.764,0.774,0,710,0.4735,False
9178bc78-9e22-45d8-8f7f-8aaf5bdfdb6e,not_as_described,digital_goods,upi,769.58,11,3,signed_confirmation,False,0.606,0.747,0,58,0.7605,True
51539e21-94b3-451a-a3de-62be08f9e302,subscription_not_cancelled,home_goods,card,907.52,19,13,in_transit,True,0.554,0.544,1,328,0.4846,True
2d88ef37-63f8-4a01-9e4e-2d34874a2483,duplicate_charge,electronics,upi,367.26,27,7,signed_confirmation,True,0.351,0.164,0,157,0.8864,True
fb1d168f-58a5-4a4c-aeef-deb1377c23c5,fraud_card_not_present,digital_goods,card,613.98,9,13,in_transit,False,0.428,0.604,1,39,0.2183,False
bd0e56db-b7b6-4249-9df1-88c3c71e2199,subscription_not_cancelled,groceries,upi,1372.59,5,3,in_transit,False,0.351,0.783,0,808,0.2822,False
382144c3-414f-416b-b30b-561bc12210ba,item_not_received,apparel,card,2149.7,1,6,not_shipped,False,0.578,0.718,1,890,0.089,False
f1ed0477-d19e-4c34-8654-d3da7f58203b,not_as_described,digital_goods,upi,618.49,11,5,delivered_no_signature,True,0.073,0.371,1,535,0.8673,True
a4de4938-b385-4c0a-8904-9e9bc52be4cf,item_not_received,digital_goods,card,365.87,17,6,delivered_no_signature,False,0.111,0.334,1,648,0.282,True
7f723e46-1c5d-4c4f-8d2d-53e421a509ee,not_as_described,electronics,card,1830.89,16,21,delivered_no_signature,False,0.485,0.883,2,390,0.8261,True
c93c036a-f34c-44c0-ad3f-a78158537402,fraud_card_not_present,beauty,upi,630.66,16,21,not_shipped,False,0.55,0.691,0,357,0.4005,True
b7d1a018-0486-4fc6-b5db-d73ffdb02569,fraud_card_not_present,electronics,card,2507.98,11,10,delivered_no_signature,False,0.09,0.923,0,133,0.27,False
96e5dcc2-e753-4b05-bcfb-0dfd88ca48ea,item_not_received,home_goods,upi,524.92,13,15,signed_confirmation,True,0.52,0.42,1,337,0.9313,True
40192b6c-08cf-4f30-8541-a19a9764c610,subscription_not_cancelled,beauty,card,563.54,4,3,delivered_no_signature,False,0.518,0.337,1,333,0.4917,False
4a41da41-2253-4914-bc39-e0f8f2e09df8,not_as_described,beauty,upi,1348.24,2,5,signed_confirmation,True,0.327,0.311,1,411,0.3192,True
d4f4b689-c9bb-4849-b265-acd08aed7904,item_not_received,digital_goods,card,3947.15,2,7,signed_confirmation,True,0.262,0.721,1,797,0.8785,False
b401d4ac-873b-4ddc-afd6-9819306eaca0,item_not_received,digital_goods,netbanking,1582.61,8,5,not_shipped,True,0.18,0.843,1,680,0.4529,True
53148662-36f5-48ba-ba0f-68c34e70d6f8,duplicate_charge,digital_goods,wallet,1498.97,7,13,signed_confirmation,False,0.478,0.391,1,326,0.7484,False
ed9c034e-110e-409c-af64-ca7fcde5a50c,duplicate_charge,digital_goods,upi,1064.07,7,1,delivered_no_signature,True,0.07,0.962,1,260,0.5324,False
2450dd74-99d6-47b4-9721-38f93e0cf4e0,not_as_described,beauty,card,509.86,7,11,signed_confirmation,False,0.548,0.748,0,667,0.6515,False
30c8e427-4cb8-410a-8baa-87196800e94e,fraud_card_not_present,digital_goods,card,802.79,1,21,in_transit,False,0.602,0.703,0,1746,0.6296,True
8e9f0a86-b148-40a4-82b9-7f505b4545c9,not_as_described,apparel,card,646.64,13,4,in_transit,False,0.376,0.327,0,842,0.5906,True
849c8063-5b53-4d5e-8ed4-ea42377f5692,item_not_received,apparel,card,410.8,11,13,signed_confirmation,True,0.691,0.636,1,1945,0.7647,True
c53983e5-1021-439e-a863-317ca1646dc1,duplicate_charge,electronics,card,871.89,20,21,delivered_no_signature,True,0.541,0.428,0,1087,0.8082,False
642d1edb-d52b-4928-a217-c261074e8ce4,not_as_described,electronics,wallet,1288.96,32,15,not_shipped,True,0.252,0.793,2,474,0.5266,False
6bb68d53-afcc-470e-9025-ff2296902288,fraud_card_not_present,home_goods,upi,4640.07,12,2,signed_confirmation,False,0.632,0.636,2,254,0.4353,False
9e8fce69-d93a-40e4-af8e-44e095ab3aa3,not_as_described,beauty,card,3305.75,4,2,delivered_no_signature,False,0.026,0.496,0,142,0.2049,False
bdb33a83-4fef-4d04-96d5-9bc0a60c3be6,not_as_described,electronics,upi,781.81,35,19,signed_confirmation,True,0.175,0.65,1,368,0.856,True
3021e32f-e740-401c-bd00-671290a35275,duplicate_charge,apparel,upi,210.98,2,9,signed_confirmation,True,0.513,0.577,0,1018,0.9277,True
318429de-3620-4798-84f3-1bfa3a91d627,subscription_not_cancelled,apparel,upi,1823.15,3,1,signed_confirmation,False,0.243,0.684,1,33,0.2843,False
65c4c807-ddb9-4063-b9a3-71303e417f08,item_not_received,electronics,wallet,2001.74,3,19,delivered_no_signature,False,0.613,0.798,1,346,0.5448,False
2b494e2a-6f19-4797-aa9f-32732a5ce456,item_not_received,digital_goods,wallet,508.06,20,12,delivered_no_signature,False,0.637,0.856,0,87,0.4069,True
d7b92e69-c724-45e2-a157-321b92c5019a,item_not_received,digital_goods,upi,509.4,4,11,delivered_no_signature,False,0.305,0.426,0,747,0.7723,True
c7c137e1-5290-44f0-9855-06d1cc24981b,not_as_described,beauty,card,3329.39,59,5,signed_confirmation,False,0.612,0.364,0,476,0.4995,False
29e59089-58e2-40f1-aa18-0e9ac994b988,subscription_not_cancelled,digital_goods,card,215.6,2,17,signed_confirmation,False,0.732,0.676,1,390,0.6008,False
56745a7a-a332-49b8-8c2f-5ce48bea5ef9,item_not_received,beauty,card,588.55,1,11,delivered_no_signature,True,0.565,0.161,0,204,0.8834,True
fd41e063-5cf4-4094-9a44-9e8b98d61e6a,not_as_described,beauty,wallet,144.98,8,1,signed_confirmation,False,0.622,0.479,0,682,0.5318,False
ecb07bc3-63be-4c95-800b-59455cee8b49,fraud_card_not_present,digital_goods,upi,1011.13,9,17,signed_confirmation,True,0.905,0.173,0,1809,0.8472,True
968e980a-6b3e-4452-ab01-89244650aac5,duplicate_charge,electronics,card,4769.7,3,3,in_transit,True,0.363,0.664,1,62,0.8857,True
04cedeaa-fcfd-4c46-a6eb-065328b0df89,item_not_received,apparel,upi,1088.89,23,13,signed_confirmation,False,0.73,0.682,0,340,0.8685,True
0c5b18a5-d577-425e-8fb5-79a832d9d192,fraud_card_not_present,groceries,upi,1817.12,21,6,signed_confirmation,False,0.137,0.582,0,11,0.7602,False
263dbe97-f6a4-48ee-bf99-3cd202b94564,not_as_described,beauty,card,1015.3,15,15,delivered_no_signature,True,0.971,0.669,0,402,0.6451,True
883270c5-ae12-4cfe-a94c-ce17e4c2332a,item_not_received,apparel,wallet,7227.93,34,18,signed_confirmation,True,0.483,0.93,1,670,0.8167,True
1834e3e6-6045-45a8-b5e8-16f350509dc4,subscription_not_cancelled,groceries,card,1675.34,21,21,signed_confirmation,True,0.531,0.548,1,99,0.2546,False
392ecc51-b077-4f91-889f-e4d8e3f032f6,item_not_received,apparel,netbanking,693.94,18,20,delivered_no_signature,False,0.707,0.383,1,21,0.3539,False
6159bca9-2bc6-4a98-a63b-6ace9cd26e59,fraud_card_not_present,home_goods,wallet,1572.07,37,1,signed_confirmation,False,0.664,0.571,1,24,0.6417,True
e7f4fc7c-b7a3-42e7-9c3e-f4a0d98574e3,item_not_received,digital_goods,card,139.33,19,7,delivered_no_signature,False,0.523,0.691,1,673,0.6923,False
45e6f2ca-7ff9-4dc2-a5b7-a9f3b0c0db7e,subscription_not_cancelled,digital_goods,netbanking,2079.56,9,19,delivered_no_signature,True,0.132,0.426,0,92,0.3046,False
2971afd7-f806-4e54-8369-5b1896dccbd3,duplicate_charge,groceries,card,1158.26,10,12,signed_confirmation,False,0.665,0.938,2,113,0.4689,False
6fa6203f-63db-4586-9dde-a52ca44a500b,not_as_described,apparel,upi,722.98,9,3,signed_confirmation,False,0.295,0.836,2,778,0.8766,False
eb7688d0-b72a-4d71-b0e3-9f91c1a50080,subscription_not_cancelled,apparel,upi,1863.18,4,1,signed_confirmation,True,0.342,0.529,0,486,0.688,False
62b5e04c-bd3f-4644-8e8a-98ddd75c6467,not_as_described,home_goods,netbanking,510.76,9,2,delivered_no_signature,True,0.722,0.652,0,32,0.8949,True
9f8657bf-b2fa-416f-a6c5-e0039eefa63c,fraud_card_not_present,home_goods,upi,727.89,2,4,signed_confirmation,True,0.617,0.679,0,509,0.7818,True
2946a8f2-9ecd-4095-868d-54093899fd82,duplicate_charge,digital_goods,upi,632.74,1,12,not_shipped,False,0.59,0.635,2,423,0.2218,False
d0b37d12-361c-468c-ac0a-2096a9f553a5,subscription_not_cancelled,groceries,card,240.49,32,15,not_shipped,False,0.459,0.672,0,1162,0.7976,True
fca2bd46-9294-4aa0-b1d3-c0f9f67f149c,not_as_described,digital_goods,upi,290.94,13,11,in_transit,True,0.535,0.151,1,230,0.5131,False
04c78945-92b3-4713-bf29-89a8db957991,fraud_card_not_present,groceries,upi,708.7,1,14,delivered_no_signature,True,0.351,0.375,0,464,0.4023,False
8937bc49-5f13-4d5d-b56b-f6ca85a3cc43,subscription_not_cancelled,beauty,wallet,336.67,12,4,not_shipped,True,0.592,0.716,1,649,0.6198,False
fc5816aa-432d-4736-bbe0-af27fe977ebc,fraud_card_not_present,home_goods,card,2213.3,25,12,signed_confirmation,True,0.781,0.571,0,64,0.6289,True
ac9f23ac-9f1a-4a3e-844b-5ae6cd168593,item_not_received,beauty,card,712.02,12,13,in_transit,True,0.469,0.79,0,317,0.7123,True
89218311-be5c-4fce-83e8-e4d66cc7f8b7,duplicate_charge,home_goods,card,469.48,7,21,delivered_no_signature,False,0.491,0.351,1,274,0.67,True
5b7d98f5-d778-488f-88ca-ec245efc7883,fraud_card_not_present,electronics,upi,1076.1,40,7,signed_confirmation,True,0.639,0.437,0,196,0.4823,False
09c05434-9484-4df5-851a-1d63592d6bc4,fraud_card_not_present,beauty,card,975.5,5,19,in_transit,False,0.461,0.557,0,528,0.576,False
0413dfff-8d69-4ae4-8091-26d7fa1e6a74,fraud_card_not_present,digital_goods,upi,260.67,22,3,delivered_no_signature,True,0.27,0.803,0,53,0.1637,False
39c757df-6b81-4e4d-88d1-fd9534d5230f,item_not_received,electronics,card,394.71,14,4,signed_confirmation,False,0.144,0.688,1,383,0.8841,True
3c0b1deb-e924-4b78-89a1-c4cd40abf84b,item_not_received,home_goods,card,747.34,14,4,signed_confirmation,True,0.492,0.446,0,823,0.7602,True
df6b97e6-6470-456c-9ce2-944124cea7a3,not_as_described,apparel,wallet,2195.25,11,19,delivered_no_signature,False,0.758,0.621,0,607,0.5395,False
2c5078ff-0229-4e92-8849-d3475a79eb2f,fraud_card_not_present,digital_goods,upi,851.37,1,15,signed_confirmation,True,0.938,0.613,0,887,0.8066,True
f9b7a7fc-cae4-46ec-bedb-2c93945400d1,fraud_card_not_present,apparel,card,613.61,21,2,signed_confirmation,True,0.806,0.604,0,680,0.4568,False
1f360bdc-37a8-4884-b92e-030ef307b52d,fraud_card_not_present,groceries,upi,807.03,2,4,signed_confirmation,True,0.65,0.937,0,267,0.8628,False
e97ab14f-c306-4e3b-bb85-70966f742110,duplicate_charge,electronics,card,562.34,4,8,signed_confirmation,False,0.519,0.56,0,268,0.9553,True
e1187d93-a3b2-4b5d-949a-ef86353cc4a9,item_not_received,digital_goods,upi,142.89,4,18,delivered_no_signature,True,0.535,0.47,1,742,0.3574,False
b902704f-6f6e-4321-bcb1-428c507e1091,duplicate_charge,home_goods,card,801.73,5,16,not_shipped,True,0.498,0.556,0,601,0.902,True
2a227831-f11b-4bb2-8113-96f4eec438fc,fraud_card_not_present,groceries,netbanking,1190.83,5,14,signed_confirmation,False,0.604,0.624,1,83,0.2254,False
57278b03-6f8d-4124-a78b-d8d914fadc48,subscription_not_cancelled,home_goods,wallet,1461.71,7,11,signed_confirmation,False,0.378,0.241,0,1326,0.5778,False
99f5637b-bbfa-459c-9534-ca148299c43b,not_as_described,digital_goods,card,720.89,6,3,in_transit,False,0.287,0.733,0,323,0.3849,False
90feeb27-178d-45df-b114-248effc2f3b8,fraud_card_not_present,electronics,card,438.98,7,3,signed_confirmation,False,0.748,0.718,1,169,0.2921,False
9137996c-dba0-4059-a9e5-64a5a0ca88b9,duplicate_charge,apparel,netbanking,2370.27,21,19,in_transit,False,0.51,0.54,0,43,0.3222,False
42b2c82f-d6e2-4190-bdc1-46f96dd1e080,item_not_received,home_goods,card,962.84,6,4,signed_confirmation,False,0.716,0.756,1,36,0.6769,True
78b08799-3c6c-4e14-9c64-fc40241a88b0,subscription_not_cancelled,apparel,card,1117.71,4,15,signed_confirmation,True,0.538,0.731,1,85,0.8046,True
e0535c57-8a5b-4250-a971-455a1ec6883c,duplicate_charge,home_goods,card,1575.4,9,16,signed_confirmation,False,0.533,0.35,1,234,0.574,False
2d0da66b-24bd-4683-acdf-1c5dac42d67f,item_not_received,digital_goods,upi,755.58,8,12,signed_confirmation,True,0.712,0.296,2,59,0.6852,True
feb15d90-fbaf-48dc-863a-02a5c60ad533,item_not_received,home_goods,wallet,2156.98,2,13,signed_confirmation,False,0.852,0.601,1,430,0.8753,True
cc111654-df10-43c9-a98f-05f325a33762,subscription_not_cancelled,beauty,netbanking,329.8,7,19,delivered_no_signature,False,0.292,0.882,0,218,0.7018,True
3ef23a75-88cf-4323-977e-7d07819255e9,item_not_received,groceries,netbanking,3473.18,1,1,signed_confirmation,True,0.107,0.759,0,282,0.7277,True
4905d7a8-d988-45f0-950b-5430f9f17e7c,duplicate_charge,digital_goods,card,1093.59,18,20,in_transit,False,0.65,0.538,0,359,0.8054,False
d7999170-942c-4087-aebd-2c3a1cb3bcb1,not_as_described,groceries,card,284.63,2,15,signed_confirmation,True,0.86,0.538,0,188,0.4541,False
3496223b-6f58-4325-97cc-ac800e30cabf,subscription_not_cancelled,groceries,netbanking,1989.48,4,2,delivered_no_signature,False,0.465,0.262,0,27,0.7169,True
c29dda29-a08d-464f-bca6-9d06bec22246,fraud_card_not_present,digital_goods,wallet,2363.82,8,8,signed_confirmation,False,0.352,0.642,1,252,0.4753,True
8dd97aaa-b5f8-43a1-b652-77493f3ab7b8,item_not_received,home_goods,card,548.85,4,1,signed_confirmation,False,0.897,0.831,0,333,0.5025,False
180fbe82-b298-46b5-a513-bbbc863492e5,duplicate_charge,apparel,upi,117.56,1,5,delivered_no_signature,False,0.423,0.214,0,1603,0.3366,False
92a1411c-89a6-40f3-96a3-abf30bb1083e,not_as_described,groceries,upi,839.7,31,16,delivered_no_signature,True,0.494,0.722,1,153,0.6564,True
af443cfa-8992-482b-8d5f-88e7cb54ee8d,fraud_card_not_present,apparel,wallet,432.49,8,7,signed_confirmation,True,0.486,0.161,0,532,0.61,True
20664006-978f-4844-8121-8344736dda15,item_not_received,electronics,wallet,483.29,3,2,delivered_no_signature,False,0.572,0.403,1,168,0.9413,True
a7455e02-5857-4c2a-8fe6-40cefe4e30c7,fraud_card_not_present,apparel,card,3223.93,3,13,in_transit,True,0.562,0.444,0,915,0.6751,False
7bd368e2-c8c1-4f1f-aeb7-9dcdbf2a712a,subscription_not_cancelled,groceries,card,1544.69,18,21,signed_confirmation,True,0.294,0.47,1,433,0.7846,True
3a1c09c6-ef5a-4f6d-9776-04d839665936,not_as_described,beauty,netbanking,376.44,5,21,signed_confirmation,True,0.59,0.819,1,25,0.6232,False
e7ea54c4-5353-492c-b76a-fefd56b26f3f,not_as_described,apparel,upi,1929.93,10,18,in_transit,False,0.468,0.635,1,28,0.5087,False
a640863e-104b-4e5c-aa1e-487dbe9ee5ae,not_as_described,beauty,card,770.87,1,7,signed_confirmation,False,0.639,0.492,1,539,0.602,False
d8498858-4454-48f5-91e0-f231f1acc141,not_as_described,digital_goods,upi,1417.88,8,3,signed_confirmation,False,0.565,0.529,0,914,0.2186,False
0ab357bb-ba4d-44a5-96c8-56b0620fad70,item_not_received,home_goods,card,465.18,11,18,delivered_no_signature,True,0.711,0.792,2,7,0.8016,True
27f8bb83-c0f1-4809-8344-464b53c79c99,item_not_received,beauty,upi,1032.35,35,21,delivered_no_signature,False,0.889,0.739,2,780,0.5269,True
a75ac3f9-9fb9-40f9-956c-ba1812b42409,duplicate_charge,groceries,card,811.5,31,11,signed_confirmation,True,0.222,0.694,0,96,0.5756,True
813fd4c8-a6f2-4aae-a0f5-2bcae45af6de,subscription_not_cancelled,home_goods,upi,470.88,1,13,not_shipped,False,0.461,0.741,0,132,0.4105,False
4a9c6718-ad85-407f-806a-bdcfc804490a,not_as_described,apparel,upi,866.67,2,18,not_shipped,True,0.767,0.731,1,466,0.774,False
2631774d-6696-4e43-9f8b-66dfc710703d,fraud_card_not_present,home_goods,upi,550.19,15,9,delivered_no_signature,True,0.812,0.629,1,145,0.5487,True
06b7d044-4dd3-46ac-a522-096c3b3299c0,item_not_received,digital_goods,card,247.79,35,13,signed_confirmation,True,0.481,0.627,0,298,0.9371,True
ed98f363-12d4-4738-b6ff-5820942caab9,item_not_received,apparel,upi,2086.14,1,1,signed_confirmation,False,0.445,0.299,0,35,0.8024,True
b8b75bb3-81c6-461f-801e-a17f08b80bb7,fraud_card_not_present,home_goods,upi,1793.88,32,19,delivered_no_signature,False,0.411,0.785,0,291,0.1562,False
613d8d60-3986-4b41-8a96-1993b01fe323,fraud_card_not_present,beauty,card,2707.02,2,12,signed_confirmation,True,0.546,0.485,0,83,0.8287,True
d671b760-29b8-4cad-990e-0a6b227ebfe7,subscription_not_cancelled,groceries,card,1211.91,7,9,signed_confirmation,False,0.475,0.318,0,54,0.3202,False
112a43f8-bbd9-47d5-9c7f-2f93f21452e2,not_as_described,beauty,upi,3952.73,6,21,delivered_no_signature,True,0.545,0.605,3,1342,0.6925,True
ec55778e-13a9-480b-a00d-bda5443b6ccc,fraud_card_not_present,home_goods,netbanking,561.4,2,19,not_shipped,False,0.492,0.454,1,246,0.2158,False
a176593a-bd1f-4f94-a9d4-9bc839a3f606,not_as_described,groceries,wallet,449.98,7,9,signed_confirmation,False,0.648,0.592,2,102,0.2796,False
5dc22c84-e7f0-4352-bc4b-85f86e87f3a5,fraud_card_not_present,digital_goods,upi,487.15,8,5,signed_confirmation,False,0.54,0.741,0,630,0.8229,True
c529b025-4bcd-4f35-b529-4ca504397c2c,item_not_received,digital_goods,upi,2940.16,10,21,delivered_no_signature,True,0.339,0.751,0,718,0.8114,True
08de584e-113d-4c5a-87c6-59a51f702625,fraud_card_not_present,groceries,netbanking,206.25,4,1,in_transit,False,0.481,0.164,2,789,0.3166,False
1ede7026-23d0-4560-8b2d-953aed0a963e,not_as_described,apparel,netbanking,1069.78,2,12,delivered_no_signature,False,0.327,0.35,0,91,0.1556,False
43aa9137-9217-4115-bb03-21153ebbdfaf,fraud_card_not_present,apparel,card,2484.28,16,3,in_transit,False,0.105,0.584,2,10,0.1797,False
8718b9ef-024d-4771-8134-0c78442e840c,item_not_received,digital_goods,card,3375.21,8,14,not_shipped,False,0.426,0.786,2,107,0.05,False
21571028-76f0-4dd9-ac98-16a141fe9549,subscription_not_cancelled,groceries,card,2075.08,2,21,delivered_no_signature,False,0.125,0.874,0,82,0.4026,True
81705907-8cfb-4cb3-bc57-d6230611539d,fraud_card_not_present,home_goods,wallet,1666.42,17,18,signed_confirmation,False,0.358,0.654,2,185,0.2282,False
28ce73c6-208e-495b-8b18-e9a19fc5849d,item_not_received,apparel,upi,8249.47,24,19,signed_confirmation,False,0.471,0.536,0,855,0.7494,True
d92237b6-371c-455f-a866-d34f8204ab97,subscription_not_cancelled,apparel,wallet,1863.54,37,6,delivered_no_signature,False,0.551,0.556,1,265,0.8498,True
195eb258-8f2d-490d-af92-978ab30017f1,fraud_card_not_present,electronics,card,634.84,2,12,delivered_no_signature,False,0.46,0.789,0,600,0.5206,True
55abe985-3793-49c2-be19-fbf7851c4821,item_not_received,apparel,upi,458.1,2,4,signed_confirmation,False,0.38,0.701,0,84,0.919,True
dcd81114-31b7-4445-b5a5-a59f8f5cfba3,fraud_card_not_present,beauty,card,633.38,27,4,signed_confirmation,False,0.816,0.797,0,354,0.3678,True
afcfe63a-4894-4e3a-b1b7-5fbf3334ffed,not_as_described,home_goods,upi,159.65,19,12,signed_confirmation,False,0.714,0.742,0,161,0.7833,True
9c46bfa0-63cc-4daa-91c7-c74e828b7be8,item_not_received,home_goods,wallet,218.73,6,7,in_transit,False,0.723,0.564,0,607,0.075,False
ff8b281e-a31d-423c-8d37-b0651df4004e,not_as_described,beauty,card,1262.76,18,4,signed_confirmation,True,0.234,0.467,0,433,0.6145,True
fc3de20c-58ce-4027-89ca-48302c665d72,item_not_received,groceries,card,1170.85,1,7,delivered_no_signature,False,0.461,0.43,1,399,0.4072,False
596e52e5-94bd-4db7-8958-3ec9a4790a96,subscription_not_cancelled,electronics,upi,1918.6,10,1,in_transit,True,0.297,0.697,1,655,0.9623,True
bca5b4fa-ca43-4804-97e9-89098f8f5b17,item_not_received,electronics,upi,2927.79,5,9,signed_confirmation,False,0.366,0.631,1,868,0.9093,True
90fe521b-6e89-465f-bbba-f49f0a5e907c,not_as_described,groceries,card,231.58,1,6,not_shipped,False,0.632,0.475,0,1816,0.3481,True
d344f1ff-210a-40d9-acf2-cdcdfb4804c9,item_not_received,home_goods,card,1352.2,10,2,signed_confirmation,True,0.566,0.503,0,15,0.8676,True
4bfaf1ba-15fc-443e-bc50-8bcbe36fe2d0,not_as_described,electronics,card,1625.86,1,7,delivered_no_signature,False,0.284,0.564,0,281,0.6322,True
a1418383-9e21-46f6-b6d3-c8ff687caffc,fraud_card_not_present,apparel,upi,523.21,17,12,signed_confirmation,False,0.543,0.832,0,566,0.7026,True
b9e948c1-3e97-435c-97cc-2973e329bd26,fraud_card_not_present,groceries,upi,759.12,1,6,signed_confirmation,False,0.833,0.808,2,221,0.5391,True
6eb92749-f118-4bd9-a02e-ebce351470b3,duplicate_charge,apparel,card,850.96,4,18,signed_confirmation,False,0.722,0.774,1,79,0.5412,False
b7786213-c059-48fe-b812-c8c4c5cc3df8,fraud_card_not_present,apparel,card,440.89,5,7,not_shipped,False,0.203,0.537,1,1226,0.1317,False
eee354d0-cf45-4c80-b163-b7af3130a8e6,item_not_received,digital_goods,card,843.31,13,4,delivered_no_signature,False,0.331,0.588,0,404,0.6133,True
d035db0f-ceb5-4674-a212-b4812c6f9c9e,not_as_described,digital_goods,upi,925.31,13,8,in_transit,True,0.936,0.644,2,362,0.7109,True
fa9ca41c-1314-42a2-9678-dee32770b632,fraud_card_not_present,groceries,upi,608.89,9,21,delivered_no_signature,False,0.503,0.778,0,94,0.3562,False
44ff567c-1036-4f28-8375-b0dd7fc89120,subscription_not_cancelled,beauty,card,1225.76,1,12,signed_confirmation,True,0.145,0.383,1,684,0.6506,True
347095c6-6245-43eb-8bf0-3b289ed0470e,not_as_described,digital_goods,card,857.03,6,7,delivered_no_signature,True,0.773,0.6,0,887,0.8136,True
630063bf-bbe3-43f5-a508-29c42b5727cf,item_not_received,electronics,card,721.09,2,8,in_transit,False,0.383,0.665,1,387,0.3181,False
5586b75b-49f9-464a-8c00-91ed408121b7,subscription_not_cancelled,apparel,upi,1312.59,16,21,signed_confirmation,False,0.341,0.703,1,651,0.1686,False
929dfa1c-c4a2-4ba1-95fd-1d13d5e2c0fc,subscription_not_cancelled,digital_goods,netbanking,1430.52,10,1,delivered_no_signature,True,0.349,0.849,0,217,0.4348,True
5e96aaee-fd76-41eb-95f5-437e59ee902e,subscription_not_cancelled,electronics,upi,698.1,8,1,signed_confirmation,False,0.503,0.781,0,257,0.4465,True
597a77fc-447b-4f2f-8f9a-a3f916cc0c5f,not_as_described,groceries,upi,2093.34,3,15,signed_confirmation,True,0.467,0.595,0,1049,0.8502,True
9f3a6b03-0412-4fac-86e1-22b062fae632,subscription_not_cancelled,electronics,card,442.07,2,8,signed_confirmation,True,0.451,0.783,2,2035,0.2782,True
7ad4c835-875f-4b89-a299-591f1ed2f435,item_not_received,apparel,upi,9272.76,17,7,delivered_no_signature,True,0.733,0.611,0,496,0.5997,False
10157b19-7f33-492b-9dc0-925a902c221a,item_not_received,electronics,card,749.72,14,3,delivered_no_signature,True,0.184,0.343,1,338,0.7139,True
4fc9457f-7f62-44ee-9b36-9f86fb6dd720,item_not_received,digital_goods,card,175.29,22,11,delivered_no_signature,False,0.189,0.515,0,148,0.4695,True
6f609982-2af2-4a82-98de-9b95a020b7ae,item_not_received,groceries,upi,381.3,5,15,signed_confirmation,True,0.324,0.601,0,53,0.9591,True
cc294331-5c39-4790-b30c-a3509bffd583,not_as_described,beauty,netbanking,177.99,23,10,delivered_no_signature,True,0.593,0.698,1,253,0.3983,False
fe7628e2-0496-4acb-8740-b10d820bc443,fraud_card_not_present,beauty,card,198.5,3,3,signed_confirmation,True,0.704,0.759,0,10,0.7068,True
0219e039-d56c-45df-a9e0-0d6663d1d34e,duplicate_charge,beauty,wallet,701.96,4,3,signed_confirmation,False,0.493,0.606,0,9,0.4236,False
e9856c2d-a879-4550-8c6d-3eb505bebfd8,item_not_received,electronics,card,1244.72,3,18,in_transit,True,0.484,0.556,1,192,0.1466,False
e6aae5ef-1b2c-4ec7-91b7-628c78a085f8,item_not_received,digital_goods,netbanking,609.51,5,2,signed_confirmation,False,0.681,0.631,2,342,0.7075,True
25466ff5-8524-44a3-8a93-66c407e54542,not_as_described,home_goods,upi,798.38,18,12,signed_confirmation,False,0.474,0.779,1,576,0.8421,True
cdea8b33-bfb5-429e-84e5-84f56ad52d7f,item_not_received,home_goods,netbanking,318.73,1,15,signed_confirmation,False,0.594,0.655,0,588,0.7428,True
a6bdf815-c8cc-4c1e-8e22-7dbb98272351,fraud_card_not_present,digital_goods,upi,7948.85,29,20,in_transit,True,0.617,0.614,1,281,0.7067,True
522030b8-a342-443f-adca-8e434661515b,fraud_card_not_present,home_goods,netbanking,142.18,2,3,delivered_no_signature,False,0.388,0.477,1,89,0.42,True
a90be2d8-b53e-448d-9f5e-34efeb2b15b8,duplicate_charge,digital_goods,card,605.43,14,1,signed_confirmation,False,0.578,0.468,1,65,0.5575,True
287ca4f9-acf2-4aef-b2c6-fb7380f920d1,item_not_received,apparel,card,363.05,9,12,delivered_no_signature,False,0.545,0.596,0,877,0.6695,True
dbbdadd5-1025-45bd-a2c1-f810c3d2dc25,fraud_card_not_present,electronics,card,2751.01,1,2,signed_confirmation,False,0.434,0.232,0,340,0.7507,False
9c409d52-9915-4e06-93b7-e9d4f9d61a70,not_as_described,beauty,card,1713.51,2,15,signed_confirmation,True,0.648,0.493,0,81,0.5698,True
050e886c-47a9-436c-a65b-08d4b67571f9,item_not_received,groceries,card,205.97,17,9,signed_confirmation,False,0.594,0.704,1,78,0.9522,True
4a643f1e-5484-49c6-85bb-16872bfd4fbc,item_not_received,beauty,card,1629.14,11,6,signed_confirmation,False,0.626,0.708,1,41,0.5922,True
5a8e1eb8-5b48-479d-848e-41305c870ce7,fraud_card_not_present,apparel,upi,1188.36,1,9,not_shipped,False,0.437,0.927,0,825,0.1692,True
2c55ffe3-d6a5-4287-8ade-b4ca9349565c,subscription_not_cancelled,apparel,upi,489.37,11,17,signed_confirmation,False,0.655,0.912,0,23,0.2925,False
28eec539-372a-4973-a931-584a465b508f,item_not_received,groceries,upi,299.35,1,18,signed_confirmation,False,0.61,0.671,1,2032,0.958,True
d4cd6e35-301d-46ed-b916-ed13a759caa2,not_as_described,apparel,card,589.55,4,9,signed_confirmation,False,0.563,0.726,3,24,0.4942,True
93dff187-6302-4b05-b392-a6df81d696d7,not_as_described,electronics,upi,6949.98,1,13,not_shipped,True,0.168,0.546,0,94,0.4886,False
c3578df5-672d-4f6f-89eb-c203d785c8ec,item_not_received,digital_goods,upi,1585.57,32,1,delivered_no_signature,False,0.748,0.443,0,1983,0.697,True
32dfb144-eccc-4719-b608-1a72d4252f05,item_not_received,electronics,card,236.58,15,9,signed_confirmation,False,0.193,0.661,1,388,0.5815,True
4aba4918-0a82-460d-89ac-b4bc45abee92,subscription_not_cancelled,electronics,card,164.94,18,2,not_shipped,False,0.711,0.753,1,1054,0.6013,True
3d53eaf4-2017-40fc-bb3f-914e6d62e355,not_as_described,home_goods,card,2585.41,6,15,signed_confirmation,False,0.532,0.801,0,798,0.4313,False
4dcb6676-1112-4c24-ac54-d96fe6a2267d,item_not_received,digital_goods,wallet,485.43,14,2,signed_confirmation,False,0.48,0.707,1,323,0.6078,False
1b417777-ec97-487a-a8d4-4155dde63a5d,duplicate_charge,apparel,card,3137.21,25,2,in_transit,False,0.865,0.212,2,292,0.6049,True
0df460f6-a0cf-4f2a-8dd4-ea8d52e21d83,fraud_card_not_present,beauty,card,562.72,36,15,delivered_no_signature,False,0.544,0.674,1,1420,0.4738,True
2ddc3638-3d2e-47c1-b049-c6a8b51c9677,fraud_card_not_present,groceries,upi,474.94,4,4,delivered_no_signature,True,0.529,0.716,0,102,0.3577,True
547fbd18-7fe0-4aed-93af-1e7c5e6f985e,item_not_received,groceries,upi,2070.93,5,18,delivered_no_signature,False,0.532,0.383,2,71,0.8078,True
e2065a03-88b4-41b7-b3a0-f858ecfe950d,item_not_received,digital_goods,netbanking,458.42,1,19,delivered_no_signature,True,0.266,0.833,0,290,0.6837,False
dff0ac83-fce1-4896-8345-29c940d292a1,fraud_card_not_present,digital_goods,upi,366.63,13,9,delivered_no_signature,False,0.488,0.636,1,120,0.5095,False
2f5a3a9d-d883-41ae-946f-386f79e7bbb4,item_not_received,home_goods,upi,214.66,2,5,delivered_no_signature,True,0.652,0.577,0,41,0.862,True
d343ed0d-b6bd-4ed0-b644-79ed023ad3a6,item_not_received,digital_goods,card,1535.58,5,19,in_transit,False,0.613,0.542,0,834,0.4341,False
396cb2ef-f94e-43a7-97d0-42f0e030b034,item_not_received,apparel,upi,482.06,21,4,in_transit,True,0.217,0.554,0,646,0.5981,False
6f0040d4-8959-4ecd-ab0e-5d7dfcf21aad,fraud_card_not_present,electronics,upi,1589.72,39,12,delivered_no_signature,True,0.562,0.882,0,46,0.3532,False
c9e0c3eb-3085-4e34-b1c7-47e16bbbd791,fraud_card_not_present,beauty,upi,250.16,9,10,signed_confirmation,True,0.128,0.841,1,377,0.2287,False
044427bc-460d-4a9e-8206-3da09189e9ed,fraud_card_not_present,digital_goods,card,562.62,15,8,signed_confirmation,False,0.752,0.633,0,874,0.1971,False
5ee5f0e3-28a3-4f7c-a519-5eda461cf5d5,fraud_card_not_present,apparel,card,875.21,3,10,delivered_no_signature,False,0.325,0.565,1,223,0.3868,False
8ba05ba5-1868-447e-ad3a-d48dcf151bed,duplicate_charge,digital_goods,wallet,598.6,4,7,signed_confirmation,True,0.722,0.456,1,48,0.846,True
01555e31-f3b3-498a-a838-61b068c2630b,fraud_card_not_present,digital_goods,card,899.13,11,5,delivered_no_signature,False,0.441,0.444,1,209,0.2976,False
3b93a5fd-1b40-41bb-a76a-bbb993f9088f,item_not_received,home_goods,wallet,2937.8,23,20,in_transit,False,0.701,0.528,0,537,0.2211,False
e59b9ae0-14b3-4bf8-8d2a-40e34fc35152,subscription_not_cancelled,apparel,upi,2445.33,4,4,delivered_no_signature,False,0.573,0.556,0,1209,0.6911,True
88c0b438-97d1-4510-bbc9-578946aa6ec7,not_as_described,digital_goods,netbanking,548.33,8,11,signed_confirmation,True,0.513,0.583,0,93,0.5498,True
9ed17dfb-1f9c-41c1-a060-72fc651a3b28,subscription_not_cancelled,digital_goods,card,815.6,2,6,delivered_no_signature,True,0.782,0.503,1,976,0.6384,False
da7abdc9-14d6-45bb-9e28-0b7120ae8ed2,fraud_card_not_present,digital_goods,upi,1605.75,5,1,signed_confirmation,True,0.511,0.863,0,262,0.5508,False
00ade82e-889c-40e9-b8ac-05c849ef6cc4,item_not_received,apparel,upi,961.97,11,4,signed_confirmation,True,0.515,0.854,1,255,0.9518,False
fc6a4688-b90e-4c6f-b906-8d4f6675c1e9,item_not_received,electronics,upi,291.13,1,1,delivered_no_signature,False,0.371,0.738,0,209,0.3216,False
8107eeb8-9f7d-4b69-9ed1-24fe81c610e0,duplicate_charge,digital_goods,card,1391.04,1,7,delivered_no_signature,False,0.392,0.755,0,420,0.5562,True
1ab79d1b-3036-4667-8f87-7e82fe998dcd,fraud_card_not_present,electronics,card,904.69,9,17,in_transit,False,0.212,0.437,0,128,0.124,False
1fd20c24-d5f2-4c8b-979b-f74cf1bc042b,item_not_received,apparel,wallet,2373.23,24,11,in_transit,True,0.407,0.29,1,1361,0.5359,False
663e9057-9db2-424c-bd3d-734143ee1315,subscription_not_cancelled,digital_goods,card,898.47,18,9,not_shipped,False,0.413,0.807,0,115,0.3077,True
b878944a-b678-447a-8222-aa246efce77d,item_not_received,home_goods,card,314.05,2,2,delivered_no_signature,False,0.484,0.713,1,385,0.5395,False
48fbb5f5-90e5-498d-a74f-9b3ea95b3921,not_as_described,digital_goods,upi,718.33,17,19,signed_confirmation,False,0.338,0.784,0,709,0.2784,True
98f665b7-e5ca-425d-a794-1113d92a02e3,item_not_received,home_goods,upi,746.91,17,19,not_shipped,False,0.159,0.312,2,663,0.139,False
202efc55-71e1-4fbc-a5b3-a8d14671b3aa,item_not_received,beauty,wallet,453.2,31,16,delivered_no_signature,False,0.301,0.803,0,415,0.708,True
1b5ab878-a9d8-40ad-9306-dab25a8ce722,subscription_not_cancelled,electronics,card,1182.93,10,3,signed_confirmation,False,0.412,0.343,0,53,0.5531,True
b0bdf0a0-1ad8-4c5b-a1ab-461618ac4c8f,fraud_card_not_present,beauty,upi,319.02,6,4,signed_confirmation,False,0.506,0.774,1,334,0.3948,False
ba38541a-d2ed-4dba-a88d-c6a260f87c1c,fraud_card_not_present,apparel,wallet,1121.56,13,17,in_transit,False,0.781,0.794,0,1024,0.2656,False
d481ef1f-c6d9-4d82-9d16-30ee58ecfa67,duplicate_charge,apparel,card,1083.44,2,20,not_shipped,False,0.27,0.547,0,141,0.5076,True
48771708-6c9d-470f-86df-cf8d03c2ef88,item_not_received,apparel,wallet,1784.38,5,14,delivered_no_signature,False,0.434,0.776,0,150,0.663,True
73021753-92bf-432f-8b52-df66677019c1,fraud_card_not_present,electronics,upi,648.51,29,3,in_transit,False,0.455,0.185,0,350,0.7043,True
c38c0ec6-3f91-4204-9036-386d01edd0c5,item_not_received,groceries,card,446.8,20,19,signed_confirmation,False,0.419,0.478,1,498,0.7929,False
91af39ef-5992-4f55-bf21-65830301362b,duplicate_charge,groceries,card,1341.03,4,11,signed_confirmation,False,0.849,0.536,0,195,0.5932,False
6cd428d4-3984-4943-bff0-73e56ffb8160,duplicate_charge,home_goods,card,433.07,10,3,signed_confirmation,False,0.091,0.662,0,157,0.6975,True
c54dea0d-10fd-4371-8688-3399f806c78b,fraud_card_not_present,digital_goods,card,1138.55,13,17,delivered_no_signature,False,0.493,0.548,0,599,0.2446,False
1ed4e4b7-81bf-4441-9f93-a81d76b8070f,item_not_received,electronics,upi,417.35,5,2,signed_confirmation,True,0.647,0.378,0,233,0.8253,True
209faec9-6ca6-4287-8017-0856dd9fce4d,item_not_received,groceries,wallet,530.74,9,6,not_shipped,True,0.816,0.395,0,267,0.0943,False
d3f06ab5-22fb-4e0f-9dfc-74942d03f17e,fraud_card_not_present,electronics,card,742.78,7,14,signed_confirmation,True,0.377,0.699,0,492,0.7863,True
96cd6254-0272-4fda-b3b0-6b1d84c85c78,duplicate_charge,digital_goods,card,320.36,16,19,delivered_no_signature,False,0.386,0.96,0,1010,0.63,True
746dfc89-ae8a-4c21-a752-96fdd243297b,duplicate_charge,home_goods,upi,489.1,16,14,delivered_no_signature,True,0.737,0.488,0,828,0.6094,True
1b644fbc-8803-4967-a504-00f0905f42b7,fraud_card_not_present,home_goods,upi,1594.84,10,1,signed_confirmation,False,0.549,0.98,0,892,0.8974,True
ea5a3c23-31f8-4578-a0d9-0f2c683eb71d,item_not_received,home_goods,wallet,263.25,23,3,delivered_no_signature,True,0.689,0.749,2,359,0.7935,True
7d8f4e2a-463f-4e3e-ba1d-82506d492e11,not_as_described,apparel,upi,313.01,2,3,signed_confirmation,False,0.663,0.589,2,1314,0.5287,True
092833b5-a61f-43b6-9c53-bd8e37ac4546,fraud_card_not_present,apparel,card,2146.92,14,9,not_shipped,True,0.43,0.598,2,48,0.1191,False
80d3f27b-3243-468e-9395-1befc9b3427b,item_not_received,apparel,card,1311.82,3,3,in_transit,False,0.383,0.494,0,577,0.6018,False
4d8f52cf-248c-4dc0-a927-69494ba888a8,subscription_not_cancelled,apparel,card,401.98,2,11,signed_confirmation,True,0.341,0.945,0,31,0.6765,True
64de921e-00e3-4302-9525-33bd28269bde,subscription_not_cancelled,groceries,upi,500.1,24,16,delivered_no_signature,False,0.525,0.437,0,412,0.8129,True
f517a285-aa9e-440b-bafe-95051c9c3eb2,item_not_received,electronics,upi,889.96,1,4,signed_confirmation,True,0.473,0.817,1,275,0.892,False
7adbb4fd-12f6-4f9e-8908-51706d426387,item_not_received,electronics,netbanking,337.48,13,2,delivered_no_signature,False,0.638,0.727,1,67,0.6127,True
f3253cd6-92ae-46d5-9efc-144fc97e580c,fraud_card_not_present,home_goods,card,2683.73,2,11,delivered_no_signature,True,0.542,0.729,0,190,0.2088,False
88423b43-089b-4355-9c60-0ea68cbc780b,fraud_card_not_present,electronics,upi,955.01,13,17,not_shipped,True,0.958,0.637,0,211,0.7621,True
d1bbeb74-3922-49ad-90ce-25b0d1b72014,duplicate_charge,home_goods,card,1181.75,14,1,signed_confirmation,False,0.985,0.463,0,88,0.7074,False
ff7b48fd-5a72-4ce6-91e2-c1f13eec72a7,subscription_not_cancelled,electronics,upi,1100.12,12,4,in_transit,False,0.826,0.667,0,1429,0.5843,True
1390f518-6fb1-4479-a072-6497998e7387,item_not_received,beauty,upi,1690.26,13,5,delivered_no_signature,False,0.315,0.742,1,177,0.4448,True
f51fc904-add0-4093-a528-97cfba382ffc,fraud_card_not_present,apparel,card,118.69,17,20,in_transit,False,0.611,0.372,0,163,0.6193,True
2e81d0db-5639-4264-bab4-a279f529faf8,not_as_described,electronics,card,926.86,1,13,signed_confirmation,False,0.535,0.749,0,14,0.536,True
c893fd76-6c9c-4311-bcab-94b02bf13275,fraud_card_not_present,digital_goods,netbanking,148.22,1,8,not_shipped,False,0.526,0.675,0,75,0.4194,True
cb999f72-d2f6-4d40-a661-18b9cb3ec55d,subscription_not_cancelled,beauty,upi,2880.55,9,15,signed_confirmation,True,0.618,0.796,0,279,0.7739,False
8e3b5e94-2049-4e1f-b651-daa37d68c71e,duplicate_charge,electronics,card,966.66,5,13,delivered_no_signature,False,0.5,0.538,2,292,0.4373,True
80dd3cfd-b946-434b-857f-295f9e71f67e,not_as_described,home_goods,card,1787.42,23,7,delivered_no_signature,False,0.307,0.902,2,656,0.4708,False
5bc032d5-3b30-4edf-b1cd-4b2890464b3b,item_not_received,apparel,card,204.34,10,12,signed_confirmation,False,0.656,0.67,1,493,0.9381,True
b11d50d1-451a-431b-954b-08009c8c70a8,duplicate_charge,home_goods,upi,1759.22,3,3,delivered_no_signature,False,0.505,0.594,1,246,0.3628,True
f91d89e4-d602-4e80-9a35-bc1c566895e7,subscription_not_cancelled,electronics,wallet,2292.9,2,2,delivered_no_signature,False,0.598,0.817,0,34,0.1556,False
e1e30ecd-67b6-4c15-922f-fb71d0a8559a,duplicate_charge,home_goods,upi,289.3,38,20,in_transit,False,0.541,0.943,1,331,0.5707,True
c8b548af-f78e-4e3f-b920-f14688a8f530,not_as_described,groceries,netbanking,698.43,20,4,signed_confirmation,False,0.315,0.727,0,706,0.8649,True
f8f55076-17e9-46d7-990b-d1b0e10ca3db,not_as_described,apparel,netbanking,193.3,6,9,delivered_no_signature,True,0.42,0.451,2,288,0.4526,False
678367e6-caf6-471b-890f-a53b7acb963c,item_not_received,groceries,upi,593.94,3,17,in_transit,False,0.279,0.418,0,72,0.9173,False
d7fb9b9c-b31a-4176-9b9e-c2583748e673,item_not_received,beauty,wallet,317.05,2,12,delivered_no_signature,True,0.564,0.09,0,220,0.6659,True
4e4f29ba-bcb9-47b7-a11b-f1271a767d67,not_as_described,apparel,card,1437.74,5,17,signed_confirmation,True,0.628,0.739,1,492,0.9269,True
5829d738-cf24-4edf-8d3f-470c1abdb760,subscription_not_cancelled,apparel,upi,3060.53,4,6,delivered_no_signature,False,0.301,0.574,0,767,0.8401,True
a06d28db-6697-4c4f-a73b-1e51ebb81b6e,fraud_card_not_present,beauty,card,275.59,14,11,signed_confirmation,False,0.48,0.8,0,30,0.6077,False
7faebd60-5579-440b-89af-127eed83a3d3,not_as_described,apparel,wallet,928.82,24,19,signed_confirmation,False,0.549,0.941,0,266,0.7244,False
ce8107cf-466c-4de0-8144-268c41620476,not_as_described,apparel,upi,879.99,4,21,signed_confirmation,True,0.456,0.465,0,27,0.603,True
37feffc3-ddbb-4762-a038-d92075556473,item_not_received,groceries,card,1793.7,13,2,in_transit,True,0.776,0.295,1,1096,0.4144,False
a5d9c658-0841-476a-887f-4ee9d5512f6c,item_not_received,apparel,card,2607.23,14,15,signed_confirmation,True,0.408,0.578,0,231,0.7447,True
3b084a3a-d384-4848-af1c-34eb6c3d5dc6,duplicate_charge,home_goods,upi,1384.17,10,17,in_transit,False,0.653,0.21,0,1488,0.3457,False
7dd6161d-f56f-4ce2-bbcf-083e7b44fcec,item_not_received,electronics,card,255.45,13,9,signed_confirmation,True,0.554,0.822,0,140,0.9219,True
d2bce334-4dfd-4a13-92cf-4f7f2d257e55,fraud_card_not_present,beauty,upi,208.34,16,8,signed_confirmation,False,0.433,0.614,0,1254,0.4935,False
27be8f5d-199f-4971-b79c-e9cc9137b4a7,not_as_described,apparel,card,6061.74,16,17,delivered_no_signature,True,0.9,0.705,1,598,0.1181,False
cf097cb0-06d2-4c79-a040-ba5a05e4bf28,fraud_card_not_present,beauty,card,701.57,23,13,delivered_no_signature,True,0.222,0.734,0,100,0.1259,False
597d669c-3486-48b5-8891-bb9b3a8f8307,fraud_card_not_present,groceries,wallet,150.17,19,11,delivered_no_signature,False,0.132,0.39,2,127,0.2562,False
f1c5c303-4603-49a0-a945-e234fc215de8,fraud_card_not_present,digital_goods,upi,1479.55,12,8,signed_confirmation,True,0.818,0.615,4,323,0.2601,False
1f538311-8bbc-4651-a3e1-4b3b061597f9,duplicate_charge,apparel,card,70.54,8,12,not_shipped,False,0.509,0.707,0,97,0.9365,True
d645614d-55e1-4b7a-a8a1-8bbc7063047e,subscription_not_cancelled,electronics,card,1188.82,17,19,delivered_no_signature,True,0.879,0.232,1,442,0.3847,False
4d8bdf75-8f4a-4835-95a6-78c186f505eb,fraud_card_not_present,home_goods,upi,2816.04,32,19,signed_confirmation,True,0.502,0.928,0,63,0.3074,True
041bcd26-2348-475e-93d5-d95fd37603ca,fraud_card_not_present,home_goods,netbanking,578.25,11,9,delivered_no_signature,False,0.798,0.836,2,252,0.5208,False
377b9436-3d0d-4668-838f-46e1fd3a0843,not_as_described,digital_goods,upi,2646.32,8,10,delivered_no_signature,False,0.331,0.502,0,456,0.4417,True
6f50159d-4074-4fbb-903e-bac58026d491,fraud_card_not_present,beauty,upi,461.83,8,6,delivered_no_signature,False,0.126,0.586,2,1421,0.3192,False
b26b0778-89c8-4696-a3e9-6399c2aca373,duplicate_charge,apparel,card,800.49,8,9,signed_confirmation,True,0.284,0.502,1,785,0.7896,True
56827134-49ff-4a55-91ba-9ede859044cc,item_not_received,home_goods,card,1193.12,3,8,in_transit,False,0.841,0.675,0,216,0.3318,True
958306b8-e96a-4def-95d2-b927197d591c,item_not_received,apparel,wallet,2387.06,3,5,not_shipped,False,0.573,0.43,3,198,0.0841,True
5a23542c-30ee-4352-a38c-eedf71309c3d,duplicate_charge,electronics,card,409.66,19,1,signed_confirmation,False,0.601,0.487,0,403,0.5379,False
5ecbb367-84bd-4f09-af49-a17a23471633,item_not_received,beauty,upi,520.96,3,13,delivered_no_signature,True,0.535,0.53,1,644,0.908,True
f4f91242-444f-4647-964d-70813cf00b1c,fraud_card_not_present,apparel,wallet,469.67,15,19,in_transit,True,0.259,0.222,2,126,0.1766,False
365e0105-780b-487d-a643-b76d0730530c,fraud_card_not_present,beauty,netbanking,221.0,6,21,delivered_no_signature,False,0.324,0.217,0,49,0.5078,True
da019311-429b-4c86-9db7-d4c8740dc00c,not_as_described,home_goods,wallet,1165.52,8,9,in_transit,True,0.31,0.642,1,400,0.5494,False
9fce3069-66f4-4ad1-a79a-65f6f0e5b821,not_as_described,beauty,upi,1344.09,23,19,signed_confirmation,True,0.253,0.34,0,1299,0.6182,False
cc9cafa5-13df-434a-abed-80c12b89caa8,subscription_not_cancelled,home_goods,card,1141.04,11,13,signed_confirmation,True,0.386,0.463,0,71,0.9225,True
ea4927bd-4227-4098-92ed-fe72cd710466,fraud_card_not_present,home_goods,card,740.13,6,11,signed_confirmation,False,0.374,0.89,0,649,0.4213,False
8c0204f4-b122-4d19-91fd-65225e13070c,item_not_received,digital_goods,upi,1014.72,5,2,signed_confirmation,False,0.394,0.38,0,282,0.4544,False
d3405732-b5cf-4f3b-8278-a65bba600596,subscription_not_cancelled,apparel,card,1250.55,23,17,delivered_no_signature,True,0.492,0.694,0,377,0.5208,False
36a4662f-0aa7-4ea7-ad06-421cd4aa1f81,item_not_received,electronics,card,1135.22,6,14,delivered_no_signature,True,0.504,0.437,1,254,0.723,True
ab4e3a7e-f3d5-4286-a9dc-66d8efec7374,item_not_received,apparel,card,2659.71,3,21,signed_confirmation,True,0.225,0.536,1,652,0.5866,False
adec9612-bc5d-485e-84f2-a705159fe92a,item_not_received,groceries,wallet,289.38,8,4,not_shipped,True,0.466,0.913,1,1046,0.1592,False
3027985a-8c66-4b82-9742-ed8b5885c4e3,not_as_described,home_goods,card,1334.77,7,19,signed_confirmation,True,0.335,0.523,0,100,0.7473,True
07bc7330-0f97-47f0-b012-e2e3577ac49d,item_not_received,apparel,upi,786.38,8,6,not_shipped,False,0.514,0.57,2,9,0.1041,False
e15db40b-cefe-464b-a568-f3c4b906af57,not_as_described,apparel,wallet,141.76,3,3,signed_confirmation,True,0.065,0.662,1,165,0.5896,False
e3a5422f-bfa4-4793-bafe-82f300e9b3e1,subscription_not_cancelled,digital_goods,card,895.12,2,16,delivered_no_signature,True,0.823,0.483,0,426,0.8416,True
02093ee5-eca4-4ee7-8578-f9ce678deb69,not_as_described,electronics,upi,3364.4,2,1,delivered_no_signature,False,0.708,0.403,1,974,0.1244,False
380a5d63-e1db-4daf-8783-5d95e664ecb2,item_not_received,electronics,upi,324.07,7,11,signed_confirmation,False,0.661,0.975,0,526,0.4929,False
c7679f37-b21f-4bdd-b510-dbec8a6cd839,not_as_described,electronics,card,500.29,30,4,signed_confirmation,True,0.194,0.387,0,974,0.4519,False
fc08a77b-24f4-42ca-92c3-b9f6385618ab,item_not_received,home_goods,card,210.98,6,12,in_transit,False,0.825,0.547,1,906,0.4015,False
2285c316-047e-482c-8d4f-fa154e06c817,duplicate_charge,groceries,upi,1569.95,12,11,delivered_no_signature,True,0.55,0.621,1,367,0.5112,False
031b51f4-da04-4d07-92f8-7b32e12f7666,item_not_received,groceries,upi,1374.68,7,11,signed_confirmation,True,0.543,0.67,0,1010,0.7297,True
af6cef42-c226-4e7c-ac4e-9e3c6c640f71,duplicate_charge,beauty,upi,779.45,4,14,signed_confirmation,True,0.548,0.883,0,9,0.583,True
741c1ee8-62c2-480e-bc1d-3037ca094116,not_as_described,beauty,card,975.59,6,14,delivered_no_signature,False,0.471,0.709,0,532,0.7978,True
0c63b139-c712-4d71-a893-6db13b1dd24d,not_as_described,groceries,wallet,1595.63,39,6,signed_confirmation,True,0.093,0.462,1,767,0.7304,False
48fc5e76-bdef-46c3-b95e-dc176acc3dde,duplicate_charge,home_goods,card,574.37,4,15,signed_confirmation,True,0.604,0.418,1,339,0.8135,True
a722dfdf-4392-4aa6-976e-bfcb88beba4b,not_as_described,beauty,upi,2116.88,24,17,delivered_no_signature,True,0.545,0.833,1,13,0.3974,False
486adb15-35ac-44ad-8ce9-5fa8bb871fb1,not_as_described,apparel,card,1154.22,10,19,signed_confirmation,False,0.53,0.314,0,644,0.5509,False
5bc14ae5-35be-438b-b6b2-6e45228857de,item_not_received,digital_goods,upi,630.55,19,1,delivered_no_signature,False,0.432,0.636,1,387,0.2923,False
2a6a7dcb-330c-442e-bb2d-1243b9c7e5b2,item_not_received,home_goods,card,827.93,2,16,signed_confirmation,False,0.909,0.432,0,522,0.949,True
495668da-d297-41ae-9599-d6e4077b1ab0,not_as_described,home_goods,upi,517.31,9,1,delivered_no_signature,True,0.518,0.445,2,1056,0.5019,True
bda06cf4-a801-4bc1-bfb6-e0f804107120,item_not_received,apparel,upi,540.99,4,19,signed_confirmation,False,0.778,0.845,0,102,0.9615,True
3b3d5366-dfb9-46c3-a154-3dfe39ffe6a5,item_not_received,digital_goods,netbanking,629.61,27,11,signed_confirmation,True,0.818,0.792,0,15,0.7631,False
0d68c362-1c0c-4dce-9082-1c6fb9313435,subscription_not_cancelled,digital_goods,card,2166.1,15,20,signed_confirmation,True,0.271,0.715,0,412,0.4224,True
2c2dc8ab-dde6-47df-86d2-2c243060b61b,fraud_card_not_present,home_goods,card,494.17,3,16,signed_confirmation,True,0.596,0.674,1,130,0.6662,True
d2b2f00b-e58b-4fdd-952f-e4d67d09a8ba,not_as_described,groceries,netbanking,893.77,25,16,delivered_no_signature,False,0.342,0.357,0,234,0.1787,False
21e59b85-75f7-4269-baf6-86aa9c8db470,item_not_received,electronics,card,810.93,14,15,signed_confirmation,True,0.237,0.881,0,711,0.9301,True
30134cca-a45a-475f-ae3b-09d25a9e3264,item_not_received,electronics,wallet,3514.32,4,6,signed_confirmation,True,0.33,0.866,3,164,0.7598,False
38486ffe-1900-4b1e-b7a1-15abc953704a,duplicate_charge,apparel,upi,403.23,1,10,not_shipped,False,0.095,0.614,1,213,0.4226,False
3b2fa367-28d3-4f48-8614-cbc3d7aec32d,item_not_received,electronics,upi,1361.7,16,14,signed_confirmation,False,0.266,0.579,0,756,0.9354,True
5dd323e5-33d0-4121-a800-3cd0497f8e95,not_as_described,apparel,card,452.48,5,14,delivered_no_signature,False,0.401,0.24,0,54,0.503,False
2cfa1bca-3053-4468-bc85-8d87e7182cd2,not_as_described,home_goods,netbanking,703.45,18,12,in_transit,False,0.711,0.328,0,1381,0.4038,False
b9f3a0e6-f7a0-446b-86a7-0772fa966bb1,fraud_card_not_present,digital_goods,card,425.02,2,2,delivered_no_signature,False,0.705,0.53,2,358,0.0351,False
3266fe36-b7f5-4b82-afca-c885b6285974,fraud_card_not_present,apparel,upi,199.33,4,19,signed_confirmation,False,0.285,0.665,0,94,0.4355,False
8cf0ccb0-21fb-4cb6-80d0-2c9942e39993,not_as_described,digital_goods,wallet,1080.09,1,12,in_transit,False,0.658,0.782,0,71,0.7372,True
595347f6-6f52-4f43-b936-0b4a05f94891,fraud_card_not_present,digital_goods,wallet,756.33,3,15,signed_confirmation,False,0.507,0.583,0,349,0.8556,True
d5341403-a887-48f2-9ae3-da79593844f7,item_not_received,home_goods,upi,1173.51,13,5,delivered_no_signature,False,0.617,0.264,0,111,0.0978,False
4ad5d8b2-3c2f-4699-868e-589752937a0f,duplicate_charge,groceries,upi,738.61,10,8,not_shipped,False,0.511,0.829,1,17,0.814,True
964dfda6-1b1c-4518-8d47-afa9fbdc54d7,subscription_not_cancelled,beauty,upi,1949.8,11,21,signed_confirmation,True,0.184,0.651,1,830,0.6527,False
c3bb9f3e-6512-459e-999f-2ce752baa086,item_not_received,apparel,upi,788.96,1,6,delivered_no_signature,False,0.971,0.28,2,51,0.9214,True
bf93dc25-457c-4a84-ac5b-968d2c07b8d5,duplicate_charge,beauty,card,863.28,4,21,signed_confirmation,False,0.936,0.678,1,216,0.2957,True
0f288ea1-01fe-4e96-b33c-43f88546dfd0,fraud_card_not_present,groceries,netbanking,1251.13,3,17,delivered_no_signature,True,0.464,0.68,0,69,0.1526,False
cf9fd3ee-a565-4b13-8300-6a93554097b1,item_not_received,beauty,card,549.58,3,7,signed_confirmation,False,0.427,0.543,0,80,0.8666,True
5579ef30-a8a7-423a-90f8-e0785cd60d8b,subscription_not_cancelled,beauty,card,509.02,8,9,delivered_no_signature,False,0.522,0.545,1,122,0.2136,False
0efb05b2-8b83-40e4-99c7-714092e36274,item_not_received,groceries,upi,3081.79,21,17,delivered_no_signature,True,0.442,0.926,0,1180,0.4667,False
376b0e57-2c2a-4aeb-8c46-4231a67d3f7d,item_not_received,electronics,card,408.73,25,6,in_transit,True,0.117,0.528,2,98,0.4384,False
a1cabe9f-de91-455b-ba36-caf23c1fb790,item_not_received,apparel,card,145.73,3,7,signed_confirmation,True,0.347,0.443,0,619,0.9887,True
8c99a8e5-3ae2-40bd-ad9f-20345acbeed3,not_as_described,home_goods,upi,1506.82,3,16,delivered_no_signature,True,0.303,0.831,0,1259,0.8594,True
9f403a82-c412-40b3-b5fb-53531a8cfb45,not_as_described,electronics,wallet,583.91,19,20,delivered_no_signature,False,0.589,0.572,2,86,0.6274,False
d73d55d4-f910-468c-9602-f2d9b633d6c1,item_not_received,home_goods,card,557.59,1,13,delivered_no_signature,False,0.59,0.522,1,116,0.7247,True
3cda4fff-1a14-4758-b670-e670b2c42aa1,duplicate_charge,beauty,wallet,658.67,18,10,signed_confirmation,True,0.929,0.498,0,245,0.7656,True
6e3d4d67-46ec-4c0f-b581-e2c97d6757dd,not_as_described,digital_goods,card,1208.94,6,19,in_transit,False,0.505,0.852,0,579,0.501,True
a5e045db-46c7-4db9-800a-a875ca42d568,fraud_card_not_present,beauty,card,945.79,21,11,delivered_no_signature,True,0.749,0.359,0,1376,0.4733,False
c268b151-283d-43a8-988e-0e36b7a64431,duplicate_charge,digital_goods,upi,1162.74,2,5,delivered_no_signature,True,0.837,0.794,3,788,0.8521,True
988d5bc2-631a-4a04-b813-a502ef599a07,duplicate_charge,beauty,upi,1303.98,4,1,signed_confirmation,True,0.525,0.69,1,416,0.7357,True
e20733be-b13d-47c8-8cd0-6e7238c85b4d,fraud_card_not_present,electronics,upi,1459.09,1,13,in_transit,False,0.479,0.395,0,33,0.6552,True
6545cc8b-e39a-4ace-9523-60700aa6a983,not_as_described,apparel,card,503.13,22,17,not_shipped,True,0.538,0.824,0,29,0.3965,False
ffdd507b-4570-47e2-894a-fa921eb2d4c8,fraud_card_not_present,beauty,upi,713.39,6,5,signed_confirmation,True,0.242,0.474,1,500,0.1145,False
57b75c50-15ec-45d1-b29f-5163c70714ee,item_not_received,groceries,card,944.15,4,15,delivered_no_signature,False,0.334,0.427,0,81,0.6769,True
c37a93d3-9614-4896-bbb6-1f75ad90efbe,item_not_received,digital_goods,card,1558.11,6,18,signed_confirmation,True,0.544,0.833,0,272,0.5877,True
8b74c562-b128-41ca-83a6-fc32b783add7,fraud_card_not_present,apparel,netbanking,1026.26,1,13,delivered_no_signature,True,0.659,0.539,0,888,0.6499,False
12f6fe3b-16cc-4b8b-be0a-75dc0856cb0c,duplicate_charge,apparel,card,426.77,4,9,signed_confirmation,False,0.138,0.87,0,639,0.6912,True
43b56773-d076-433d-972e-38ca9926486d,fraud_card_not_present,digital_goods,card,996.86,23,14,signed_confirmation,False,0.745,0.804,0,315,0.3235,False
4219ba9c-0ab8-4afb-b394-0218f7038d0f,item_not_received,home_goods,card,640.31,19,7,delivered_no_signature,False,0.667,0.555,0,42,0.2887,False
fb6d4da8-4f7d-4172-912b-62e64ece3e37,duplicate_charge,groceries,upi,3310.62,4,14,signed_confirmation,False,0.742,0.76,0,39,0.3883,True
29805a28-71e4-479d-a3d1-6dc45e3d88b3,subscription_not_cancelled,digital_goods,card,200.42,7,4,in_transit,False,0.46,0.394,0,485,0.3385,True
7942cd71-95df-4343-bf1d-d54215febd0d,item_not_received,apparel,wallet,443.18,21,16,signed_confirmation,False,0.522,0.306,0,69,0.8851,True
effc2aee-dd31-4555-98c9-fd9214c3354d,item_not_received,digital_goods,wallet,415.37,5,20,signed_confirmation,False,0.355,0.662,2,598,0.8531,True
916482ae-6946-4e41-9ebe-05eef11d9c3f,item_not_received,electronics,card,404.34,8,13,not_shipped,False,0.697,0.887,2,824,0.1476,False
b704af6f-3119-4d9d-aa86-b1fa32ed31ec,fraud_card_not_present,beauty,card,952.71,13,10,signed_confirmation,True,0.527,0.967,0,296,0.5585,False
48cd07f8-4b58-4c39-beec-8713e27f3fa8,fraud_card_not_present,beauty,netbanking,4733.61,3,1,signed_confirmation,False,0.844,0.696,1,896,0.7128,True
2c6f18ca-bbe9-42ae-b464-4f3e202c7bf2,fraud_card_not_present,home_goods,upi,410.48,2,18,not_shipped,True,0.37,0.736,0,74,0.572,True
caf472b2-b370-40ce-84b1-a06824572524,item_not_received,beauty,upi,1169.53,50,12,signed_confirmation,False,0.413,0.564,1,214,0.5229,False
72895585-79e2-4cce-86ac-4ad2cbf48471,fraud_card_not_present,digital_goods,card,674.26,34,17,in_transit,False,0.256,0.601,1,8,0.4877,False
bf23eb1c-02e3-495b-8fc5-a8a731b31a30,not_as_described,groceries,wallet,944.85,1,18,not_shipped,False,0.48,0.621,0,210,0.2943,True
95b71ad5-d0da-4009-bb2e-e0942d3034f3,fraud_card_not_present,groceries,card,409.06,9,13,signed_confirmation,False,0.818,0.79,0,137,0.6695,True
7446146b-d348-45ef-bfce-b18dd0940dd2,not_as_described,groceries,wallet,244.83,3,20,not_shipped,False,0.609,0.741,0,239,0.6522,True
c5d24882-b5cd-46b9-b406-e9149c2cf572,item_not_received,apparel,card,603.09,13,13,delivered_no_signature,False,0.499,0.589,0,417,0.7463,True
bda1ff32-3f4a-43e1-a2f8-c19d94ea77b1,fraud_card_not_present,beauty,wallet,278.49,19,7,not_shipped,False,0.539,0.8,0,565,0.2299,False
31441a7a-82d4-4e82-9f23-c7489c39595c,not_as_described,electronics,card,491.49,19,9,in_transit,True,0.497,0.916,1,139,0.6737,True
36db586d-aefa-4148-8f73-cd27ca5f6daf,duplicate_charge,beauty,netbanking,983.84,7,13,delivered_no_signature,True,0.676,0.822,1,495,0.904,True
1040d0c6-3e16-446f-b03d-dd20c41907df,not_as_described,home_goods,wallet,2387.52,9,19,signed_confirmation,True,0.531,0.582,2,63,0.1965,False
3ddab799-6a9d-4edf-95e8-f8df2b4cb85b,subscription_not_cancelled,digital_goods,netbanking,2649.82,36,10,in_transit,True,0.333,0.288,1,871,0.6243,True
3e3b0e03-b64b-49a4-a83c-2e465c6f4c91,not_as_described,home_goods,card,2868.98,13,11,signed_confirmation,True,0.871,0.237,1,196,0.5801,False
5de090b9-c0eb-44b4-a022-90c800c3cd7c,fraud_card_not_present,apparel,upi,924.92,7,18,signed_confirmation,False,0.732,0.45,0,1180,0.5212,True
874e54a0-9795-425b-b1d2-1fda89a7f953,fraud_card_not_present,beauty,upi,453.38,3,11,delivered_no_signature,False,0.471,0.377,0,289,0.6982,True
02c2a1fc-c743-43be-adac-f6cf89ce6dd0,item_not_received,groceries,upi,522.18,2,12,signed_confirmation,True,0.442,0.956,0,657,0.8925,True
34d90467-b40e-4d6b-9e4a-a9564161d98d,not_as_described,beauty,upi,241.78,19,10,signed_confirmation,True,0.391,0.352,0,86,0.6009,False
e87fbf52-a52b-4191-a2cb-0fa0660263b2,fraud_card_not_present,electronics,upi,278.07,15,14,delivered_no_signature,False,0.319,0.32,1,1276,0.7021,False
dd8222c2-a176-428f-bdbe-557b657f4971,item_not_received,electronics,upi,4114.28,2,5,signed_confirmation,False,0.413,0.779,0,956,0.9255,True
f00290fd-0867-4f08-a445-2a3947174a5b,fraud_card_not_present,home_goods,card,785.26,1,14,in_transit,True,0.617,0.812,0,262,0.6755,True
e7c71e3b-119d-41c6-8495-ffbca0c9b8e3,not_as_described,groceries,upi,465.49,4,7,not_shipped,True,0.609,0.81,1,125,0.7653,True
98f3a2b0-15db-4bae-9fa0-655c2eda6909,not_as_described,electronics,netbanking,467.21,3,4,delivered_no_signature,True,0.914,0.499,0,104,0.7878,True
431ce53c-d64e-4094-951a-9494436f2e87,duplicate_charge,home_goods,upi,786.45,5,17,not_shipped,False,0.608,0.433,1,366,0.3131,False
1db2aa0c-d3fb-4642-9bdd-1316d6b5e148,item_not_received,beauty,card,786.64,7,21,signed_confirmation,False,0.342,0.916,0,81,0.7776,True
94467b58-5b52-45b2-a69b-177ab8f0b880,item_not_received,apparel,card,2243.49,3,4,not_shipped,False,0.606,0.232,1,308,0.0494,False
887d6994-bb6b-4ca7-902c-de00a24124f2,not_as_described,digital_goods,card,594.71,11,14,signed_confirmation,False,0.113,0.361,1,1781,0.6621,True
03cdb6f0-0e6a-4564-8ed5-c936f233b593,fraud_card_not_present,groceries,wallet,722.57,7,15,signed_confirmation,False,0.732,0.849,2,560,0.7527,False
43691ad3-40a8-45a6-9428-636c45236c33,duplicate_charge,electronics,card,1893.32,11,20,in_transit,True,0.74,0.298,2,198,0.876,True
71001bd5-736e-404d-a663-b163a20bb351,item_not_received,digital_goods,wallet,1739.56,8,6,delivered_no_signature,True,0.492,0.734,0,154,0.6787,True
dc1dfd08-683b-48fd-bfb5-0faab3c0bb85,fraud_card_not_present,apparel,upi,1567.09,10,8,in_transit,True,0.47,0.676,1,160,0.8149,True
c1230f01-4aea-4b56-895f-b605f9f1a559,not_as_described,digital_goods,card,782.9,2,21,signed_confirmation,False,0.134,0.645,2,364,0.9191,True
22f1648b-a263-4bb9-a91c-33be169e299e,not_as_described,home_goods,wallet,372.19,1,18,in_transit,True,0.969,0.355,1,301,0.5714,True
10194dbc-249a-4f4d-8533-6f0c9c74969a,item_not_received,digital_goods,upi,1644.17,4,20,signed_confirmation,True,0.396,0.792,0,412,0.949,True
8254be46-cff9-451d-a4e4-060c974f8a96,item_not_received,apparel,upi,634.97,11,18,delivered_no_signature,False,0.902,0.199,1,350,0.6782,False
425a9055-3ff4-4ceb-bc1a-3c0360ebd35f,fraud_card_not_present,digital_goods,wallet,1420.63,4,11,signed_confirmation,False,0.154,0.983,1,41,0.0809,False
ab3daa64-0240-43da-86ef-08ce7bfc366b,item_not_received,groceries,card,814.35,3,16,signed_confirmation,False,0.53,0.761,1,350,0.9303,True
ca372630-ec88-4b5c-b644-638f58bbd347,item_not_received,beauty,card,367.33,9,15,delivered_no_signature,False,0.474,0.857,1,164,0.683,False
e80587e9-fbcd-47b3-a157-a1d2088156c2,not_as_described,home_goods,card,1502.73,4,11,delivered_no_signature,False,0.419,0.802,1,202,0.8637,True
6874efc1-4cc6-4eef-a03c-a23b6947e94c,duplicate_charge,groceries,card,781.87,5,8,delivered_no_signature,False,0.364,0.652,2,577,0.7967,True
9f9d4c36-2748-4e79-b493-605152059dd9,subscription_not_cancelled,digital_goods,netbanking,657.49,24,12,in_transit,False,0.298,0.316,0,710,0.4319,False
8f4f0b8e-0056-4e3e-adee-e807393b7d98,duplicate_charge,digital_goods,card,393.69,2,12,signed_confirmation,False,0.552,0.485,0,121,0.6742,True
bdd6142e-a153-4c2f-b820-dfc91795d6f8,item_not_received,beauty,netbanking,1264.08,2,11,signed_confirmation,True,0.339,0.077,1,15,0.9429,True
3d43a321-16c6-4bc7-8cff-b31a091ec37f,subscription_not_cancelled,home_goods,upi,276.86,11,10,delivered_no_signature,True,0.192,0.35,0,633,0.5395,True
69315466-082c-46d5-aa0b-15bc57e81257,duplicate_charge,digital_goods,card,1732.47,3,15,signed_confirmation,False,0.418,0.508,1,880,0.8829,True
9d999ec2-0556-4323-967b-ec1367f49e10,item_not_received,digital_goods,card,1566.93,1,5,signed_confirmation,False,0.792,0.602,0,426,0.8639,True
4b641b7f-44b4-4131-bc30-8ad6b63d0856,fraud_card_not_present,electronics,wallet,1778.24,37,11,not_shipped,False,0.44,0.45,1,171,0.4633,True
bf76c9c9-8bbf-4603-94c8-1307ef7f5479,item_not_received,home_goods,card,2394.31,38,10,signed_confirmation,True,0.221,0.393,0,1396,0.6832,True
dab67145-3cc6-4876-a529-5ed5cc7eba0f,subscription_not_cancelled,electronics,upi,852.0,2,21,signed_confirmation,False,0.222,0.848,0,320,0.6589,True
b622adc9-441a-4434-ba8b-c15463f05fcd,fraud_card_not_present,groceries,card,741.46,19,9,signed_confirmation,True,0.483,0.459,1,523,0.5515,True
ac783b0a-9494-44f5-8632-fa8af7b784ac,item_not_received,electronics,card,1569.49,5,11,in_transit,False,0.28,0.75,0,652,0.675,True
de773c95-457a-4d9c-a146-a024fc390e3d,item_not_received,beauty,netbanking,1647.83,2,13,delivered_no_signature,False,0.701,0.301,1,932,0.7177,False
2ce13a6d-aba2-4abd-9731-d36d80fed1ff,not_as_described,digital_goods,upi,491.96,55,8,delivered_no_signature,False,0.337,0.568,0,106,0.4745,True
21b89d9a-6322-47f0-b08d-9455b6dda89a,fraud_card_not_present,groceries,upi,3669.49,2,10,signed_confirmation,False,0.507,0.745,0,617,0.6142,True
ee8d8e0b-b4fa-4c4f-ac3d-de2ad2b93901,not_as_described,digital_goods,upi,256.2,1,12,in_transit,True,0.459,0.818,0,480,0.5169,True
390ae5cb-f47b-4a6c-bdc7-268b276b5398,item_not_received,groceries,card,268.74,12,13,delivered_no_signature,False,0.26,0.434,0,571,0.522,True
748eef07-af82-4ff0-b3ce-829c789e5e1b,subscription_not_cancelled,groceries,card,6030.25,15,6,in_transit,False,0.775,0.697,2,306,0.5956,False
5c82e5c5-6510-4dd8-b834-79e4b7818c5f,fraud_card_not_present,digital_goods,card,156.64,1,15,signed_confirmation,False,0.548,0.25,2,634,0.4513,True
9c71b809-12f8-4978-b612-b2a49423099d,not_as_described,digital_goods,card,805.03,4,1,in_transit,False,0.277,0.723,0,439,0.5029,True
ba7bc44c-22cb-4388-af37-4c8286ab3331,not_as_described,home_goods,card,1757.83,7,15,not_shipped,False,0.527,0.83,0,118,0.5668,False
5b34ff1f-f3e0-496b-8576-723eaf7d37c9,item_not_received,electronics,card,5962.75,34,15,signed_confirmation,False,0.443,0.531,1,439,0.8593,True
07ec1bf8-f021-47d1-9316-18900b9ea81e,duplicate_charge,digital_goods,wallet,1130.99,2,16,delivered_no_signature,True,0.454,0.546,2,35,0.8469,True
f8c7b9e7-af2b-4ee2-987d-5d6246175046,not_as_described,beauty,card,938.15,2,7,delivered_no_signature,True,0.631,0.739,0,163,0.6332,False
f1f041d7-d203-438a-b0aa-1ab14a190014,not_as_described,digital_goods,upi,983.97,10,5,in_transit,True,0.223,0.58,0,114,0.5711,False
164d0b21-4683-45be-acac-ba62789eae64,item_not_received,apparel,netbanking,262.53,5,19,not_shipped,False,0.102,0.141,4,159,0.2495,False
551ebd2b-633d-4bac-a55e-5c3d02e6d1a1,item_not_received,groceries,card,262.03,10,4,in_transit,True,0.741,0.798,1,618,0.4718,False
aba5e062-ccf3-437c-a3e8-2c5b8434e5e5,item_not_received,home_goods,netbanking,2098.03,3,10,delivered_no_signature,False,0.167,0.894,0,15,0.293,False
aab94e95-85dc-4bc2-8f50-46a35fa9b992,item_not_received,apparel,card,5403.23,71,10,delivered_no_signature,False,0.609,0.671,0,148,0.4934,True
3f22c30b-a36a-4fc7-9a50-b94d934c9328,item_not_received,home_goods,upi,715.85,5,12,in_transit,False,0.288,0.525,0,717,0.7813,False
31f4f878-d0fa-4788-bb8d-8914f1df9ace,item_not_received,home_goods,upi,2410.26,7,6,delivered_no_signature,True,0.877,0.31,1,177,0.835,True
b2c36af9-b18b-4c52-9587-9d029c23a8c0,item_not_received,digital_goods,upi,421.11,1,3,delivered_no_signature,False,0.648,0.185,1,110,0.941,True
ec720883-8ccd-46df-a805-0595b9e7f95c,fraud_card_not_present,electronics,wallet,1629.02,2,10,delivered_no_signature,True,0.618,0.586,2,204,0.1463,False
dab9f690-411e-4d0c-9d60-13945df304ea,fraud_card_not_present,apparel,card,511.0,3,14,signed_confirmation,True,0.366,0.604,2,757,0.3833,False
5f02d43d-99b1-4523-b67e-d36456efb147,item_not_received,home_goods,upi,1111.66,11,4,signed_confirmation,True,0.606,0.499,0,298,0.8565,True
ec39e80d-7333-4538-8e91-201f5dc23e14,item_not_received,electronics,card,1028.33,5,8,in_transit,False,0.722,0.596,0,262,0.1186,True
46b92338-fd58-4700-b079-56786d304240,item_not_received,beauty,upi,523.88,2,6,signed_confirmation,False,0.552,0.726,2,243,0.9057,True
75f099bb-48f5-45fc-87ec-18f31c9f752e,not_as_described,electronics,wallet,2427.41,24,16,not_shipped,False,0.446,0.931,1,36,0.6607,True
d7e66901-bc71-495f-bd62-a1aa10a03440,duplicate_charge,electronics,card,1452.04,1,2,delivered_no_signature,False,0.785,0.78,1,1152,0.1495,False
21b7e595-8681-41ea-82ea-26ad5d3b3be9,item_not_received,digital_goods,upi,1816.45,23,19,delivered_no_signature,True,0.587,0.39,0,40,0.8246,True
57ae38f2-cfff-41fb-8183-2de170e2de1e,subscription_not_cancelled,digital_goods,card,2023.36,7,7,not_shipped,False,0.636,0.764,0,805,0.3843,True
18012240-ee0f-4135-b39a-4c1e2dde7de4,not_as_described,beauty,card,1735.95,2,8,delivered_no_signature,True,0.331,0.909,0,29,0.8595,True
db9ba20e-ebae-494a-860e-08e8b345f8ad,not_as_described,apparel,upi,1214.71,1,7,signed_confirmation,False,0.112,0.622,0,82,0.6993,False
64676876-adae-473c-8d6a-193d3ef7cc45,fraud_card_not_present,electronics,upi,972.01,1,12,delivered_no_signature,False,0.108,0.897,0,216,0.4798,True
d340e9c8-805e-402f-b5f9-26a29ed72050,not_as_described,digital_goods,upi,1222.95,7,6,signed_confirmation,True,0.43,0.423,2,543,0.6793,True
4d0ba6e5-dc05-4873-b29a-e635597f43b7,subscription_not_cancelled,electronics,card,4044.0,5,8,delivered_no_signature,False,0.178,0.602,2,28,0.1607,False
82869ef5-3458-435c-a8bf-056ddb2c2943,fraud_card_not_present,apparel,card,496.4,1,12,signed_confirmation,True,0.119,0.542,1,452,0.1929,True
6aa44aba-1c91-44ee-b855-8c332bfe9d93,fraud_card_not_present,digital_goods,upi,2897.0,12,11,signed_confirmation,False,0.627,0.363,0,554,0.7405,True
60648f94-c74e-4861-983d-b718a0707707,subscription_not_cancelled,home_goods,card,118.46,1,8,signed_confirmation,True,0.392,0.069,0,876,0.7494,True
15c33128-6e53-4f7d-912f-a52a72870d57,subscription_not_cancelled,apparel,upi,605.92,10,3,signed_confirmation,True,0.508,0.473,1,499,0.1889,True
e71a8d4a-275a-494e-8eb2-7a8ecc519117,fraud_card_not_present,digital_goods,netbanking,325.08,2,1,not_shipped,True,0.19,0.802,0,92,0.3864,True
0ae0f599-3d98-45f2-b260-ed097b57ed13,item_not_received,digital_goods,card,296.86,1,13,in_transit,False,0.643,0.146,1,289,0.0938,False
25f2ce95-f5e5-4f49-a1da-8b612238509d,item_not_received,apparel,card,342.79,2,14,delivered_no_signature,False,0.877,0.784,1,193,0.3723,True
2cae21ea-800d-4633-8160-bd60db3f98cb,item_not_received,home_goods,upi,244.42,20,5,in_transit,True,0.638,0.752,0,357,0.3094,False
3d504aa5-f72f-49d9-ad96-8bca9ea19da7,item_not_received,electronics,upi,470.77,25,9,delivered_no_signature,True,0.957,0.635,3,277,0.7041,True
965757a8-50c8-4b31-996b-1109395bfe55,not_as_described,home_goods,upi,279.01,11,16,delivered_no_signature,False,0.755,0.96,1,860,0.4876,False
ae83d0f6-de3f-4a1b-83d8-198db9dd20d3,subscription_not_cancelled,groceries,card,2969.72,7,21,not_shipped,False,0.882,0.812,0,25,0.4682,True
f3193bc8-a3f6-4073-8898-1ae8a068070d,fraud_card_not_present,groceries,card,1329.44,1,19,signed_confirmation,False,0.297,0.648,0,15,0.6342,False
2996bece-aac4-4579-ac21-a0e07b53f82e,fraud_card_not_present,digital_goods,upi,2030.87,6,13,not_shipped,True,0.381,0.318,2,92,0.1245,False
a62bf314-767a-4686-9d65-1e010138f065,fraud_card_not_present,electronics,netbanking,518.28,1,16,signed_confirmation,False,0.655,0.843,0,144,0.7948,True
55d21a89-3bb9-4d82-83ff-715b9ab7c9bd,item_not_received,digital_goods,card,1365.9,8,16,delivered_no_signature,False,0.668,0.53,1,239,0.8638,False
929f49fc-e3c2-45d1-8c6f-7b3e500b7aad,not_as_described,apparel,card,1363.82,1,6,delivered_no_signature,True,0.449,0.512,1,664,0.4084,False
97972273-38da-4331-95e2-5433498bb135,item_not_received,beauty,card,907.78,15,11,delivered_no_signature,False,0.909,0.882,1,187,0.6986,False
8e7acaef-2872-483a-83da-1268c762a15d,duplicate_charge,digital_goods,card,1206.28,7,9,delivered_no_signature,False,0.461,0.781,0,171,0.3421,True
bcbbe77f-b325-4561-a631-34f35fbdcdb5,not_as_described,digital_goods,wallet,1281.35,5,13,delivered_no_signature,False,0.555,0.844,0,822,0.5817,False
684f2622-a90e-4254-91c3-beeea429668b,fraud_card_not_present,beauty,upi,1959.32,17,18,in_transit,False,0.95,0.294,0,144,0.8999,True
9a86b5a7-6d0f-4343-80dc-c70f4385e13a,item_not_received,digital_goods,wallet,1018.36,28,2,not_shipped,True,0.669,0.625,0,792,0.1448,False
6dae9338-cd7a-4f98-bf16-1dfb0090bbda,item_not_received,apparel,card,1425.13,5,17,signed_confirmation,False,0.702,0.646,4,452,0.8121,True
cb971672-ef1a-4a55-aeac-12db6b4ee31f,item_not_received,electronics,wallet,355.86,5,9,delivered_no_signature,False,0.523,0.293,0,464,0.3786,False
d2707420-5a4c-4e46-a718-c19ba31327ed,not_as_described,beauty,card,370.37,6,2,in_transit,False,0.419,0.601,1,193,0.4114,False
0b002f65-d7fe-4dff-8e30-8ab6bba3fdae,item_not_received,digital_goods,upi,1488.89,26,10,delivered_no_signature,True,0.886,0.977,0,758,0.4116,False
e3be47f5-ac39-4263-8a00-046bc8cd25c4,fraud_card_not_present,apparel,card,249.33,15,4,in_transit,False,0.282,0.405,2,420,0.2664,False
fcce0d51-c50d-4f78-8bc2-051ee83f62a4,item_not_received,home_goods,wallet,3746.32,12,10,signed_confirmation,False,0.428,0.819,0,266,0.8439,True
c2317211-83e5-4f8e-ae17-067da6d48ccd,item_not_received,home_goods,netbanking,406.51,6,1,not_shipped,True,0.292,0.493,0,969,0.1469,False
6a62cae1-9bf1-4076-9d82-415d4b5e3096,subscription_not_cancelled,digital_goods,upi,2189.24,4,14,delivered_no_signature,False,0.569,0.8,0,141,0.4522,False
00aab315-f187-4772-b568-4fa0e8b6f125,not_as_described,home_goods,card,1111.28,17,9,in_transit,False,0.216,0.675,0,875,0.5017,False
11593d61-b875-4ede-9bb3-d9dd57f43b37,fraud_card_not_present,electronics,card,1626.16,26,1,in_transit,True,0.506,0.655,1,1030,0.6439,True
7ef44c21-26a1-483b-8a3c-821f3b9cab89,fraud_card_not_present,electronics,upi,2250.33,10,4,signed_confirmation,False,0.641,0.41,0,46,0.2978,False
0348c5a1-05f4-4dd5-a55e-9dfa72f25245,duplicate_charge,home_goods,wallet,648.39,5,15,in_transit,False,0.861,0.923,1,381,0.6569,True
62f18bc9-a35c-4450-903c-2e9e0aa1a950,item_not_received,home_goods,card,996.64,1,9,in_transit,False,0.225,0.851,0,79,0.3392,False
a705424f-c3ba-42e6-b894-15f22d7d7c59,fraud_card_not_present,digital_goods,card,269.43,7,10,delivered_no_signature,False,0.243,0.394,1,784,0.2692,False
c6117cf0-7114-4261-9376-d9b3fae10735,fraud_card_not_present,home_goods,card,1722.46,4,10,signed_confirmation,False,0.787,0.447,1,90,0.2294,False
6f46efd5-8e04-4d62-8550-f7888d710c1f,not_as_described,beauty,card,855.64,13,17,signed_confirmation,True,0.654,0.367,1,249,0.6284,False
dd109970-dbc5-4fba-a6b2-976651bd9725,fraud_card_not_present,apparel,card,377.09,38,4,not_shipped,True,0.899,0.328,0,162,0.7264,True
ae5db8ff-3433-460d-aa3a-aa87eea79bdb,subscription_not_cancelled,digital_goods,upi,10741.3,4,7,signed_confirmation,True,0.602,0.757,1,47,0.6297,True
75b9f881-5b2f-46e3-b43f-b395dcfa557c,not_as_described,beauty,card,393.78,2,12,delivered_no_signature,False,0.156,0.638,0,807,0.5759,False
2cded42d-eb69-45f1-9725-6039042d3b92,duplicate_charge,home_goods,card,643.84,3,12,signed_confirmation,False,0.26,0.573,0,952,0.4689,True
c012c0cc-48ad-4f8e-9f2a-f55161660da3,duplicate_charge,apparel,card,1388.95,12,2,signed_confirmation,False,0.482,0.504,0,141,0.4785,True
27d852aa-d925-4e75-b2f6-0bb97256eead,not_as_described,groceries,wallet,572.52,15,5,signed_confirmation,False,0.408,0.446,0,90,0.5524,True
8ef0c5bc-6f82-4d72-a090-592498cb204f,fraud_card_not_present,groceries,card,2049.26,27,7,signed_confirmation,False,0.854,0.789,2,123,0.5166,True
02373617-7276-4814-878b-fc6069f2885a,fraud_card_not_present,electronics,card,372.79,7,10,not_shipped,False,0.534,0.2,0,462,0.4139,True
05849bf4-f569-49e8-86c9-8aff73190de5,not_as_described,apparel,card,324.23,5,4,signed_confirmation,False,0.409,0.479,0,417,0.5516,True
97677017-aaba-4c62-91ae-152ff3b59a8f,fraud_card_not_present,home_goods,card,201.41,15,14,signed_confirmation,True,0.324,0.693,0,127,0.5466,False
cccf5003-2342-4d39-8f75-67348b18f216,item_not_received,groceries,card,469.53,11,17,delivered_no_signature,True,0.555,0.411,1,27,0.9243,True
fbad09f0-b669-4935-b088-d0e8bdfdd71e,not_as_described,electronics,upi,1662.08,6,16,not_shipped,False,0.709,0.454,1,459,0.7727,True
b0818c61-a508-4f93-aa9d-11ff5f8bea0f,not_as_described,digital_goods,upi,1793.68,8,19,not_shipped,False,0.219,0.84,1,501,0.5186,False
c01b2061-28fa-4642-ae3b-cfa06cd8ef84,not_as_described,digital_goods,wallet,578.32,1,14,signed_confirmation,False,0.673,0.38,0,475,0.339,True
f95118cc-6ce4-434d-bcd8-789cb027c037,not_as_described,groceries,card,1793.75,16,7,in_transit,False,0.101,0.511,1,276,0.6696,True
27e0d278-dba0-4495-99f9-525b71df3652,fraud_card_not_present,apparel,wallet,379.14,4,11,delivered_no_signature,False,0.576,0.522,2,845,0.2335,True
028283b4-5611-4ffd-976f-087e2bfc626f,fraud_card_not_present,groceries,upi,858.93,11,8,in_transit,False,0.684,0.481,1,68,0.3843,True
f7e06bfc-148c-4120-a57c-255289b23941,fraud_card_not_present,home_goods,upi,190.7,4,10,signed_confirmation,False,0.178,0.547,1,260,0.6354,True
6c561982-83a3-4e09-8584-75f1548447b7,item_not_received,digital_goods,upi,2202.53,17,10,delivered_no_signature,True,0.768,0.859,1,658,0.622,False
4b0ac516-d9df-4b8f-8c67-dd213ba98b5a,fraud_card_not_present,electronics,upi,414.56,27,20,not_shipped,True,0.317,0.561,0,549,0.1949,False
9c1e80d9-4860-4221-9225-3bd7f5baf4b0,fraud_card_not_present,apparel,card,2518.63,17,3,signed_confirmation,False,0.396,0.388,0,378,0.2535,False
53bd65ea-10f6-47a1-b174-b948f9e50d76,subscription_not_cancelled,apparel,netbanking,1368.33,5,3,in_transit,True,0.408,0.428,0,322,0.7054,False
119c9635-1497-4e7f-89c8-3315a9d16481,item_not_received,digital_goods,upi,276.05,2,3,signed_confirmation,True,0.377,0.631,0,368,0.9206,True
adf2b1ed-cfc7-476f-9d17-49e56cd73bd1,fraud_card_not_present,electronics,card,1722.21,1,13,signed_confirmation,True,0.22,0.634,0,13,0.1257,False
26452fd2-a06a-47c0-86d4-5fed5620cb4e,duplicate_charge,groceries,card,239.44,15,5,signed_confirmation,False,0.406,0.771,0,84,0.2572,False
0ea7b0e1-27c7-475a-bbc0-f778012d1c3c,fraud_card_not_present,digital_goods,upi,1489.19,3,8,delivered_no_signature,True,0.384,0.243,0,42,0.7459,True
377f6a7c-56da-4959-9ec1-83594adfdf60,not_as_described,home_goods,upi,2039.43,9,8,signed_confirmation,True,0.445,0.469,0,297,0.6032,True
6dea03fe-7f53-41d1-886e-7541951a6f09,not_as_described,electronics,upi,393.35,1,7,signed_confirmation,False,0.27,0.883,1,627,0.7141,False
09fda5ab-e5aa-49e2-b21f-35cabc35d8bd,duplicate_charge,home_goods,card,582.19,2,1,in_transit,False,0.532,0.836,1,1485,0.547,True
63c456ec-d987-4c78-aca6-ed91bc000b82,duplicate_charge,beauty,netbanking,3016.36,2,15,delivered_no_signature,False,0.771,0.982,0,88,0.4117,True
bd94a50c-328a-4624-bdc2-a9b7a2d20884,fraud_card_not_present,groceries,upi,936.97,3,5,signed_confirmation,True,0.495,0.523,1,210,0.5253,False
01f92ab8-77f3-463a-b4c5-a5bacd697b0d,item_not_received,groceries,card,1503.64,42,13,not_shipped,True,0.068,0.561,2,32,0.0819,False
1486cb28-dafe-49e6-bd54-0bdc9e71785d,item_not_received,digital_goods,card,529.17,4,13,delivered_no_signature,False,0.305,0.543,1,351,0.6912,False
d855375e-556f-425b-919a-535387d829c3,duplicate_charge,apparel,card,779.01,16,18,in_transit,True,0.726,0.665,1,297,0.751,True
2421021b-2743-4941-965e-184c4104c0f8,item_not_received,home_goods,netbanking,400.76,4,12,delivered_no_signature,True,0.521,0.97,0,439,0.8091,True
bda1e32e-9593-40de-a119-9e4d191456b3,item_not_received,electronics,upi,4679.23,33,10,signed_confirmation,True,0.831,0.675,1,202,0.9543,True
6881f0e3-b2ac-4afa-ae14-e40bd993fe8d,duplicate_charge,groceries,card,272.02,3,14,delivered_no_signature,False,0.501,0.295,3,649,0.1553,False
8ae966ce-c27d-44bd-866e-276619826502,item_not_received,digital_goods,card,731.41,1,5,in_transit,False,0.492,0.532,1,515,0.1097,False
3249c445-1330-4ebe-878e-4c7af5b4b839,item_not_received,apparel,upi,1407.85,1,15,in_transit,False,0.69,0.55,1,70,0.2577,True
673f7c66-5d2a-48a7-94b6-8ae515b3fd1d,fraud_card_not_present,beauty,upi,589.62,7,21,delivered_no_signature,False,0.467,0.512,1,2103,0.4257,False
a83d11c4-5d63-4c63-bbb6-7b3386d49432,item_not_received,beauty,upi,2472.79,10,7,signed_confirmation,False,0.046,0.769,1,471,0.6585,True
0a540795-863f-4dee-8871-96f6002f8036,fraud_card_not_present,apparel,upi,281.51,3,3,signed_confirmation,True,0.53,0.705,0,346,0.4358,False
c0c641f8-883b-4a34-91f6-4a7e822dc8e3,fraud_card_not_present,apparel,wallet,678.1,14,1,signed_confirmation,False,0.91,0.764,0,33,0.5681,False
7b1a2e1c-1a8a-45cb-afd6-b4b2789efb73,subscription_not_cancelled,beauty,upi,423.6,3,2,signed_confirmation,False,0.545,0.31,0,328,0.6186,False
3de597a2-150e-4382-abdb-3744555f47d0,duplicate_charge,digital_goods,wallet,677.09,42,14,signed_confirmation,True,0.423,0.305,2,554,0.8105,True
31892d8d-f7d3-4d05-9af8-eaa630e056cd,not_as_described,electronics,card,972.4,9,14,signed_confirmation,True,0.575,0.629,1,372,0.7607,False
c7968c91-a4e8-4eef-ba4f-6e947e2d3ff7,fraud_card_not_present,apparel,upi,622.58,33,2,delivered_no_signature,True,0.846,0.746,2,54,0.1474,False
e38cad04-2a85-49ba-aa8a-3707428efa76,item_not_received,digital_goods,card,144.83,1,10,delivered_no_signature,False,0.452,0.734,4,136,0.8924,True
e10c871f-1205-4211-aa45-67dc9a011cdd,item_not_received,groceries,netbanking,548.0,9,9,in_transit,True,0.586,0.537,2,433,0.291,False
23e94921-e6c1-4cf6-a6b7-91a8ee783133,fraud_card_not_present,electronics,card,2901.7,8,9,signed_confirmation,True,0.267,0.467,0,827,0.6588,True
e4332dc8-5f06-4a19-ae9a-769b0d6ed3b8,not_as_described,digital_goods,card,1552.65,6,6,delivered_no_signature,False,0.329,0.465,1,32,0.2911,True
e4b29305-e711-4ff9-b80e-c7a416150e3e,item_not_received,apparel,card,711.69,9,10,signed_confirmation,True,0.232,0.781,0,76,0.7383,True
8058ff30-cdc6-45e4-b938-c702f2609a75,duplicate_charge,apparel,card,2247.26,6,1,delivered_no_signature,True,0.826,0.696,1,213,0.4264,True
af11948d-825f-44fa-9f9e-cfc022e3ef6a,item_not_received,apparel,upi,1017.09,2,3,delivered_no_signature,False,0.634,0.401,1,489,0.4941,True
1a1e366b-f114-49bc-9fb0-7265e2213f82,duplicate_charge,groceries,card,2415.96,11,8,signed_confirmation,False,0.287,0.411,0,1383,0.8189,True
bb76e848-1102-4a51-84f2-4588e6b5fa86,item_not_received,digital_goods,card,557.47,16,5,signed_confirmation,False,0.408,0.688,0,450,0.9798,True
278d0087-a2ae-4fe9-acd8-8bf0783a11c1,fraud_card_not_present,home_goods,wallet,1742.81,11,6,delivered_no_signature,False,0.734,0.685,0,45,0.1268,False
48ec417b-98c2-4e39-8d13-e14c8e747c77,item_not_received,digital_goods,upi,814.76,4,10,delivered_no_signature,True,0.273,0.793,0,17,0.2942,False
c39f34fb-79b9-46ff-8a6b-65c5d06b9bea,duplicate_charge,apparel,upi,1125.01,27,15,signed_confirmation,False,0.725,0.961,1,327,0.5214,True
0e47a7b9-8e87-4c63-b2d8-e1e497cd1907,fraud_card_not_present,electronics,upi,1243.29,6,16,not_shipped,False,0.687,0.418,1,11,0.2812,False
fe808b15-5f9a-4df9-a569-9a0fe8592a23,subscription_not_cancelled,apparel,card,461.51,1,13,signed_confirmation,False,0.668,0.529,3,287,0.5033,False
660929c7-d88c-4d2a-8e4d-28c96a12259e,not_as_described,electronics,upi,235.44,19,20,in_transit,True,0.41,0.863,0,352,0.8152,True
48975838-6ae9-41eb-a6c7-ff02e4b3249b,item_not_received,electronics,upi,1132.25,19,21,not_shipped,False,0.647,0.672,0,356,0.121,True
8a2f8657-c455-419f-b665-9589576f8c66,fraud_card_not_present,electronics,card,1263.23,10,9,in_transit,False,0.067,0.721,1,116,0.1723,False
404d70ab-bb52-4c89-9c87-9e11679fa0cf,item_not_received,digital_goods,upi,406.51,15,4,delivered_no_signature,False,0.624,0.555,0,34,0.2847,True
376491e7-4387-4590-8810-4609a31db86a,not_as_described,apparel,card,936.01,9,5,delivered_no_signature,False,0.426,0.588,0,131,0.4909,True
d0fc28a5-b5c7-462d-8713-06d80299b417,item_not_received,beauty,upi,2796.55,8,13,delivered_no_signature,True,0.448,0.867,0,57,0.8847,True
7e7e9455-a6ad-42c6-9a70-1dc922e13e38,subscription_not_cancelled,beauty,card,639.29,3,21,signed_confirmation,False,0.356,0.936,0,399,0.5821,False
fcca8b64-f2c1-4002-ab6a-908d287a5947,duplicate_charge,digital_goods,card,736.36,25,3,signed_confirmation,False,0.868,0.461,0,54,0.7711,True
e3862850-25fb-4cd7-af38-ac5d04968ff6,not_as_described,groceries,wallet,373.24,1,14,delivered_no_signature,True,0.283,0.662,0,13,0.6322,False
5b45b552-41c5-4883-a02d-681be544f1cc,fraud_card_not_present,electronics,upi,914.03,5,4,signed_confirmation,False,0.142,0.352,0,123,0.5086,False
43607d45-8aef-433d-97c5-a83a4ea56e8c,not_as_described,beauty,netbanking,4998.09,4,9,signed_confirmation,False,0.209,0.937,1,315,0.4254,True
73fae8a0-a2f0-45c8-8c54-85c8a991db42,fraud_card_not_present,home_goods,card,428.07,9,17,delivered_no_signature,True,0.514,0.559,0,199,0.4823,True
f5016388-02bd-4c55-bb22-6a977fc19f06,fraud_card_not_present,groceries,upi,401.23,9,15,delivered_no_signature,True,0.709,0.7,0,409,0.4112,True
d06b7fae-e687-4b44-80ef-7a644abac559,not_as_described,groceries,card,1219.97,14,8,delivered_no_signature,True,0.209,0.924,2,400,0.9094,True
fad9e281-40f1-468c-bef5-7bc08351bdb3,subscription_not_cancelled,groceries,card,4119.82,2,6,signed_confirmation,False,0.709,0.472,0,28,0.5212,False
4781f4a2-1aa8-4d5a-98a2-c52df667fb01,item_not_received,beauty,card,489.46,9,20,in_transit,True,0.502,0.816,2,475,0.3322,False
c9a79eb9-6996-428a-91e4-76fb43ebcef6,fraud_card_not_present,beauty,card,1576.4,24,11,signed_confirmation,True,0.331,0.441,1,36,0.3704,False
8abda3a5-0fe0-4821-a41a-a03cba299cc9,fraud_card_not_present,digital_goods,card,278.59,18,4,signed_confirmation,False,0.648,0.368,2,173,0.9004,True
07e5e7b1-e04b-4f92-a75e-337f346eb9fa,fraud_card_not_present,apparel,upi,1017.74,1,19,delivered_no_signature,True,0.339,0.67,0,72,0.8705,True
e3e3ed24-14ac-47a0-a198-01f664ccbcb7,subscription_not_cancelled,electronics,wallet,1245.2,33,1,in_transit,False,0.75,0.784,0,8,0.5972,False
d3bc2810-8cd4-4635-8fbb-720b94a56d2b,subscription_not_cancelled,electronics,wallet,2319.01,14,13,signed_confirmation,True,0.189,0.674,0,351,0.6776,True
1b2b84c5-33cb-4107-9c65-1bd12821058f,fraud_card_not_present,apparel,upi,818.06,2,6,signed_confirmation,False,0.46,0.351,0,500,0.5413,False
cc7bd5b1-9e41-451a-9a1b-947002431602,not_as_described,digital_goods,upi,205.23,4,12,signed_confirmation,False,0.404,0.71,0,21,0.8604,True
10e2d298-534c-4414-a08a-d786ca138c94,item_not_received,digital_goods,card,1419.38,34,16,signed_confirmation,False,0.529,0.42,1,829,0.7418,True
0df72f1f-5744-4781-b85a-3536809ca559,item_not_received,electronics,card,753.82,2,8,delivered_no_signature,False,0.862,0.731,1,545,0.9389,True
49859987-85a9-429d-b25c-9ead6b260f61,not_as_described,beauty,netbanking,417.73,4,15,in_transit,True,0.549,0.369,1,2471,0.7482,True
eac968bb-2bc2-422a-8312-5c97bd7ca56a,not_as_described,groceries,card,188.74,3,20,delivered_no_signature,True,0.373,0.434,2,456,0.6198,True
c416d365-b630-40d7-9f3a-60f08165d649,fraud_card_not_present,groceries,card,2802.8,16,20,signed_confirmation,False,0.838,0.293,1,125,0.8136,True
e90a1f69-5806-48c5-baa8-438330d62588,duplicate_charge,home_goods,upi,5418.25,5,10,delivered_no_signature,True,0.533,0.635,1,31,0.9093,True
63815546-bdab-4e33-9a12-3f8c8519d5cd,not_as_described,apparel,card,642.72,19,12,signed_confirmation,False,0.163,0.712,1,454,0.6773,False
72350a38-0af1-499d-b649-87042a7454f2,not_as_described,home_goods,upi,271.07,7,12,signed_confirmation,True,0.602,0.473,2,49,0.4619,True
8922672c-7831-4dc9-8123-b7d8072d5d19,fraud_card_not_present,groceries,card,1268.93,14,9,delivered_no_signature,True,0.943,0.753,0,28,0.6147,True
dc7bdff7-9eed-49d8-952f-aa07fbd1c654,item_not_received,groceries,card,1934.28,3,17,signed_confirmation,True,0.331,0.526,1,405,0.8902,True
59620f79-0135-4450-a176-a73fe5154ec9,fraud_card_not_present,home_goods,upi,87.31,16,13,signed_confirmation,False,0.458,0.603,1,167,0.3641,False
5f481f82-1b72-4683-b3a1-927f8a927457,not_as_described,groceries,wallet,155.9,9,16,delivered_no_signature,True,0.456,0.859,0,488,0.918,False
cb33ffcb-b481-4ee2-af1f-6ebe43109abb,fraud_card_not_present,home_goods,card,1944.12,22,1,signed_confirmation,True,0.519,0.703,2,995,0.3611,True
47072c54-2cbf-46f1-99a2-2e561e0765d2,duplicate_charge,groceries,card,625.72,15,13,signed_confirmation,True,0.308,0.222,0,149,0.9056,False
597507f0-fd9b-44f6-a6bb-b240c8805b67,fraud_card_not_present,home_goods,netbanking,229.81,2,6,signed_confirmation,True,0.915,0.574,0,1117,0.6336,True
4a1378ed-5175-4deb-b07a-f01c1b16dfba,fraud_card_not_present,digital_goods,card,235.58,9,3,signed_confirmation,False,0.687,0.296,1,846,0.877,True
c63a7d7c-1505-4557-9cec-293ba29d40b9,duplicate_charge,digital_goods,wallet,1331.55,3,3,delivered_no_signature,False,0.605,0.868,1,189,0.5363,False
e795b164-8962-4117-81f7-4ea6443e53c6,fraud_card_not_present,digital_goods,upi,668.13,23,16,in_transit,False,0.626,0.316,1,139,0.6603,False
f2d1169d-1d55-4552-91fb-7a41bbdee943,fraud_card_not_present,groceries,upi,686.62,60,12,signed_confirmation,True,0.7,0.844,2,328,0.2892,False
340d5032-d445-4327-aa40-711e1cc4d90d,item_not_received,digital_goods,card,478.94,5,21,in_transit,True,0.411,0.624,1,163,0.2965,False
6353a05b-336d-4a58-acdc-0434c6b3e0f8,fraud_card_not_present,groceries,upi,466.88,16,5,signed_confirmation,False,0.599,0.777,0,903,0.7751,True
a47ccff9-4447-470b-a04a-d57408789d99,fraud_card_not_present,apparel,upi,849.3,30,16,signed_confirmation,False,0.684,0.726,2,242,0.2275,False
208437bc-5dc8-4b36-b984-8d42893ea92c,fraud_card_not_present,digital_goods,upi,660.42,9,4,signed_confirmation,False,0.645,0.93,0,186,0.425,True
0b7744d4-222f-40f1-9808-eef40e7b351e,item_not_received,home_goods,wallet,2197.49,2,10,in_transit,True,0.171,0.639,1,39,0.5993,False
cc742d3f-5851-4035-ad3f-8c88282226b2,fraud_card_not_present,apparel,upi,605.29,23,6,delivered_no_signature,False,0.55,0.767,1,1079,0.7457,False
4ab3b973-47ee-475f-b81d-0139ea5f4768,subscription_not_cancelled,home_goods,card,65.76,43,8,signed_confirmation,False,0.291,0.17,0,119,0.4755,True
ef793ce0-633f-416c-b59a-1fe20f6abf79,item_not_received,home_goods,card,581.27,9,17,in_transit,False,0.402,0.807,0,265,0.1828,False
af5ca226-10dc-43ee-af64-6dc1fe40f4a9,fraud_card_not_present,apparel,upi,1571.66,42,15,signed_confirmation,True,0.157,0.811,2,384,0.2877,False
f82d8c1e-ca2b-4ee3-8d3a-75fabb5274ab,item_not_received,beauty,netbanking,141.9,14,3,delivered_no_signature,False,0.535,0.423,1,12,0.6286,False
79f8ab54-a5c4-42d9-ae4f-719a8924b946,item_not_received,electronics,card,424.02,13,13,in_transit,False,0.315,0.78,0,128,0.3577,True
bd63a2df-c4e4-4059-bf1a-771443e503c4,not_as_described,digital_goods,card,509.68,1,12,signed_confirmation,True,0.498,0.379,1,188,0.3655,True
f03a9d06-cf55-40f4-adf6-6a7cc2b61387,fraud_card_not_present,groceries,card,3117.76,5,15,signed_confirmation,True,0.4,0.617,0,260,0.5924,False
3604124f-5cb5-4272-8c97-3f0cff213b20,duplicate_charge,home_goods,card,143.05,8,12,delivered_no_signature,False,0.265,0.699,1,733,0.5968,False
3c05e2ef-f716-43fc-a996-812f2935acbf,duplicate_charge,apparel,card,945.64,9,16,not_shipped,False,0.4,0.545,0,55,0.6081,True
fc1f4d74-fa4d-4dc5-ba6f-43e2c641a60a,fraud_card_not_present,digital_goods,card,266.75,5,13,not_shipped,True,0.309,0.298,1,334,0.3045,True
82a67eeb-f3e4-4987-bc9f-2bd3aacdde68,fraud_card_not_present,apparel,upi,299.52,1,18,in_transit,True,0.898,0.49,2,396,0.2921,True
29762d71-d0ae-4977-9fca-fb54a9b197a6,fraud_card_not_present,digital_goods,netbanking,1312.05,93,18,signed_confirmation,False,0.544,0.709,0,1110,0.4481,False
9f349752-e8e1-454f-8a9c-55ea8973e36e,fraud_card_not_present,electronics,card,3971.67,31,16,signed_confirmation,True,0.153,0.834,0,87,0.1051,False
3cc94a42-9696-42fe-8799-23ead7a83c5e,not_as_described,apparel,card,902.63,1,15,delivered_no_signature,False,0.977,0.625,0,181,0.5665,True
e88b84c1-047f-438a-b3c6-23e161078605,subscription_not_cancelled,apparel,card,1625.55,4,11,signed_confirmation,False,0.879,0.863,0,1393,0.7613,False
ee28601a-1726-4dd3-af7e-c8f8c3c3fa64,fraud_card_not_present,home_goods,wallet,4019.42,4,12,signed_confirmation,False,0.248,0.71,0,8,0.2146,False
d93dbbd7-2b3c-4064-a5a8-35890772afc0,duplicate_charge,groceries,card,521.99,1,21,signed_confirmation,False,0.386,0.493,0,653,0.6972,True
a06f1c41-dde4-47a1-aef9-810f99ae8364,item_not_received,groceries,upi,2285.48,28,4,in_transit,True,0.542,0.479,1,357,0.125,False
dae0935c-0346-48a3-bb96-709e682f338c,subscription_not_cancelled,digital_goods,netbanking,3030.22,3,14,delivered_no_signature,True,0.774,0.492,1,487,0.3623,True
4fdb99cb-c6c6-4872-a34e-3b5dc7ac5b49,item_not_received,apparel,upi,282.69,1,19,signed_confirmation,False,0.309,0.928,0,478,0.8125,True
e83d1dfb-6fdb-42ca-a960-d4e64f792037,not_as_described,beauty,card,2029.67,9,5,signed_confirmation,False,0.528,0.878,2,178,0.6974,True
e6d721bf-2bc4-463e-a80a-3676a71d607f,item_not_received,groceries,upi,1178.12,21,2,signed_confirmation,False,0.513,0.725,1,5,0.8213,False
663a0175-d868-4f3b-a460-8950e0e5cf92,item_not_received,groceries,netbanking,774.73,12,12,not_shipped,False,0.348,0.764,2,225,0.1035,False
bb1d8e9e-2f03-4f38-8d62-7c640149bc83,not_as_described,digital_goods,wallet,904.82,3,13,delivered_no_signature,False,0.529,0.697,1,26,0.5599,True
5982a3b2-c1cf-4f8f-b26d-9fdd04f42bea,item_not_received,beauty,upi,1268.25,16,20,signed_confirmation,False,0.313,0.568,0,338,0.7972,False
4086d340-7126-42f4-876a-0aaccdc709e8,item_not_received,groceries,upi,528.09,7,11,delivered_no_signature,False,0.621,0.599,1,373,0.6615,True
6bc93258-0c14-410d-9ee9-ee690123c117,not_as_described,digital_goods,upi,786.89,20,17,signed_confirmation,False,0.747,0.473,2,5,0.3698,False
6afb93de-9de9-4c83-962c-f7d169462c36,item_not_received,beauty,wallet,7146.71,2,15,delivered_no_signature,False,0.643,0.526,0,245,0.6935,False
db144c0e-6418-4cb2-a83c-8c50fed7dd5a,subscription_not_cancelled,electronics,card,1117.29,1,17,in_transit,True,0.471,0.604,1,410,0.6436,True
e9bf99c5-4592-4a8a-96a4-c962931260a7,item_not_received,home_goods,upi,583.02,6,6,delivered_no_signature,True,0.799,0.268,1,872,0.828,True
b4541bf8-f181-466c-bd51-63e8cca0e535,fraud_card_not_present,home_goods,card,700.19,4,2,not_shipped,False,0.038,0.655,0,1034,0.1048,False
b4a04b97-725a-4ad0-87b0-49cca155b63c,not_as_described,electronics,wallet,1460.17,50,17,delivered_no_signature,True,0.466,0.173,1,628,0.2386,False
3787674b-2ec4-4a9a-9405-c1cfed454104,item_not_received,electronics,card,1037.26,14,20,signed_confirmation,False,0.315,0.395,2,101,0.8729,True
8c068e8a-75e2-4c44-b84d-65697bf964b0,subscription_not_cancelled,home_goods,upi,511.89,6,7,signed_confirmation,True,0.429,0.404,1,1023,0.645,True
0ae88bfd-49b1-4351-bcf4-d8cae3b54783,duplicate_charge,apparel,upi,1756.32,10,16,signed_confirmation,True,0.58,0.77,0,474,0.8005,True
8817a5c9-da57-4ad8-81fd-d5533f7a4038,duplicate_charge,beauty,upi,1107.7,9,9,delivered_no_signature,True,0.89,0.807,1,14,0.95,True
a907d809-9726-4351-81d0-9ef2d3220181,item_not_received,electronics,card,980.43,1,17,signed_confirmation,True,0.173,0.886,2,442,0.8999,True
b726f822-cf2f-42ee-8d2c-3abdf61d9252,not_as_described,digital_goods,card,675.99,1,10,signed_confirmation,False,0.661,0.801,0,491,0.7867,True
110aaae0-5d1c-4e9d-bb0b-b45e99c9ec6d,item_not_received,home_goods,card,764.94,7,3,delivered_no_signature,False,0.232,0.114,0,388,0.5486,True
97328bb2-e10a-4fe1-9acc-f4dbfb91998f,subscription_not_cancelled,electronics,card,909.26,31,19,delivered_no_signature,True,0.479,0.92,0,309,0.8087,True
067ef208-864e-40e5-9bf4-d0d07b5c0a9f,fraud_card_not_present,digital_goods,card,468.18,2,7,signed_confirmation,False,0.641,0.862,0,770,0.7823,True
40da5c86-972c-41ec-b7f1-6796f3b212a1,not_as_described,home_goods,upi,423.5,5,2,in_transit,True,0.35,0.684,0,353,0.7499,True
3fd4f0fa-36a2-4af0-ac52-cc1421c7394c,fraud_card_not_present,apparel,card,334.25,13,16,signed_confirmation,True,0.26,0.456,1,1329,0.1525,False
866884af-5005-48ab-84bf-06f3770e7f15,item_not_received,beauty,upi,643.8,3,10,signed_confirmation,False,0.799,0.28,0,855,0.7064,True
095cbd82-b5d2-4434-9ed4-e573f5a5f572,fraud_card_not_present,beauty,card,676.26,24,17,in_transit,True,0.713,0.264,2,24,0.2617,False
85fd7a10-278f-4a85-a281-f62593ea13f3,item_not_received,electronics,card,5627.98,1,21,signed_confirmation,False,0.074,0.246,0,180,0.797,False
19a84e30-9ff0-481a-8a5c-d3ff9f16ea45,item_not_received,groceries,upi,720.56,8,13,delivered_no_signature,True,0.595,0.556,1,121,0.767,True
d42a91ad-d32b-41f0-a36a-b04031f9af99,fraud_card_not_present,digital_goods,card,736.76,42,14,delivered_no_signature,False,0.627,0.375,0,16,0.6135,True
560ca3a2-91a3-4c67-bcbe-a2f9bcdea43a,fraud_card_not_present,electronics,upi,403.62,20,19,delivered_no_signature,False,0.11,0.414,0,1629,0.6343,True
58799def-f810-4db2-be65-5cc28c36a61b,duplicate_charge,groceries,card,182.27,22,18,in_transit,True,0.778,0.82,0,92,0.3961,True
0283a8e1-c748-40f6-be34-b7966fd2567a,item_not_received,digital_goods,upi,5728.73,4,15,signed_confirmation,True,0.63,0.354,0,146,0.8947,True
0fb372ed-691b-4a5a-a8b7-cec0a6011f83,item_not_received,electronics,card,747.4,22,7,delivered_no_signature,True,0.326,0.381,0,388,0.4398,True
9b88071b-5ea0-4789-be77-6d4932b9b466,item_not_received,home_goods,card,516.67,2,14,in_transit,True,0.321,0.694,0,76,0.2525,False
57b10b55-11a3-44c7-91e5-d8e3461aa460,subscription_not_cancelled,apparel,wallet,2499.66,14,12,signed_confirmation,True,0.836,0.643,0,439,0.7037,False
6b381956-47f4-44e4-96c4-6eb879833b02,item_not_received,groceries,upi,256.73,5,20,signed_confirmation,False,0.364,0.803,1,305,0.9315,True
1298e3ad-2725-4283-9ccf-e990f9c0af29,not_as_described,digital_goods,netbanking,365.66,5,2,not_shipped,False,0.124,0.457,2,339,0.545,False
df48c30c-b92e-4b0e-b81a-5f084461cf7d,item_not_received,beauty,upi,878.85,1,18,delivered_no_signature,False,0.382,0.682,1,976,0.8414,True
ad2186d2-7ddf-4c79-8958-730f9b084681,item_not_received,beauty,card,116.67,3,18,signed_confirmation,False,0.678,0.784,0,937,0.8135,True
4989aba4-026c-4da1-93cd-038e0f946784,duplicate_charge,apparel,card,1526.4,18,21,delivered_no_signature,False,0.362,0.829,0,419,0.7359,True
117208fa-4dbb-4fb6-9a7c-d66e41bb7293,fraud_card_not_present,beauty,upi,353.51,3,10,delivered_no_signature,False,0.561,0.759,0,58,0.5871,True
b25f994e-6866-4cb6-88f9-1569e5de9c54,fraud_card_not_present,home_goods,upi,277.17,4,4,signed_confirmation,False,0.175,0.568,0,702,0.3751,False
dd0e4d65-ca64-40ff-9b89-04706543180c,fraud_card_not_present,apparel,upi,269.35,4,12,signed_confirmation,False,0.233,0.756,1,572,0.3628,False
b5f9cb55-e306-4dcf-82ae-08fc79e7e5f9,duplicate_charge,groceries,upi,4724.67,7,11,delivered_no_signature,True,0.61,0.944,0,635,0.7085,True
9f6b47e4-57d6-4077-a063-c24524eaafa9,item_not_received,electronics,wallet,1185.39,19,7,signed_confirmation,False,0.064,0.481,0,248,0.8785,True
7c856051-7172-4cd9-a514-d392d1ade24d,fraud_card_not_present,electronics,card,274.34,2,17,signed_confirmation,True,0.909,0.715,1,338,0.9008,True
171ee9cc-b75c-41fb-8fca-87b218e75672,fraud_card_not_present,home_goods,upi,697.17,7,1,signed_confirmation,False,0.596,0.539,0,35,0.7965,True
b8d7cb81-0d88-4ab2-9593-b18791e2a21d,subscription_not_cancelled,apparel,upi,1655.54,1,5,signed_confirmation,True,0.308,0.625,2,340,0.6542,False
6b125f49-c2e3-4ddc-8ec0-ca92ee5d3005,not_as_described,digital_goods,card,1024.22,2,21,in_transit,False,0.595,0.308,1,161,0.1485,False
80ac5b23-c736-4a6a-ac78-0a8c1845dd7d,fraud_card_not_present,beauty,upi,1411.11,1,9,delivered_no_signature,False,0.746,0.808,1,207,0.4423,True
a272885a-d896-4b13-bfd3-c4e7f0291a34,item_not_received,home_goods,card,3405.56,18,20,in_transit,False,0.476,0.66,0,266,0.252,False
c154f0f2-efbe-4797-b788-5d764bb8afb2,fraud_card_not_present,apparel,card,438.87,1,21,delivered_no_signature,False,0.933,0.676,0,22,0.908,True
8b0a5bad-eef9-46bc-9433-09bdf1b20850,duplicate_charge,home_goods,upi,430.42,24,1,delivered_no_signature,False,0.507,0.484,0,3076,0.2344,False
1aca1b85-8fdb-41c2-9d37-08c2140307aa,fraud_card_not_present,beauty,netbanking,277.22,47,9,not_shipped,False,0.31,0.756,1,160,0.2471,False
8de89292-c1ed-43bb-988a-333ef95f05c9,item_not_received,home_goods,wallet,2535.24,5,21,not_shipped,True,0.492,0.834,3,47,0.0779,False
27ae62fd-29be-463e-8541-a2837e8d0f76,fraud_card_not_present,electronics,card,300.78,4,18,signed_confirmation,True,0.613,0.774,0,703,0.566,False
bb4ba3f8-fb0b-4dcc-9c94-ba5a2102b3dd,fraud_card_not_present,groceries,netbanking,680.06,3,11,delivered_no_signature,False,0.29,0.841,1,18,0.3209,False
f803c4b8-43a9-4dd0-bd8b-77ed430e9958,fraud_card_not_present,digital_goods,card,1312.09,7,7,delivered_no_signature,False,0.243,0.801,0,886,0.5549,True
f2713186-b9c5-44f1-bf55-fa2ae7df48a3,duplicate_charge,electronics,upi,388.05,14,21,signed_confirmation,True,0.828,0.538,1,342,0.8449,True
90e72c32-9fcf-4e53-9f41-9a355d2af7bb,fraud_card_not_present,digital_goods,netbanking,1234.37,18,6,delivered_no_signature,False,0.28,0.336,0,428,0.724,True
ef2d7b09-39d3-41cb-ba1e-9103047d561a,item_not_received,home_goods,card,1062.53,3,15,delivered_no_signature,False,0.754,0.606,0,863,0.9017,True
266a4751-ef67-4be5-90bb-161f29b5eec2,subscription_not_cancelled,apparel,card,3853.44,7,3,in_transit,False,0.431,0.619,0,423,0.4349,False
b0bfd604-6ccc-4fa8-aa55-f4289ea4eec2,not_as_described,beauty,netbanking,457.37,14,9,delivered_no_signature,True,0.423,0.809,1,574,0.7998,True
1defef59-f9b2-4fe7-ac9c-4e8e0e093e78,fraud_card_not_present,apparel,wallet,1450.75,27,11,not_shipped,False,0.579,0.52,0,683,0.3334,False
d7576a83-e044-4053-a2c1-6899c2a8d73e,item_not_received,beauty,card,660.4,1,9,in_transit,True,0.151,0.379,0,436,0.51,True
af28de8f-5b05-45d2-9b00-62e1cf2102e5,duplicate_charge,beauty,card,1950.21,32,13,signed_confirmation,False,0.377,0.91,1,363,0.3655,False
4a6d9680-9b67-4db9-8a69-bbde9ed22e2e,subscription_not_cancelled,apparel,card,2413.68,1,17,delivered_no_signature,True,0.223,0.842,0,689,0.3847,False
de1c2fd0-3290-459a-b903-9e518365e3f6,not_as_described,apparel,upi,1188.56,4,4,delivered_no_signature,True,0.267,0.209,2,325,0.1509,True
5960b026-2bbf-446e-8149-f64afaf8c824,fraud_card_not_present,groceries,card,1901.63,5,6,signed_confirmation,False,0.613,0.523,0,588,0.462,True
c7fe72d7-3a15-4ff3-bfd7-1fc36cd899e3,fraud_card_not_present,apparel,wallet,6295.41,15,12,delivered_no_signature,True,0.129,0.73,0,99,0.5788,True
f60b6066-1fc3-40b7-84b0-75d3eaa33cee,not_as_described,beauty,wallet,651.61,8,4,signed_confirmation,True,0.571,0.492,0,42,0.5019,False
62741a39-5ce0-4317-b3b8-916fe3caa8a2,duplicate_charge,groceries,upi,530.67,1,3,signed_confirmation,True,0.281,0.725,0,14,0.6508,True
b83d51d3-1954-47bf-9c9e-053ab670fd7b,duplicate_charge,groceries,card,107.42,8,1,in_transit,False,0.759,0.404,1,54,0.4424,True
ee3183fb-61b2-4697-9f8d-a2dfaabfb58f,not_as_described,electronics,upi,3199.17,4,8,signed_confirmation,False,0.935,0.564,0,336,0.6121,True
ad5a31e0-16fc-4104-8df0-9e079f362888,fraud_card_not_present,digital_goods,wallet,368.9,10,17,delivered_no_signature,False,0.492,0.705,0,432,0.3708,False
90de4646-3da9-49b2-868e-c082dd5d9c7a,fraud_card_not_present,home_goods,upi,889.02,31,2,delivered_no_signature,False,0.443,0.396,0,34,0.6116,True
cc86985c-fc34-4e48-bbbd-5d34d3b5a4de,duplicate_charge,apparel,wallet,1498.5,18,3,signed_confirmation,True,0.432,0.365,0,528,0.635,False
1cacb69b-c52d-4e51-8a8c-bb6a25242e63,item_not_received,apparel,card,7933.48,6,13,delivered_no_signature,False,0.337,0.656,1,59,0.4784,True
f3490ecb-1041-49ac-8e4b-7008de369a7e,subscription_not_cancelled,electronics,upi,403.61,1,19,signed_confirmation,False,0.422,0.629,0,276,0.4271,True
2169a618-bc39-4eea-853e-d67ffdb2bd5c,fraud_card_not_present,apparel,card,868.03,11,1,signed_confirmation,False,0.735,0.804,0,426,0.6036,True
d4b3d093-588b-4f3e-b363-f0c370622bf7,item_not_received,apparel,netbanking,2760.46,6,3,signed_confirmation,True,0.062,0.882,0,860,0.8661,True
a1fd2361-f3da-4627-85b3-16b071936e6b,not_as_described,home_goods,card,368.5,11,9,signed_confirmation,False,0.539,0.953,0,43,0.8443,True
ac4f4006-6c7d-40f5-af4c-242ffa3486cf,not_as_described,groceries,upi,1474.18,15,6,delivered_no_signature,True,0.591,0.515,2,691,0.6025,True
a77f6731-3544-457d-a4b0-79023c55deca,fraud_card_not_present,beauty,upi,826.84,7,19,signed_confirmation,True,0.278,0.268,2,6,0.1358,False
b13e0d94-d8fa-469f-a767-fd1ef4619593,not_as_described,electronics,card,482.48,5,4,signed_confirmation,False,0.337,0.458,0,213,0.4883,True
49eae7c6-23d3-40ba-b567-696ed25b6508,fraud_card_not_present,groceries,wallet,147.65,28,8,in_transit,False,0.544,0.74,0,307,0.7068,False
f970cd79-334e-4dfc-96d6-68fbf6466e28,item_not_received,beauty,card,1813.52,9,15,signed_confirmation,True,0.378,0.146,0,97,0.7017,True
8be3ca2c-7f65-4b75-8fa9-c73de477706f,duplicate_charge,groceries,netbanking,1892.43,26,18,signed_confirmation,True,0.684,0.823,0,144,0.7791,True
c5518913-a3ce-47a8-a25a-217d70bd20de,not_as_described,apparel,card,1398.04,6,19,in_transit,False,0.338,0.735,1,179,0.8086,True
0990acfe-8239-4da4-a64f-bc4bbcdf32f7,fraud_card_not_present,electronics,upi,785.08,9,8,not_shipped,False,0.691,0.832,0,374,0.7383,True
882a1672-ec44-4aa6-a055-fc952a574291,subscription_not_cancelled,apparel,upi,741.9,7,3,in_transit,False,0.215,0.619,1,233,0.1064,True
df795361-fcac-43b5-bbd1-ae9ed2f9302c,subscription_not_cancelled,digital_goods,card,177.01,15,4,signed_confirmation,False,0.25,0.735,2,139,0.5019,True
fa476ede-5532-4a88-9bf0-3f8b48be3cf7,item_not_received,groceries,card,699.51,7,19,signed_confirmation,True,0.17,0.847,1,296,0.6722,False
1d290f37-da45-4205-8bf5-ca067f59177a,fraud_card_not_present,groceries,upi,3389.55,1,12,not_shipped,True,0.197,0.692,1,7,0.2875,False
8448fa11-8edf-48ed-9a4a-2b79b6168205,not_as_described,digital_goods,wallet,2589.92,1,13,signed_confirmation,True,0.953,0.626,1,1076,0.9461,True
b02d1586-475b-4c60-8fba-3c16ade0ff82,not_as_described,groceries,card,2052.41,12,18,signed_confirmation,False,0.618,0.411,1,375,0.8542,True
e3a9dcf7-1f9e-44c3-98f5-44976318b219,not_as_described,apparel,card,401.43,4,14,delivered_no_signature,False,0.377,0.736,1,53,0.3518,True
046bc537-7715-457b-8871-8119f5acca93,fraud_card_not_present,beauty,card,1460.29,15,13,signed_confirmation,False,0.787,0.796,0,70,0.5993,False
fa12e80a-8c2a-429b-ac5d-f80863f3a3a3,item_not_received,beauty,card,453.35,2,10,in_transit,True,0.43,0.818,0,195,0.8143,True
91566ec6-4681-4808-a0c2-ab155f218b7f,item_not_received,electronics,upi,837.54,5,4,signed_confirmation,False,0.318,0.773,1,498,0.8538,True
175f5ebf-7566-4194-9561-23ecd216b7b5,fraud_card_not_present,groceries,upi,427.02,12,19,signed_confirmation,False,0.261,0.743,0,101,0.6071,True
dc2dd716-2bc1-45aa-89de-4d08b2a83c51,duplicate_charge,groceries,card,1895.51,14,13,signed_confirmation,False,0.615,0.409,1,275,0.5686,False
5ea325d9-9d80-4583-8588-79d59033a37d,not_as_described,home_goods,card,1537.98,4,21,signed_confirmation,False,0.849,0.731,2,67,0.7319,False
3c5d4e3e-158a-4ffb-8908-b93656bd3691,item_not_received,electronics,upi,246.41,2,9,not_shipped,True,0.319,0.922,2,441,0.199,False
8b13c750-af67-4c4c-a3fa-d8d6bdfc4617,fraud_card_not_present,apparel,wallet,225.76,20,15,not_shipped,True,0.348,0.711,2,254,0.287,False
3fb6e829-5957-41b0-9174-29c7fb52c637,fraud_card_not_present,digital_goods,upi,2392.84,3,20,in_transit,True,0.742,0.27,1,7,0.4697,False
1709b485-6792-42e9-aae0-60b3c00cd4c5,item_not_received,groceries,card,2870.93,5,11,signed_confirmation,False,0.342,0.221,1,325,0.8007,True
12c78a2f-1b27-4062-820b-3e7433511fda,item_not_received,apparel,card,679.07,12,20,in_transit,False,0.834,0.766,0,903,0.1815,False
112d41bf-c920-4d01-bf80-321db4722540,item_not_received,apparel,upi,1365.67,6,21,signed_confirmation,False,0.83,0.82,2,188,0.6924,True
cfe72219-8124-4fd0-a32c-e2001757d0d6,fraud_card_not_present,electronics,upi,446.05,2,21,signed_confirmation,False,0.702,0.575,0,208,0.7519,True
788a8a75-2e31-4335-b391-2d6aeaa06e0a,fraud_card_not_present,digital_goods,upi,406.74,4,14,delivered_no_signature,False,0.338,0.899,0,82,0.4436,False
28b514b9-c89b-4c10-9b85-64e433cd085d,item_not_received,electronics,netbanking,172.95,14,3,signed_confirmation,False,0.539,0.606,0,896,0.9173,True
0f29a768-3b5f-4691-a5de-51cc988f9b22,not_as_described,apparel,card,1382.63,5,15,signed_confirmation,True,0.783,0.662,1,336,0.7132,True
78b2202a-ef72-4847-ad22-d827bf33c723,duplicate_charge,groceries,wallet,464.9,34,21,delivered_no_signature,True,0.601,0.902,1,44,0.8576,True
91c1e837-669a-4f6d-b338-fdcf465ee9cc,fraud_card_not_present,apparel,card,670.65,6,2,signed_confirmation,False,0.763,0.351,0,79,0.7355,False
2e3bc13e-021d-44d9-805d-9f33271ac6d0,item_not_received,apparel,netbanking,339.7,26,18,not_shipped,True,0.532,0.739,1,330,0.0207,False
75b113f7-6554-486e-be91-04696301fb3a,duplicate_charge,groceries,card,2697.76,9,21,signed_confirmation,False,0.522,0.82,0,331,0.396,True
a26136b2-48e7-4de7-8163-5985f148d502,fraud_card_not_present,digital_goods,card,721.75,34,8,signed_confirmation,True,0.632,0.558,2,1140,0.6952,True
bc4225c5-f4c1-4ca8-bca9-76b305afaa97,not_as_described,electronics,upi,1254.88,21,16,delivered_no_signature,False,0.339,0.56,0,603,0.3444,False
03f1a7ef-5a88-4a93-b829-4208c6b9fa91,duplicate_charge,home_goods,upi,2382.36,3,6,delivered_no_signature,False,0.722,0.237,0,965,0.8009,True
d8d5d0b8-e3e7-4b69-b7a3-74c1260616a9,item_not_received,home_goods,upi,1255.84,3,14,signed_confirmation,False,0.483,0.251,0,747,0.9032,True
291534e7-6df0-481e-93c7-1e0bb96a3d9c,fraud_card_not_present,apparel,card,3136.1,8,5,not_shipped,True,0.712,0.883,2,196,0.2394,False
11673a7a-8c94-47f9-b70d-9cd71f5174c4,not_as_described,home_goods,card,342.55,2,6,in_transit,False,0.595,0.681,1,416,0.8461,True
ee9a8076-bccf-4b00-8703-b74f3461ab9e,not_as_described,electronics,card,140.47,2,20,signed_confirmation,False,0.659,0.604,0,194,0.5197,False
18a0a012-ca66-4d8d-b80f-3b156a978101,subscription_not_cancelled,beauty,upi,960.75,23,3,signed_confirmation,True,0.821,0.44,0,205,0.6119,False
f9d3f9c2-b8d3-4689-900f-c9ed11c006be,item_not_received,home_goods,card,119.15,8,10,delivered_no_signature,True,0.27,0.47,0,511,0.6309,True
18cf110a-b1f2-4b8b-af76-0363165191d5,duplicate_charge,groceries,card,791.3,14,6,delivered_no_signature,False,0.618,0.816,2,275,0.644,False
154cf1c5-c588-41f2-b1a9-973f7b770ca3,fraud_card_not_present,electronics,upi,1567.78,18,20,signed_confirmation,False,0.729,0.549,1,60,0.2611,True
1edfe674-8a87-4afc-9527-e4ed67c4b370,duplicate_charge,beauty,card,453.05,12,9,in_transit,False,0.307,0.77,1,78,0.3609,False
c0d5a1cf-e562-47cd-b604-540c0b93b354,item_not_received,apparel,card,1048.77,17,21,signed_confirmation,False,0.277,0.563,0,95,0.3807,False
d26b59c1-f3dc-4c9d-be69-81a24b28e860,fraud_card_not_present,digital_goods,card,1073.44,1,18,delivered_no_signature,True,0.66,0.654,1,99,0.617,True
42b90629-4752-49ba-8b3c-3da6902c307e,duplicate_charge,electronics,upi,284.77,23,2,delivered_no_signature,True,0.932,0.075,0,389,0.5607,True
f6caa382-2fb4-441b-9de0-b768b62d76a2,item_not_received,home_goods,card,1375.62,17,20,in_transit,True,0.691,0.421,2,14,0.3465,False
c941280b-8bf1-4372-bc44-2490446b45f2,subscription_not_cancelled,home_goods,wallet,241.7,2,2,delivered_no_signature,False,0.937,0.515,0,280,0.7354,True
15bb13dd-cb56-4ca2-bcea-e70203a9653b,subscription_not_cancelled,home_goods,netbanking,962.06,6,12,not_shipped,True,0.732,0.32,0,45,0.5428,True
f15584b8-3672-4cc1-bc07-ff49a7000ba1,item_not_received,apparel,card,8558.14,2,2,delivered_no_signature,False,0.617,0.448,0,67,0.7553,False
30b2d8fc-9311-4d17-9831-e4b84a606f8b,subscription_not_cancelled,beauty,card,606.24,37,2,delivered_no_signature,False,0.275,0.341,0,142,0.3441,True
f9ec1ae5-fdb2-4fb5-b0ed-a775f2b5cfe0,not_as_described,groceries,card,2071.97,7,19,signed_confirmation,True,0.587,0.943,1,1869,0.8488,True
dbad523c-df93-47ac-8238-0b07df58c501,not_as_described,beauty,card,1432.75,4,11,in_transit,False,0.511,0.527,0,308,0.2709,False
55a40100-51ef-47d6-ac90-ba2bae75fe24,item_not_received,home_goods,upi,518.33,7,2,signed_confirmation,True,0.53,0.434,1,5,0.7822,True
5380902c-eacb-4d5f-8cd3-556c581fa53a,fraud_card_not_present,electronics,netbanking,188.88,30,3,in_transit,True,0.516,0.701,0,783,0.5969,True
c1b4852d-8c3d-4588-8dad-c357ed558f9f,item_not_received,home_goods,card,927.21,5,8,signed_confirmation,False,0.473,0.369,0,345,0.649,True
b9d524d9-f698-4f19-960e-d834cb04661f,item_not_received,apparel,card,3789.06,11,8,not_shipped,False,0.159,0.626,0,28,0.0106,False
7e4839dd-6ac5-4910-abfc-f200adad06e5,item_not_received,groceries,card,4768.07,11,12,delivered_no_signature,True,0.485,0.46,0,885,0.6773,True
4be414b8-2b92-4c57-9de5-a1f32270721f,fraud_card_not_present,beauty,upi,279.39,26,7,in_transit,True,0.495,0.444,1,115,0.2383,False
faa38c25-bc18-4836-9bfb-8af943e4e17e,fraud_card_not_present,digital_goods,card,2042.07,14,13,signed_confirmation,False,0.605,0.925,0,845,0.656,False
93fa571e-1cc4-491b-b4ed-41730061b275,fraud_card_not_present,home_goods,card,2612.08,8,19,signed_confirmation,True,0.427,0.871,1,24,0.1966,False
747bb7e9-ad3c-45df-815c-63963d3899fd,not_as_described,home_goods,card,7249.64,1,14,signed_confirmation,False,0.104,0.316,0,1604,0.3044,False
56644211-cfd4-4895-99f3-a405f768072a,duplicate_charge,beauty,card,429.19,26,3,in_transit,False,0.395,0.809,0,332,0.758,True
23ba6998-e998-47a6-a8aa-d2dcd828a0d2,fraud_card_not_present,electronics,upi,1555.43,6,19,signed_confirmation,True,0.406,0.579,0,1206,0.7206,True
f2a19843-53ce-477f-9175-42ed253859b3,duplicate_charge,beauty,upi,668.42,30,18,delivered_no_signature,True,0.352,0.762,0,153,0.5832,True
a111e9bd-1950-4faf-b9fa-0c67172753aa,not_as_described,groceries,upi,1038.33,4,4,delivered_no_signature,False,0.446,0.553,0,227,0.2995,False
7a0ee652-241f-4942-b3b9-fc9cfde418d2,fraud_card_not_present,apparel,wallet,614.29,7,2,signed_confirmation,True,0.445,0.501,0,225,0.4643,True
e91d2bb1-3a29-485b-b7ed-de03e7d488a7,item_not_received,beauty,upi,746.42,3,16,signed_confirmation,True,0.67,0.838,1,645,0.8078,True
93989ff3-bc0f-40ca-87eb-5d28360b6f9f,not_as_described,digital_goods,card,309.58,25,5,delivered_no_signature,True,0.19,0.484,0,15,0.271,False
f495bc43-717b-4122-914f-cd7b6a58da74,fraud_card_not_present,home_goods,upi,4080.99,17,17,delivered_no_signature,True,0.709,0.806,2,231,0.4032,False
ac15bcc8-9a93-4120-9330-2145b394ff87,item_not_received,groceries,upi,352.79,4,11,signed_confirmation,False,0.37,0.711,1,6,0.8407,True
4208c8a5-aaeb-4a61-b42c-f858e5018862,fraud_card_not_present,groceries,card,62.3,18,18,delivered_no_signature,False,0.746,0.311,1,69,0.4782,False
e28ed98e-b88c-42bb-b560-8da562cb91be,not_as_described,digital_goods,card,903.74,3,16,signed_confirmation,False,0.377,0.851,1,288,0.6772,False
d11fdd51-cfcf-4476-bc39-cc747407d0db,item_not_received,electronics,wallet,565.44,3,3,signed_confirmation,False,0.872,0.515,1,526,0.9225,True
79e177bb-5f78-47d2-a720-9064e126e1a3,item_not_received,apparel,wallet,273.74,34,11,signed_confirmation,False,0.979,0.567,0,28,0.5948,True
101765ea-6999-44d2-9080-04021b32b38e,not_as_described,digital_goods,upi,610.74,7,5,not_shipped,True,0.365,0.551,2,28,0.6991,True
45efb59b-5ec2-4ccd-92ec-4c09e90e4fe2,item_not_received,home_goods,card,237.87,87,9,delivered_no_signature,True,0.343,0.469,0,470,0.374,True
922b1577-5408-4dd9-abb0-a8e5b2c2fe92,fraud_card_not_present,digital_goods,wallet,309.09,2,18,signed_confirmation,False,0.291,0.332,0,46,0.5333,True
a75f1c75-5a18-44a8-b5f5-5a6a3d697401,fraud_card_not_present,beauty,card,356.26,16,20,signed_confirmation,True,0.574,0.75,2,61,0.8597,True
3e891519-014a-4d4a-b38e-f9391574ab06,fraud_card_not_present,groceries,card,1121.12,9,1,not_shipped,True,0.88,0.571,1,2226,0.6906,False
6342d775-fd7f-42a3-830e-cb2d35b37c4b,fraud_card_not_present,digital_goods,upi,755.07,5,6,not_shipped,False,0.371,0.915,1,418,0.2261,False
44ca37a1-d81e-452f-a845-23e70f815c79,not_as_described,digital_goods,wallet,3446.61,6,14,delivered_no_signature,False,0.486,0.4,1,68,0.2102,False
d0b5d40f-7f98-4fed-93c8-152e5bd095a8,not_as_described,beauty,card,658.45,4,8,delivered_no_signature,True,0.179,0.291,0,495,0.4969,True
c29474ed-5b00-4fb7-8a7d-428c1d026955,item_not_received,groceries,card,580.14,11,13,delivered_no_signature,True,0.416,0.391,1,156,0.705,True
7840d535-fde4-4233-9291-8fe8d65a2fc4,item_not_received,apparel,card,325.51,7,16,signed_confirmation,False,0.661,0.648,1,1835,0.7206,False
bfdb6bda-1151-4839-99c0-782c06882bd1,fraud_card_not_present,groceries,card,2257.31,7,15,delivered_no_signature,True,0.224,0.49,1,210,0.5232,True
579f49b0-283e-4710-920a-baf3d00dddf8,fraud_card_not_present,electronics,upi,173.98,19,21,signed_confirmation,True,0.463,0.613,0,417,0.6374,False
80d69e86-b782-4a5f-8ce4-980761bd9028,fraud_card_not_present,digital_goods,wallet,1663.65,9,10,signed_confirmation,False,0.505,0.198,0,507,0.7216,True
77bba394-5522-4957-b05e-8f52118a14c4,subscription_not_cancelled,home_goods,upi,410.74,14,21,signed_confirmation,True,0.466,0.723,0,850,0.6903,True
2696bca6-e91d-4f43-a531-c0b955b3bcbb,fraud_card_not_present,digital_goods,card,1551.34,4,18,not_shipped,False,0.464,0.625,0,40,0.5975,False
bd3fff0a-f618-4563-84d5-5e1505e8f905,fraud_card_not_present,beauty,upi,738.74,17,5,signed_confirmation,False,0.608,0.815,1,366,0.4152,False
c02805aa-dea0-4867-bd82-048290781761,fraud_card_not_present,digital_goods,card,336.26,7,11,signed_confirmation,True,0.227,0.537,0,426,0.697,True
35278b87-a049-49a1-9588-089ace6594d6,fraud_card_not_present,groceries,card,1404.72,5,12,not_shipped,False,0.075,0.561,0,258,0.1733,False
34947a01-5f79-42f3-bc41-1c605d03589d,item_not_received,digital_goods,upi,1116.18,3,8,signed_confirmation,False,0.595,0.47,0,111,0.7392,False
072b5aa3-179b-41ec-8997-60834f7e86f7,item_not_received,electronics,card,473.34,3,21,delivered_no_signature,True,0.077,0.421,1,601,0.4729,False
e5a54063-7e01-4310-ab0d-c977ee247e7c,item_not_received,home_goods,card,777.73,16,2,not_shipped,True,0.531,0.628,0,40,0.2589,False
f958acd7-aaf9-4c36-80dd-68b9decbf917,item_not_received,apparel,wallet,514.38,7,6,signed_confirmation,False,0.615,0.772,0,360,0.6766,True
3d5d4053-f6d2-4f69-a5c6-9dbcbef7e2fe,fraud_card_not_present,beauty,netbanking,295.83,6,14,signed_confirmation,True,0.746,0.347,2,191,0.3921,False
f087672f-a798-46e3-93e1-6a75d45503c4,duplicate_charge,home_goods,card,3049.48,5,19,signed_confirmation,True,0.293,0.74,1,495,0.942,True
ee6d8d20-8476-46c7-8285-9d3b77a7ff26,not_as_described,beauty,wallet,1324.81,4,17,signed_confirmation,False,0.522,0.55,0,632,0.616,False
b6bd450b-c7e7-49bb-9b80-f167eb7ab63e,fraud_card_not_present,digital_goods,card,2180.78,8,21,signed_confirmation,True,0.412,0.732,1,611,0.1484,True
33eb7607-d698-4c9d-9aee-5a0a4205de74,item_not_received,digital_goods,netbanking,1291.44,12,8,signed_confirmation,False,0.347,0.623,0,527,0.3671,False
3f6bb897-c577-4a53-a662-24f873f6e0a2,not_as_described,home_goods,upi,1204.9,24,2,delivered_no_signature,False,0.592,0.886,1,72,0.5012,False
af288918-4c22-4184-a853-38fb157e1125,subscription_not_cancelled,beauty,card,303.24,2,4,delivered_no_signature,False,0.634,0.278,0,144,0.4587,False
19a0a988-4e20-4f86-84d1-792d5b6732dc,fraud_card_not_present,home_goods,card,1693.59,1,15,signed_confirmation,True,0.223,0.542,0,273,0.2436,True
a2d43638-2b8c-4cd5-88a8-5291a01560b0,fraud_card_not_present,home_goods,upi,1137.69,1,7,not_shipped,False,0.829,0.841,0,616,0.442,False
9be458d1-7de6-4198-a40d-d032a6b20675,duplicate_charge,electronics,upi,429.59,1,18,signed_confirmation,False,0.297,0.488,0,138,0.399,False
d7e6131c-8853-492b-8eb8-4cd67de584ca,fraud_card_not_present,groceries,upi,465.98,7,2,delivered_no_signature,True,0.206,0.563,0,155,0.3395,True
710d31ad-5522-439b-8f2b-e65d3145e3f3,item_not_received,beauty,card,1658.14,17,4,signed_confirmation,False,0.879,0.89,0,125,0.7216,True
89155bc2-0a3a-4b3a-a1eb-722fb1c3d907,not_as_described,digital_goods,card,3296.95,3,6,not_shipped,False,0.824,0.742,0,136,0.5003,True
17088cae-6479-47ed-a5ac-80aa28250277,not_as_described,beauty,card,13608.8,3,13,delivered_no_signature,True,0.571,0.697,0,79,0.5215,False
1eeeb396-16b4-4a84-b4be-ed1c90faa40d,not_as_described,digital_goods,card,243.34,6,5,in_transit,True,0.576,0.463,1,907,0.3254,False
b7e231af-4f7f-4745-88d9-294b2a82ba1c,not_as_described,home_goods,upi,2684.73,21,5,delivered_no_signature,False,0.559,0.313,0,41,0.5234,False
4983bd2e-6e41-4ae9-b5ca-24ca5f8ecbbf,duplicate_charge,apparel,card,4296.21,2,7,signed_confirmation,False,0.828,0.487,1,59,0.4131,False
1dd79f65-44bf-4fb6-a8f6-ebdd4ffdde27,subscription_not_cancelled,beauty,card,1545.15,10,2,signed_confirmation,True,0.295,0.729,3,404,0.363,True
85574837-3927-4ef9-b525-1fb1dbaf0583,fraud_card_not_present,digital_goods,upi,5002.61,34,8,delivered_no_signature,False,0.31,0.375,1,346,0.2984,False
9229ec95-2ece-4ffb-b8bd-3e0934290664,not_as_described,digital_goods,wallet,480.55,2,2,not_shipped,False,0.378,0.442,0,286,0.7908,True
10ffa68c-3614-41bf-a91e-cc8548ec84c2,not_as_described,beauty,upi,146.17,9,12,signed_confirmation,False,0.383,0.44,2,174,0.4695,True
56799bd8-644b-4063-bfee-7ed969466581,not_as_described,digital_goods,card,2799.12,9,20,in_transit,False,0.573,0.9,1,13,0.3605,False
af71239b-d5b7-4a28-ac33-593685b3cf5c,not_as_described,digital_goods,card,709.91,8,14,signed_confirmation,True,0.823,0.591,0,256,0.8444,False
1854880f-f25a-4c03-87bb-d27c6632b57a,not_as_described,beauty,upi,2023.96,62,11,not_shipped,False,0.564,0.443,1,615,0.2467,True
e47b7863-fbcd-46c2-9500-f9b95803b0b3,item_not_received,beauty,upi,235.92,31,5,not_shipped,False,0.862,0.751,0,570,0.0912,False
da8a6d95-125f-4019-9b66-0123b6d268fc,fraud_card_not_present,groceries,upi,2485.84,24,15,in_transit,False,0.448,0.475,0,552,0.3991,False
4e138fd0-bc2b-41c9-99d0-4762fe56eca9,subscription_not_cancelled,groceries,netbanking,448.36,1,12,delivered_no_signature,False,0.735,0.585,1,694,0.8341,True
5268ebad-c8f1-433e-b9c7-f940b225a8ff,not_as_described,beauty,card,632.75,4,10,delivered_no_signature,True,0.836,0.697,1,138,0.6178,True
bcc12215-c607-4fd6-b47e-f0be9d982bd4,duplicate_charge,digital_goods,card,733.8,6,13,signed_confirmation,True,0.698,0.668,0,205,0.9394,True
5d421176-1dd2-4807-ab37-07b6bc72e54b,fraud_card_not_present,home_goods,card,2445.74,4,16,delivered_no_signature,False,0.818,0.536,0,51,0.565,False
cfecba3a-5e9a-4137-b186-4cb1bb9963a1,duplicate_charge,home_goods,card,982.76,4,17,not_shipped,False,0.608,0.847,0,118,0.5685,True
cac2d784-0976-4877-9abc-3e7def4c8cf6,not_as_described,electronics,card,362.01,7,20,signed_confirmation,False,0.523,0.774,0,104,0.6004,False
573812d6-c1b0-40cd-b15e-795671cb233d,not_as_described,groceries,upi,601.36,4,12,delivered_no_signature,False,0.203,0.786,1,201,0.7967,False
fba51c94-937e-4861-a1d9-1dec3fa5ea51,duplicate_charge,home_goods,netbanking,3307.17,10,5,delivered_no_signature,False,0.68,0.826,0,357,0.6474,True
af0a82f5-b42e-436d-94c1-156b597eefe2,item_not_received,groceries,netbanking,599.29,11,20,delivered_no_signature,True,0.365,0.407,0,300,0.6925,False
9e7cb043-d7a2-41d2-b714-f8b578b5d411,duplicate_charge,digital_goods,wallet,531.6,3,2,signed_confirmation,False,0.641,0.758,0,105,0.4183,False
850c30e2-c7e2-4989-8bc3-3988e89a0800,item_not_received,apparel,card,131.13,1,1,delivered_no_signature,False,0.941,0.73,0,1123,0.192,False
89777d99-955f-4e81-ba60-dae29bd804ab,fraud_card_not_present,beauty,card,1152.49,5,11,delivered_no_signature,True,0.678,0.45,1,430,0.5795,False
82743bc2-be75-4494-b261-5eb6fee2afb6,fraud_card_not_present,groceries,wallet,416.15,19,13,in_transit,False,0.329,0.81,0,565,0.2927,False
1260fde8-0bcb-4e84-b653-3d3c2591691c,item_not_received,digital_goods,upi,5106.57,4,16,delivered_no_signature,False,0.916,0.716,0,65,0.8296,True
29b10a38-0213-46ca-acf7-d297a1acea84,duplicate_charge,beauty,upi,339.19,1,9,delivered_no_signature,False,0.65,0.159,0,525,0.6955,False
5f2615f6-8788-4c87-a9fc-3b1e554216e3,not_as_described,groceries,card,313.34,7,12,delivered_no_signature,False,0.593,0.652,0,29,0.5884,False
649ae590-294d-46ac-91e7-91490b715bd2,item_not_received,digital_goods,card,1035.31,9,20,not_shipped,True,0.516,0.502,0,752,0.0937,False
078492d2-d23a-4734-be00-bc94cf58747a,not_as_described,home_goods,card,2555.31,6,14,signed_confirmation,False,0.517,0.363,2,13,0.6351,True
ff76b154-0a43-41e7-92dd-ca2a88d862b3,not_as_described,digital_goods,card,682.06,4,20,delivered_no_signature,False,0.264,0.875,0,304,0.819,False
dd678c7b-84e2-4ffa-a19b-647ecf85b4ba,fraud_card_not_present,digital_goods,wallet,5244.18,3,2,delivered_no_signature,True,0.529,0.569,0,693,0.7446,True
06b5ff08-67f8-4452-aa86-694a77e91c15,fraud_card_not_present,apparel,card,3311.11,6,19,not_shipped,False,0.28,0.607,0,821,0.2652,False
7c88661b-6913-4165-880f-2e6868fd7e35,item_not_received,groceries,netbanking,990.95,5,18,signed_confirmation,True,0.746,0.591,0,941,0.9038,True
058a9925-b858-4d14-b86d-3021d62e6357,duplicate_charge,apparel,card,2309.32,7,8,not_shipped,False,0.432,0.598,0,326,0.3646,True
b9328d26-256a-44a7-9a99-cf097c9b03fe,duplicate_charge,beauty,card,1903.35,16,13,signed_confirmation,False,0.274,0.9,2,783,0.6677,True
f53ad141-70e2-4dec-8f77-4d7c200e86ce,item_not_received,beauty,card,602.09,7,11,not_shipped,True,0.226,0.445,0,744,0.1186,False
7418f751-2290-4048-8a08-7bdae743c77f,item_not_received,electronics,card,187.32,17,5,signed_confirmation,False,0.542,0.293,0,351,0.9015,False
7e4cc730-b6f9-4cd1-b2f3-f9b448ab304a,fraud_card_not_present,groceries,netbanking,988.86,21,20,signed_confirmation,False,0.438,0.329,1,236,0.3712,False
d6e1ed1e-b718-45fd-bf1c-a62d71890896,item_not_received,electronics,upi,388.42,2,2,signed_confirmation,False,0.683,0.325,0,220,0.8632,False
efc3e7ed-e29a-43c0-a3d8-8dd44c6c5a5a,not_as_described,beauty,card,1714.66,7,6,signed_confirmation,False,0.7,0.744,0,30,0.5347,False
822b8649-6192-44ed-8fc2-875c070375c3,subscription_not_cancelled,home_goods,upi,940.38,6,13,signed_confirmation,False,0.449,0.263,0,1041,0.577,False
cc8d2ae5-4993-4b5b-bb68-a544e9d47b6c,fraud_card_not_present,home_goods,netbanking,388.87,12,19,signed_confirmation,False,0.429,0.581,1,255,0.5828,False
4a95e93b-9126-4f60-b088-23a6793b8c69,subscription_not_cancelled,home_goods,netbanking,3597.7,34,3,not_shipped,False,0.673,0.632,0,251,0.2699,False
c4a76333-6df7-47ad-aaba-300cea9fd3f1,fraud_card_not_present,home_goods,upi,2482.66,13,7,delivered_no_signature,True,0.339,0.294,0,536,0.4057,False
319f78be-3af4-48d4-a700-3f4dce3de132,fraud_card_not_present,electronics,upi,1130.49,4,17,signed_confirmation,False,0.552,0.482,0,897,0.6276,True
10e29dbc-de54-4b12-be44-fc855401252c,not_as_described,home_goods,upi,395.96,31,21,signed_confirmation,False,0.647,0.497,0,20,0.401,True
ffb4e81b-3caf-4d7c-9e0e-609c0d290bce,not_as_described,apparel,upi,459.12,4,21,signed_confirmation,True,0.267,0.498,0,118,0.7632,False
c4ce804b-a1fd-4cff-9ebe-17fdf1d1a7f8,subscription_not_cancelled,digital_goods,netbanking,1419.85,21,6,in_transit,True,0.183,0.329,0,620,0.5937,False
326f8e57-aeb1-4f42-add2-01aae371c073,subscription_not_cancelled,apparel,card,328.2,41,9,signed_confirmation,True,0.543,0.671,1,271,0.6953,True
95f44ea4-17f6-40cb-a909-6583d2c66954,subscription_not_cancelled,electronics,upi,590.58,8,6,signed_confirmation,True,0.339,0.786,0,36,0.8305,True
27b25e2a-5536-4227-be8e-a7774098c4af,duplicate_charge,home_goods,upi,1711.1,4,14,in_transit,False,0.89,0.691,0,82,0.6763,True
9e748bee-1b67-418f-9fd1-ae5fb8a90fa6,item_not_received,home_goods,upi,288.06,2,1,not_shipped,True,0.782,0.357,2,52,0.1734,False
b8f19763-0a37-4c60-b6fa-77ac49772b10,subscription_not_cancelled,digital_goods,wallet,1773.34,13,1,signed_confirmation,False,0.4,0.614,1,55,0.3346,True
2e976b34-6aaf-4f8a-bbf7-a63c9a40a8fb,not_as_described,digital_goods,upi,996.37,10,6,signed_confirmation,False,0.543,0.701,0,602,0.6335,True
4c60c9d3-9f7b-4c5e-ac74-aa3bf3f9ef7e,item_not_received,digital_goods,upi,427.63,3,14,signed_confirmation,False,0.344,0.738,1,574,0.8632,True
ef6bc6cf-909c-461d-8e8c-448fffa51eea,duplicate_charge,beauty,card,558.34,2,14,signed_confirmation,False,0.457,0.826,0,592,0.2668,False
28caac5c-deb1-4c0f-ba3d-cd2e44fd4d43,fraud_card_not_present,home_goods,upi,1558.76,4,14,not_shipped,True,0.108,0.86,0,10,0.0756,False
5729c40e-69b7-47b3-9a0d-8ecd44010aaf,item_not_received,digital_goods,wallet,1215.17,13,17,signed_confirmation,False,0.688,0.694,0,801,0.877,True
cfc5ea94-69b6-4097-8b49-dc8dd54f9ab1,not_as_described,electronics,card,3071.98,8,5,delivered_no_signature,True,0.447,0.369,0,164,0.663,True
059d58be-557b-4d49-b529-e8fedb416006,item_not_received,electronics,card,4818.89,6,5,not_shipped,True,0.005,0.729,0,170,0.1624,False
313adb3f-520d-4dd0-b19f-0566ea09f4a8,fraud_card_not_present,apparel,upi,194.46,27,11,signed_confirmation,False,0.389,0.791,0,103,0.5419,True
3700f78d-a807-4aca-9002-4c0d4581ecb5,not_as_described,groceries,netbanking,127.44,5,1,signed_confirmation,False,0.503,0.728,2,1182,0.9081,True
01351b2c-8564-4169-a88d-e5da8dc450ee,item_not_received,beauty,card,1058.89,57,13,delivered_no_signature,False,0.576,0.377,0,247,0.4787,True
586b6e80-d2b4-4d40-91fe-92f5a2bdde89,fraud_card_not_present,home_goods,card,1151.01,2,15,signed_confirmation,False,0.478,0.798,0,123,0.562,True
b6449c29-3e13-4be9-98dd-e5b4a99680d3,item_not_received,beauty,card,358.32,11,8,in_transit,False,0.677,0.909,1,392,0.0683,False
5cb5a0b0-ac77-4281-af01-d8c09f4176b9,item_not_received,beauty,card,1317.82,10,7,signed_confirmation,True,0.803,0.655,0,15,0.8561,True
1e99c8af-3d5f-4499-a55f-4e824a707892,not_as_described,digital_goods,netbanking,1760.8,4,18,delivered_no_signature,True,0.382,0.387,1,325,0.4813,True
35f909da-d4c1-4ef7-9554-4f1e3f35a8db,item_not_received,home_goods,card,970.87,2,3,delivered_no_signature,True,0.615,0.661,1,307,0.7977,False
6bba354f-423c-4679-8d82-20f6e9f64765,item_not_received,apparel,wallet,1196.34,1,5,signed_confirmation,False,0.217,0.536,1,522,0.8316,True
b9659c2b-5605-40fc-93c4-1221979387de,item_not_received,home_goods,card,1288.98,30,6,signed_confirmation,True,0.372,0.449,0,275,0.8992,True
9fafd542-199a-44db-8d6b-88ae196ff367,fraud_card_not_present,apparel,card,380.08,4,14,signed_confirmation,False,0.438,0.789,0,321,0.3727,False
25cfd990-104f-49ff-b310-b3f376d8f5f3,item_not_received,apparel,upi,605.43,4,21,delivered_no_signature,True,0.539,0.27,2,245,0.4619,False
33a14c8f-70f8-4755-a627-4cbd22a595f0,duplicate_charge,beauty,wallet,1919.51,3,12,not_shipped,True,0.871,0.487,0,97,0.597,False
1b90619f-9e51-4bf8-8415-ec804ab9a4ee,item_not_received,home_goods,upi,2797.39,1,19,in_transit,False,0.474,0.891,1,66,0.2373,True
6237dd9d-0111-4198-9b5e-fa2b86a25d46,subscription_not_cancelled,beauty,card,2194.17,8,9,signed_confirmation,False,0.437,0.467,0,374,0.378,False
6c364a4e-badf-4b5f-be5d-c40f55dfe943,not_as_described,beauty,card,2259.71,12,21,signed_confirmation,False,0.384,0.554,0,210,0.7557,True
2d8e4900-ba8c-47be-ad5a-c1fcb03c1991,item_not_received,beauty,wallet,638.15,1,7,delivered_no_signature,True,0.298,0.897,0,1107,0.9337,True
e48499da-e1f0-48e9-a3e0-8e9a60cd868b,fraud_card_not_present,digital_goods,netbanking,1649.87,9,12,delivered_no_signature,True,0.957,0.501,1,85,0.5841,True
ab9470db-4be0-4416-9785-c058ca90f508,fraud_card_not_present,apparel,upi,222.67,1,2,signed_confirmation,False,0.567,0.382,0,516,0.8815,True
a7c1913f-458f-4976-a958-05f8a4ea81f4,item_not_received,apparel,card,3368.57,9,17,delivered_no_signature,True,0.223,0.929,1,691,0.6163,False
73f08e47-288a-43e5-8c8d-3a0d06c2ce14,item_not_received,digital_goods,upi,736.32,8,13,signed_confirmation,False,0.518,0.892,1,469,0.9128,True
247c6f22-56b3-4534-8058-1ab94c1be129,not_as_described,home_goods,upi,754.1,6,1,signed_confirmation,True,0.687,0.843,0,426,0.3167,False
94d31660-ac85-44e8-9787-f9259335226c,fraud_card_not_present,home_goods,card,522.03,2,15,in_transit,False,0.513,0.593,1,910,0.1352,False
5e61b4f6-970a-49a6-976e-51a062389e98,not_as_described,beauty,upi,4476.19,31,20,delivered_no_signature,True,0.741,0.303,1,136,0.5328,False
92b122f6-5c69-4c70-b5de-e2fa713c75e9,subscription_not_cancelled,digital_goods,card,4939.53,10,2,not_shipped,False,0.139,0.681,0,314,0.4243,True
33301949-166f-4963-8c6d-09a0c9eb2984,not_as_described,groceries,upi,1072.85,16,16,in_transit,False,0.221,0.793,2,53,0.5523,False
4e4ff559-7d56-44b4-829f-7abe6750b3d2,fraud_card_not_present,groceries,card,769.42,9,19,delivered_no_signature,True,0.265,0.518,0,670,0.5804,True
dc376337-d751-4a8b-adec-a7b3c53dfd98,fraud_card_not_present,digital_goods,card,1492.45,3,21,delivered_no_signature,True,0.964,0.688,0,62,0.383,True
d761b3e1-35d1-44f5-aaf9-02eeef94a312,not_as_described,beauty,upi,687.66,7,4,in_transit,False,0.656,0.66,2,498,0.6274,True
7a3a8d86-cdb5-40d7-8649-1f04048b52bd,item_not_received,digital_goods,netbanking,1685.21,2,6,signed_confirmation,False,0.709,0.407,1,52,0.7355,True
45069fed-eb49-418d-9dd5-960cdc268072,fraud_card_not_present,home_goods,card,1069.97,2,19,not_shipped,False,0.887,0.643,2,361,0.5407,True
41e6781c-3b53-411a-9dd3-0bce8a999689,fraud_card_not_present,beauty,upi,1513.35,3,16,in_transit,True,0.362,0.598,0,72,0.4625,True
88442087-ef0b-4054-b909-e82417b40350,item_not_received,apparel,card,3547.73,1,17,not_shipped,False,0.379,0.192,0,592,0.1385,False
ba4283f0-89b9-4d0f-8c1c-9605acbba252,subscription_not_cancelled,beauty,upi,976.6,12,1,in_transit,False,0.826,0.495,0,29,0.7823,True
80656942-d006-4783-b2a8-28a58879fe05,duplicate_charge,electronics,card,566.91,6,9,delivered_no_signature,True,0.297,0.924,1,914,0.6254,False
cb02c263-a26a-47f3-984d-9204500919cf,item_not_received,groceries,wallet,1165.21,13,18,signed_confirmation,False,0.14,0.443,2,319,0.9556,True
98ba21f8-0368-4b6c-82db-33f42a790f71,item_not_received,home_goods,card,201.78,17,7,delivered_no_signature,False,0.146,0.599,1,281,0.5314,False
13f92470-9a7e-4761-894b-7b04c86c7ab9,fraud_card_not_present,beauty,card,299.33,1,12,in_transit,False,0.591,0.633,0,777,0.5715,True
89c15ab2-c6c3-4e59-b3d0-da34c20af179,item_not_received,digital_goods,card,250.21,10,11,signed_confirmation,True,0.637,0.359,1,616,0.8804,True
bde70c89-c967-4367-9869-dfb0206bea80,not_as_described,beauty,card,469.79,14,16,signed_confirmation,False,0.143,0.761,0,1667,0.6042,True
e7981c1c-a1e9-437f-9bc6-7ebe91f5f08d,fraud_card_not_present,home_goods,upi,634.0,9,18,signed_confirmation,False,0.44,0.564,1,54,0.1909,True
da4b3b3f-9de2-4146-8a11-d83409a14d5a,fraud_card_not_present,digital_goods,card,768.76,8,15,not_shipped,True,0.51,0.654,1,572,0.191,False
e915de8b-6808-40e6-9951-2d4ad6ee3d6a,fraud_card_not_present,groceries,upi,2716.9,5,7,delivered_no_signature,True,0.2,0.38,0,163,0.3037,False
64d862cc-1d64-48a9-8eaf-36645c977ab0,fraud_card_not_present,groceries,card,2041.83,11,6,signed_confirmation,True,0.858,0.637,2,750,0.6128,True
69a9a55c-bf93-4f6c-a2e5-abacedda8500,duplicate_charge,groceries,card,493.49,2,18,in_transit,False,0.084,0.762,0,325,0.6666,True
96d38c60-0b95-4892-ba29-f12cacd39503,not_as_described,digital_goods,card,1217.37,2,20,in_transit,False,0.392,0.841,1,148,0.7159,False
4d076ded-cce6-4324-9626-dd0fda44bc2c,duplicate_charge,beauty,card,1856.2,9,16,signed_confirmation,True,0.66,0.231,3,179,0.3956,True
63080c70-84ba-4bd3-9ec0-d63ac91ce368,fraud_card_not_present,groceries,card,614.02,14,12,delivered_no_signature,False,0.586,0.672,1,1688,0.2558,False
61b36799-f06c-4add-9839-919e4a470462,fraud_card_not_present,apparel,card,330.75,1,5,delivered_no_signature,False,0.58,0.638,1,532,0.4783,True
b44d2d24-856d-44b8-bac9-d8627f9b70b8,item_not_received,groceries,wallet,1027.6,1,10,signed_confirmation,False,0.118,0.3,0,364,0.6714,False
cbe03818-af99-4616-97be-5ce53e5f73ef,fraud_card_not_present,digital_goods,card,1567.74,16,7,signed_confirmation,False,0.092,0.469,0,127,0.4807,True
c3ba50ea-7b0c-443a-8e53-ef3c0f8e0739,item_not_received,home_goods,upi,1181.9,15,21,signed_confirmation,True,0.728,0.692,2,317,0.8847,True
ed913fe9-cd98-46b9-8d86-1bb62c00038c,not_as_described,electronics,upi,1833.32,31,10,delivered_no_signature,True,0.832,0.697,1,652,0.593,False
a0bb02b0-f9e9-4127-82b3-88b15f2048fd,fraud_card_not_present,groceries,card,1709.2,4,16,signed_confirmation,True,0.621,0.499,3,48,0.1627,True
8faf1c18-7f2a-44a8-b0c0-1e65aabdc065,subscription_not_cancelled,beauty,card,391.86,9,13,not_shipped,False,0.48,0.683,0,581,0.7404,True
5887c571-b9a2-42de-93a8-0ff4d4ac1054,subscription_not_cancelled,digital_goods,card,1911.71,2,16,in_transit,True,0.564,0.915,0,85,0.8447,False
ffc463b6-36e4-48ff-8013-aa5f140378c3,item_not_received,groceries,card,319.56,5,7,signed_confirmation,True,0.512,0.567,0,25,0.8398,True
98d0cf94-9bd5-45c6-b2e4-4a2132f7a081,not_as_described,home_goods,netbanking,566.59,4,15,signed_confirmation,True,0.515,0.913,1,1085,0.8013,True
22b57113-7a8a-40ce-b035-f08973897139,fraud_card_not_present,beauty,upi,437.35,7,21,in_transit,False,0.867,0.935,1,835,0.8287,True
f982bad6-6bcf-48a5-a097-6a4fc88dfd4b,item_not_received,apparel,card,691.58,5,12,not_shipped,True,0.6,0.828,0,665,0.2206,False
0a901cca-7f04-4d2b-b3d5-c8af34714606,fraud_card_not_present,apparel,netbanking,774.71,8,6,in_transit,True,0.396,0.933,0,223,0.3915,False
19244b04-4afc-46b9-a0d6-e1bc3ea24826,duplicate_charge,digital_goods,wallet,495.98,5,14,signed_confirmation,True,0.15,0.643,1,139,0.4231,False
2d23d7e2-a0e2-4df4-863a-988550b61966,not_as_described,electronics,card,635.64,4,3,signed_confirmation,False,0.582,0.62,1,43,0.6869,False
a7b28ae0-2b2c-4116-8754-509742c38441,item_not_received,groceries,netbanking,537.43,10,13,in_transit,True,0.727,0.741,0,409,0.4144,True
749f5efa-77c3-47c6-a146-952197106bf8,not_as_described,electronics,upi,568.27,8,10,delivered_no_signature,False,0.262,0.634,0,307,0.5511,False
7bc17d2d-fbac-438a-9eab-68c8e5400ef4,item_not_received,groceries,card,527.3,26,6,in_transit,True,0.518,0.707,0,59,0.6148,True
8c61c46e-8a4f-4870-980e-b6f2b51d7679,item_not_received,home_goods,wallet,68.5,13,8,signed_confirmation,False,0.724,0.313,1,388,0.7636,False
0633f060-a2fd-4832-9345-471781192f7b,fraud_card_not_present,digital_goods,card,423.78,7,3,signed_confirmation,True,0.358,0.764,1,81,0.2914,False
a2b79c0d-405b-496e-89cf-d1ba6cecc5e3,not_as_described,digital_goods,card,357.62,2,9,signed_confirmation,False,0.326,0.496,1,172,0.4606,False
bf7ee4eb-d74a-4bea-90dc-d563aad875ac,not_as_described,electronics,netbanking,5801.02,44,21,delivered_no_signature,True,0.611,0.572,1,64,0.6811,False
7807970c-6a98-4636-a7b9-06cd04aebfd6,duplicate_charge,beauty,wallet,1988.77,17,20,delivered_no_signature,False,0.578,0.688,1,66,0.7004,True
f57c35f1-2c92-4dad-b305-63020c43c7f3,not_as_described,apparel,card,947.52,6,21,signed_confirmation,False,0.714,0.629,1,316,0.8846,True
17bd6413-299a-4dd1-9a91-8083bfc3ec8a,duplicate_charge,home_goods,card,614.45,21,5,delivered_no_signature,False,0.374,0.791,0,624,0.7334,False
5cc91d3c-6fa2-4683-b71b-7f59c64abfcb,not_as_described,apparel,upi,556.62,9,18,not_shipped,False,0.384,0.751,0,39,0.7508,True
37f1ae2f-5925-4a99-b340-fc3e67985014,duplicate_charge,home_goods,card,581.5,45,1,signed_confirmation,False,0.659,0.791,1,612,0.5555,True
37a90743-8b2f-4f6c-a64c-bc133ab69665,item_not_received,home_goods,upi,797.78,3,18,in_transit,False,0.565,0.189,1,254,0.4433,True
7c63f75b-9f1c-48a6-9168-a51ffba253ba,subscription_not_cancelled,apparel,wallet,225.64,1,10,signed_confirmation,True,0.372,0.831,0,319,0.486,True
23932d16-10ab-4403-ac17-d11496360c52,duplicate_charge,groceries,card,713.76,7,16,not_shipped,True,0.536,0.705,0,886,0.5216,True
09127b5f-1d63-4491-9e9e-25bab9e5696c,item_not_received,home_goods,netbanking,579.73,9,5,signed_confirmation,False,0.375,0.55,0,393,0.5274,True
58ce7e37-63cc-42eb-8c93-9ea59b9383b3,fraud_card_not_present,apparel,card,191.74,1,16,delivered_no_signature,False,0.478,0.442,0,404,0.323,False
38322482-dc5a-4831-957e-7a7f94f409c8,duplicate_charge,beauty,card,109.7,6,17,delivered_no_signature,False,0.011,0.856,0,161,0.5885,True
d8727783-ee0c-4b5b-880a-a00f7d2b76a8,subscription_not_cancelled,beauty,card,648.44,15,1,delivered_no_signature,True,0.664,0.472,1,147,0.6959,True
dc5a7db7-823f-4c44-ae98-d19c99ae9ad6,item_not_received,electronics,card,1307.75,1,16,signed_confirmation,True,0.62,0.833,0,367,0.9081,True
c385570f-8ba2-46f6-8181-bcecbe8bcff6,not_as_described,home_goods,card,636.76,7,18,signed_confirmation,True,0.357,0.652,0,1035,0.7584,False
bc169881-8f4a-4aba-ac60-b0e6a475b7d6,fraud_card_not_present,apparel,netbanking,404.46,9,4,in_transit,True,0.23,0.56,1,1014,0.0592,True
8208edbb-5a2b-408d-b8eb-ffe691381606,not_as_described,digital_goods,upi,400.48,4,21,delivered_no_signature,True,0.458,0.685,0,608,0.6063,False
70c268bf-103e-4de1-98c5-098c40f2681a,not_as_described,electronics,wallet,1214.57,26,4,signed_confirmation,True,0.302,0.737,0,488,0.8988,True
babb29c3-7c59-411a-b446-4b419082e8a7,fraud_card_not_present,apparel,upi,1539.56,11,15,signed_confirmation,False,0.468,0.913,0,103,0.372,False
391674ab-be24-481c-b68f-20a3832a7975,item_not_received,home_goods,upi,537.37,5,2,signed_confirmation,True,0.641,0.778,1,340,0.8429,True
b3db336f-5a0d-4a13-b5a0-3865f021cef3,not_as_described,digital_goods,card,776.03,8,5,in_transit,False,0.394,0.645,1,254,0.6631,False
90cd7931-faaa-44de-a3f0-30adea3c1f55,item_not_received,home_goods,upi,1356.99,22,3,signed_confirmation,True,0.129,0.88,0,319,0.9751,True
087645c8-12a8-428a-9847-30857975b4a7,fraud_card_not_present,beauty,netbanking,842.24,19,2,delivered_no_signature,True,0.903,0.865,0,823,0.8078,True
9475a789-c6ff-4e6b-9437-95cd730d2fdf,duplicate_charge,groceries,card,155.34,17,14,signed_confirmation,False,0.226,0.511,1,718,0.4566,False
efae3fbf-88dc-4dab-a1f2-5a100136462c,subscription_not_cancelled,apparel,card,570.53,24,17,signed_confirmation,False,0.276,0.357,0,1233,0.4645,False
5c83ba02-cac9-4ac3-bb14-a48279008eff,fraud_card_not_present,apparel,card,1375.6,2,11,delivered_no_signature,False,0.094,0.959,0,1333,0.4804,True
54205785-dc07-4c95-bcb3-8711a2fc5fef,duplicate_charge,beauty,card,1887.45,4,13,in_transit,False,0.894,0.623,2,252,0.2499,True
5f1a6d51-055e-4c05-bc3c-60fc9085e03c,item_not_received,beauty,card,1247.16,6,6,not_shipped,False,0.485,0.809,1,957,0.0551,False
edc633e6-9d25-41dd-b9ed-b1823b02c31a,fraud_card_not_present,home_goods,card,1912.1,3,10,signed_confirmation,True,0.414,0.757,0,255,0.4473,True
ddb1fe09-4406-44a4-8494-215ec3eaeaba,duplicate_charge,apparel,card,346.6,7,14,in_transit,False,0.416,0.693,1,61,0.6171,True
505f70fc-496c-4aa4-91b8-df9baf6060f3,item_not_received,apparel,netbanking,895.26,17,4,not_shipped,False,0.583,0.582,3,733,0.1407,False
fb3f02cc-7dab-455f-b224-a4143bb082b0,fraud_card_not_present,electronics,upi,307.2,41,11,delivered_no_signature,False,0.466,0.401,1,376,0.2076,False
16492504-5485-42c7-8378-5f82e13d05f2,duplicate_charge,apparel,card,1462.41,3,21,in_transit,True,0.159,0.794,0,114,0.7232,True
3bb4aa01-6284-47d6-ac89-1ce4fc9965d8,item_not_received,apparel,card,1706.25,7,1,in_transit,False,0.585,0.548,1,421,0.249,False
efda8122-fd7b-4158-9496-abda79eb4b61,item_not_received,beauty,upi,336.84,2,20,delivered_no_signature,False,0.381,0.592,0,263,0.548,True
7a8ad7c8-bc44-482e-83a5-ca572f4eba59,subscription_not_cancelled,electronics,upi,551.15,1,16,delivered_no_signature,True,0.587,0.737,0,709,0.4734,True
33f5c44e-7803-4c0b-a70b-3a1588302ae9,subscription_not_cancelled,home_goods,upi,345.58,20,4,signed_confirmation,True,0.418,0.795,1,619,0.9574,True
59569bfa-68c7-4a5d-8e93-c580df868e4c,item_not_received,electronics,card,175.15,2,12,signed_confirmation,False,0.257,0.81,0,424,0.9474,True
9bf9fd9f-5fd1-4377-84e9-be22c794f8ad,item_not_received,home_goods,netbanking,1523.04,6,13,in_transit,False,0.226,0.53,2,577,0.2783,False
b5ba0f3b-b976-494b-9bab-c15b9b1475b5,duplicate_charge,apparel,upi,171.27,4,13,not_shipped,True,0.424,0.746,1,149,0.9472,True
f061e68f-3a75-408b-a244-57a5432b368d,item_not_received,groceries,card,384.91,21,1,not_shipped,True,0.231,0.3,3,266,0.0257,False
4c322ea5-a244-4dd5-b049-9d7fd0f65e5d,item_not_received,groceries,card,821.81,8,13,not_shipped,False,0.557,0.574,0,19,0.0829,False
5c3300a1-025b-4bc5-90d3-585edd30c438,item_not_received,groceries,wallet,207.28,7,14,delivered_no_signature,True,0.148,0.44,1,394,0.8759,True
62aa5e47-efcc-4270-acd3-92170c8800d5,not_as_described,home_goods,wallet,705.73,4,2,delivered_no_signature,False,0.159,0.655,0,48,0.4732,True
bfbec846-f55c-469c-823c-d5d9d73ced54,duplicate_charge,groceries,card,2537.64,9,21,signed_confirmation,False,0.447,0.81,1,213,0.4573,False
22a954ef-1b80-4677-a322-056d017c988a,not_as_described,electronics,wallet,1025.7,6,14,not_shipped,False,0.368,0.543,0,379,0.197,False
db7fc4e0-9acf-4656-84d1-eca241014829,duplicate_charge,apparel,upi,979.98,1,9,signed_confirmation,False,0.426,0.47,2,97,0.7796,True
4afd4936-1ca9-4d72-8ff2-8737ee21575a,duplicate_charge,beauty,card,3853.03,2,16,signed_confirmation,False,0.483,0.409,2,56,0.1952,False
22536b74-7b3e-4031-ade4-6ca2ccba06c8,not_as_described,digital_goods,upi,729.94,12,19,signed_confirmation,False,0.861,0.675,0,116,0.3278,True
06b9902b-19ab-408c-8603-00a42e0579fc,subscription_not_cancelled,electronics,upi,158.66,12,13,not_shipped,False,0.682,0.601,0,84,0.293,False
411f288a-abd9-4b7a-a865-3f5864ccd5e6,item_not_received,electronics,card,385.79,11,1,signed_confirmation,True,0.347,0.727,0,265,0.9247,True
0b97346e-09bc-41db-ab36-62ab73c5f5e7,item_not_received,electronics,upi,374.64,5,14,delivered_no_signature,True,0.631,0.642,1,277,0.7976,True
d5929a90-ae4a-4d65-a533-c9dd9e68c3f6,fraud_card_not_present,beauty,upi,2348.32,3,14,signed_confirmation,True,0.64,0.487,0,178,0.9329,False
d6fe8386-6a18-40cd-9b5b-dc45934d0341,item_not_received,home_goods,upi,342.87,6,3,delivered_no_signature,False,0.413,0.503,1,131,0.8935,True
1394410e-77eb-4957-839e-d9bbfbced5d3,fraud_card_not_present,beauty,card,481.12,10,15,not_shipped,True,0.593,0.862,0,94,0.4382,False
04262b9a-181a-47fa-84ab-21b3066856d6,item_not_received,apparel,card,361.24,18,20,delivered_no_signature,False,0.149,0.489,0,1419,0.4495,False
19f93b40-1c8e-4487-a197-ad663bbe1728,not_as_described,groceries,card,433.67,2,13,delivered_no_signature,False,0.637,0.531,0,496,0.9162,False
ecac89a8-2d27-456c-a27e-840f00109e15,item_not_received,home_goods,card,460.63,35,5,not_shipped,True,0.457,0.911,0,150,0.3304,True
4cf2b013-4dd9-4920-8de0-0d771c0a6114,item_not_received,apparel,card,194.95,5,7,delivered_no_signature,True,0.61,0.697,0,687,0.7006,True
60e61064-f736-45bf-af99-60bf36d0cc82,not_as_described,groceries,upi,602.68,6,1,signed_confirmation,True,0.768,0.528,0,465,0.7531,True
e6b90d9b-1883-4a3f-b349-b72db9e923c0,item_not_received,digital_goods,netbanking,1291.37,47,16,signed_confirmation,False,0.387,0.568,0,260,0.8137,True
1683cf3d-a3b0-4bd7-9190-9ab16c9331e5,item_not_received,electronics,card,1781.59,4,16,signed_confirmation,True,0.3,0.486,0,360,0.7968,True
55cc7b2c-9787-41f5-85e1-c042aa41656e,not_as_described,groceries,card,680.86,38,8,signed_confirmation,True,0.261,0.663,1,231,0.8503,True
1f77e3bf-d8c2-4c72-807c-a0ce6fc11395,subscription_not_cancelled,digital_goods,upi,683.03,11,2,delivered_no_signature,True,0.767,0.806,1,629,0.5391,True
085849fa-911f-4895-a921-6c5ed536cbc5,fraud_card_not_present,beauty,upi,466.98,6,17,signed_confirmation,False,0.429,0.198,1,202,0.5685,False
0f4ec56f-a73f-4ca7-9d41-8fa40ac3d4d4,not_as_described,beauty,upi,1509.74,11,6,signed_confirmation,False,0.823,0.658,0,189,0.7736,False
fc4dd5cc-84cb-462e-b952-7ce7238dcda6,subscription_not_cancelled,electronics,card,621.1,22,17,in_transit,False,0.552,0.912,0,622,0.7718,True
821a48bf-8b13-4961-a728-d89f80e3f6ef,fraud_card_not_present,digital_goods,card,1958.27,5,19,delivered_no_signature,True,0.8,0.715,1,72,0.355,False
b9d0720c-e20f-4f6e-8a7c-8ce7380aac24,fraud_card_not_present,electronics,wallet,1030.4,7,3,not_shipped,False,0.251,0.421,1,237,0.2638,False
e681f17f-907f-4dcf-8505-8c4d637ddc10,fraud_card_not_present,home_goods,card,2163.91,2,6,delivered_no_signature,True,0.741,0.628,0,51,0.7617,True
dd80332a-6ad5-4d99-94fd-6ed5a43fe6e4,not_as_described,home_goods,wallet,465.74,15,9,in_transit,False,0.149,0.571,1,658,0.6543,False
07740e00-d9f6-4fbf-80e0-bf52cd2085c2,fraud_card_not_present,beauty,wallet,1734.91,21,13,signed_confirmation,False,0.504,0.383,0,187,0.6193,False
4097872f-6963-4557-ba1b-f86d46e86b87,not_as_described,digital_goods,card,1133.43,20,15,in_transit,False,0.848,0.594,1,164,0.3875,False
6096198c-ec00-450b-a32e-5f6e5fb64d37,duplicate_charge,digital_goods,card,1200.34,5,19,in_transit,False,0.458,0.359,0,1148,0.8681,False
fd610648-5c96-425f-93c0-df5ebe5e0483,not_as_described,beauty,upi,3404.64,5,7,signed_confirmation,True,0.585,0.494,1,57,0.8405,True
92f20ab1-2d15-4c4e-86c7-1103f4cf96c5,item_not_received,digital_goods,upi,327.82,46,7,signed_confirmation,True,0.062,0.376,1,24,0.8672,True
15759da2-40d2-4b76-aebd-b6681da60080,fraud_card_not_present,beauty,card,463.07,19,3,signed_confirmation,False,0.552,0.588,1,1518,0.6135,True
f7ce3ca6-307c-4cac-9e76-103894786979,item_not_received,groceries,card,721.34,2,1,signed_confirmation,False,0.798,0.577,1,411,0.8633,True
94cab767-351e-4ff5-a27b-f1884a5a96d2,not_as_described,groceries,wallet,1875.03,1,2,signed_confirmation,False,0.621,0.495,2,513,0.6921,True
dac0af10-1eee-4c48-a8b7-9f7266e41ea4,item_not_received,home_goods,upi,860.85,2,1,signed_confirmation,True,0.708,0.716,0,325,0.9501,True
c8cafd93-c882-44bc-a0a7-0864c14e54b3,fraud_card_not_present,apparel,card,3160.81,2,18,in_transit,True,0.509,0.366,1,466,0.1306,False
111db1f0-93cc-4d02-8454-2600dc3e9139,item_not_received,apparel,upi,14290.96,6,21,delivered_no_signature,False,0.464,0.891,0,906,0.2621,True
899de609-fa06-4d20-94d3-f0d8cc4bf3c3,not_as_described,beauty,upi,1543.11,3,18,not_shipped,False,0.447,0.742,0,712,0.6789,True
f871eb5f-6b3b-47bd-b2a2-2f6408bd0382,subscription_not_cancelled,groceries,card,4175.33,10,13,not_shipped,True,0.754,0.615,0,1320,0.6388,False
cbe88518-e610-4fb8-8472-0721aec64cac,subscription_not_cancelled,groceries,wallet,401.71,17,19,in_transit,True,0.489,0.401,1,223,0.3562,True
32274822-1c98-4f0a-a618-7eef62b1b0f3,subscription_not_cancelled,digital_goods,upi,658.08,25,5,signed_confirmation,False,0.256,0.5,1,75,0.4069,False
34897cd5-4ade-4637-87d3-d8d3ce9a594e,subscription_not_cancelled,electronics,card,876.88,8,7,delivered_no_signature,True,0.448,0.864,0,141,0.7929,True
c6f8c301-caf1-44e6-8a3c-c219c9e5154c,not_as_described,groceries,card,2190.3,8,6,signed_confirmation,False,0.089,0.466,0,248,0.6523,True
e53dadb4-b294-4cc0-b540-07c02eaeb670,fraud_card_not_present,digital_goods,upi,475.18,1,19,delivered_no_signature,True,0.522,0.679,0,328,0.3213,True
76b6b5c0-7ec9-4ad4-a194-26d220b73184,duplicate_charge,groceries,card,996.78,5,5,delivered_no_signature,False,0.614,0.859,0,47,0.6154,True
75f730bd-33f8-4596-9c72-e89460ae7428,fraud_card_not_present,apparel,upi,1493.54,3,13,signed_confirmation,True,0.393,0.572,1,135,0.5963,True
8dee4205-1ae4-48b1-8d64-5b60d93ffcf8,fraud_card_not_present,electronics,card,2886.07,11,11,signed_confirmation,False,0.116,0.509,1,323,0.1568,False
e15b0434-28d5-4dd1-b97f-25e704154a3b,subscription_not_cancelled,home_goods,wallet,1693.99,2,11,signed_confirmation,False,0.194,0.165,1,255,0.2123,False
2b71257a-0a93-4dd3-a3d8-8bd3b68e1d97,item_not_received,home_goods,card,906.46,6,14,signed_confirmation,False,0.238,0.586,1,339,0.6417,True
9af19578-0393-4619-a3ec-ecb473ec3a73,item_not_received,digital_goods,upi,252.58,20,21,delivered_no_signature,True,0.525,0.419,3,288,0.4556,True
9d31a9a1-e911-4bfc-912d-e37a8e4a2d88,item_not_received,electronics,card,508.5,7,2,in_transit,False,0.598,0.528,1,1115,0.4932,True
5db653fd-00f3-4299-96ee-901ab175fc84,fraud_card_not_present,home_goods,upi,1939.17,5,17,signed_confirmation,False,0.678,0.822,0,37,0.3493,True
5626efc2-b526-46ca-ad1d-394f13f91e79,duplicate_charge,apparel,card,184.63,19,16,not_shipped,False,0.623,0.649,1,170,0.116,False
e55470cd-3f92-47b5-ad7f-94a4cabe8199,subscription_not_cancelled,home_goods,upi,238.27,8,20,delivered_no_signature,False,0.555,0.821,0,32,0.5337,True
2df4c3aa-a535-425a-bcca-fc5dd855ade5,item_not_received,groceries,upi,391.98,8,7,signed_confirmation,False,0.723,0.312,1,393,0.7776,True
d48eea4f-e0b1-44f5-b6ef-ab0eb455c6fd,fraud_card_not_present,home_goods,upi,2642.9,13,5,in_transit,True,0.316,0.598,0,473,0.1561,False
e72c5204-3919-4f67-a66e-2af78a8b79c3,item_not_received,home_goods,upi,2802.14,7,8,in_transit,True,0.763,0.853,0,297,0.6791,True
d9fdc410-11e5-4514-a277-12fe5d9d4647,not_as_described,apparel,card,1948.99,11,18,in_transit,True,0.561,0.633,2,286,0.4616,False
a1ce72b4-aae7-443e-acb6-520612217982,fraud_card_not_present,groceries,card,2215.47,6,2,delivered_no_signature,False,0.487,0.23,0,371,0.5874,True
f064d660-2cf3-4c08-98eb-7c2172f5268e,fraud_card_not_present,electronics,upi,882.48,8,16,signed_confirmation,False,0.461,0.622,1,745,0.8731,True
c434f3de-9a51-40a2-9bb7-5ae4e83adb49,item_not_received,groceries,card,945.2,9,13,signed_confirmation,True,0.923,0.711,0,206,0.9517,True
aab13de2-5712-49e6-a7cb-9e5e6a4b98a8,not_as_described,digital_goods,card,1642.0,5,14,delivered_no_signature,True,0.655,0.784,1,548,0.8378,True
f4b6d1a5-0134-4854-a0f0-d1da99f72b62,not_as_described,beauty,netbanking,471.49,17,2,in_transit,True,0.742,0.802,1,1023,0.8099,False
c0d25f48-17a4-4d3c-9df6-bdcced7947af,fraud_card_not_present,beauty,upi,419.94,20,14,signed_confirmation,False,0.173,0.841,2,674,0.0872,False
663c7896-11e1-426f-a9a5-d6736c7b14ed,not_as_described,apparel,card,2019.16,6,13,signed_confirmation,True,0.62,0.389,0,578,0.4279,False
2b33bcbf-7438-4649-96a1-2598f228f8e4,subscription_not_cancelled,electronics,card,417.82,8,6,signed_confirmation,True,0.549,0.888,0,2955,0.8944,True
f4f54f47-5580-4726-a79d-687f00eac7e0,fraud_card_not_present,beauty,upi,259.8,24,6,signed_confirmation,False,0.161,0.933,0,403,0.2458,False
15754819-af9f-4af6-b23c-024605fbb87a,fraud_card_not_present,digital_goods,upi,1862.96,4,12,signed_confirmation,False,0.167,0.688,0,130,0.4885,False
d0468ce2-ac16-45de-92b7-f2b9b756219a,item_not_received,electronics,card,1152.45,14,19,delivered_no_signature,True,0.833,0.836,1,489,0.8585,True
8b10c020-d463-4106-824f-69902f0d2c7e,item_not_received,beauty,wallet,353.41,4,11,signed_confirmation,False,0.146,0.793,0,25,0.8806,False
576038e1-3276-40ee-aa23-045ee39abec1,duplicate_charge,home_goods,netbanking,1122.67,5,5,in_transit,True,0.295,0.426,0,158,0.5351,False
4b99ed68-7c5b-4ecf-8137-082bd955028e,item_not_received,groceries,netbanking,612.28,6,1,signed_confirmation,True,0.547,0.284,2,468,0.8339,False
5c391b51-17a1-4f8b-bddf-7e4ec79f0ee4,fraud_card_not_present,groceries,upi,366.5,6,9,delivered_no_signature,False,0.698,0.488,0,5,0.6063,True
75be5c8f-8e6c-413d-b84d-5e066518d807,fraud_card_not_present,digital_goods,netbanking,483.74,2,5,signed_confirmation,False,0.417,0.596,0,635,0.5777,False
ada46ffb-d693-4f30-8de5-272605143acc,subscription_not_cancelled,electronics,upi,1208.82,9,14,in_transit,True,0.619,0.435,1,141,0.8281,True
edfbda72-b5fc-47ad-bd0c-baf109129094,not_as_described,apparel,upi,455.78,13,19,delivered_no_signature,False,0.804,0.39,0,794,0.5935,True
a673fd17-d9b3-48a4-a063-28c2efb38374,item_not_received,home_goods,card,1910.51,7,8,delivered_no_signature,True,0.343,0.78,0,34,0.8604,False
614fd368-6617-4fa8-a83f-d5dae012773b,item_not_received,home_goods,card,789.95,8,21,delivered_no_signature,False,0.392,0.687,1,59,0.5925,False
4a281dc5-f27a-4563-828f-f2ad9c6851c1,fraud_card_not_present,groceries,card,1278.63,1,12,not_shipped,False,0.687,0.706,2,80,0.2559,False
72d382af-809f-49d9-b8c9-e8e8885a2a68,fraud_card_not_present,home_goods,card,3121.64,8,11,signed_confirmation,False,0.322,0.614,1,185,0.5145,True
ea842ba3-14c5-40e1-a1ec-4822e794c4fd,item_not_received,apparel,card,2562.12,2,18,delivered_no_signature,True,0.908,0.844,0,10,0.7416,True
33c11563-5dce-4254-a0ae-b1adcde4ff69,fraud_card_not_present,electronics,card,2171.48,31,8,delivered_no_signature,False,0.768,0.706,0,655,0.4344,True
c639b954-63af-4795-bfad-c94c2442ba54,duplicate_charge,apparel,upi,1232.32,16,11,delivered_no_signature,True,0.697,0.633,0,1043,0.8549,True
6539735b-0afa-42f5-aa4d-108764e65f0b,not_as_described,groceries,netbanking,1606.4,31,12,in_transit,False,0.437,0.623,2,868,0.5493,True
61dd646e-cac3-4314-887c-1162eefc155b,item_not_received,groceries,card,1139.62,23,6,delivered_no_signature,True,0.576,0.555,0,1036,0.6313,False
5d5c7ef8-9c0b-429f-b013-8cbed8908aa6,duplicate_charge,groceries,card,330.04,23,10,delivered_no_signature,False,0.318,0.712,1,289,0.6396,True
c7c6bd95-5a4d-48d1-b248-84e59b8f6187,item_not_received,beauty,upi,6106.46,2,9,in_transit,False,0.536,0.446,1,765,0.3973,False
318b4395-8493-4b8a-b090-63d4d698ab47,item_not_received,digital_goods,card,1916.01,12,8,in_transit,True,0.381,0.169,1,188,0.3643,True
b800b679-be5d-413e-bc3c-2103cd65db5d,fraud_card_not_present,beauty,upi,575.18,48,17,signed_confirmation,False,0.623,0.836,1,790,0.4071,True
1e0ac136-28a1-48ed-9c11-62c0ea5e3577,fraud_card_not_present,apparel,netbanking,1229.4,8,4,signed_confirmation,True,0.765,0.282,1,100,0.4507,False
976115a3-fd3b-4ae8-9e41-f7c16aec892c,item_not_received,electronics,card,621.65,2,9,not_shipped,False,0.645,0.708,1,249,0.1228,False
5ff7d121-57b3-4197-8ba7-3662c9df4040,fraud_card_not_present,electronics,card,161.58,1,3,signed_confirmation,True,0.421,0.49,0,917,0.4896,True
f9927bf6-dc9f-40bf-b248-98f6283d930e,item_not_received,beauty,upi,544.54,14,7,in_transit,True,0.462,0.958,1,388,0.2738,False
4e70f60b-aa59-4e23-91cb-e9f62f6037d0,fraud_card_not_present,home_goods,netbanking,2550.55,11,6,delivered_no_signature,True,0.278,0.571,2,496,0.307,False
9422667f-aa7c-4df7-b59f-f9e956601496,item_not_received,beauty,upi,2744.54,35,5,in_transit,False,0.465,0.792,1,654,0.5491,False
38d2accc-f0d3-49b8-9b47-c405314ceed1,subscription_not_cancelled,digital_goods,card,1064.47,6,14,signed_confirmation,True,0.59,0.791,4,909,0.2514,False
d4252760-8646-4003-9ac0-88f44c0f1954,fraud_card_not_present,digital_goods,upi,403.38,13,16,delivered_no_signature,False,0.447,0.992,1,201,0.2354,False
1dfe56ff-e3d8-41f5-979e-0e10b914cc6a,fraud_card_not_present,home_goods,card,207.12,21,8,delivered_no_signature,True,0.374,0.333,1,67,0.2654,True
cd31cf67-3fbf-44b2-9052-2efe4d2c1b81,item_not_received,digital_goods,upi,88.79,24,5,delivered_no_signature,False,0.693,0.442,1,115,0.4865,True
cd8bb9dd-0f05-48e7-b867-1d1aaf6ac400,item_not_received,digital_goods,card,2510.12,7,18,not_shipped,True,0.324,0.624,0,1273,0.0389,True
035c5383-df00-4264-bbcd-ade9c551cc86,item_not_received,beauty,card,763.59,1,3,delivered_no_signature,True,0.922,0.482,1,252,0.6515,True
18c08b3e-643d-4bf0-b24c-f0176b07bdc3,fraud_card_not_present,home_goods,wallet,1049.13,21,3,in_transit,True,0.273,0.436,0,89,0.208,False
1d105afd-026b-4ea4-aab5-47797d7bf332,duplicate_charge,groceries,card,354.79,10,21,not_shipped,False,0.592,0.675,1,1207,0.6029,True
01943d3e-fc77-4985-8c5c-73d58a954618,item_not_received,electronics,upi,357.03,5,5,delivered_no_signature,False,0.607,0.737,1,745,0.7954,True
e3f40bb8-f308-4675-850d-254116900259,fraud_card_not_present,beauty,upi,525.05,11,2,signed_confirmation,False,0.496,0.505,1,193,0.525,False
56eccc64-d101-4b60-9a95-a435f1bd3222,fraud_card_not_present,groceries,wallet,8682.52,11,1,delivered_no_signature,True,0.545,0.473,0,330,0.1589,False
90d358fc-8c03-446a-a5bd-970981e9e68d,not_as_described,digital_goods,upi,1158.96,14,5,signed_confirmation,False,0.581,0.533,0,277,0.7209,True
a433cc83-2d7b-4454-a0ed-67737f3dca86,item_not_received,digital_goods,netbanking,8147.81,6,3,not_shipped,True,0.245,0.418,1,360,0.0874,False
716aec03-c16c-4fb9-9d2e-885f0f65e240,not_as_described,apparel,netbanking,4692.66,3,15,delivered_no_signature,True,0.833,0.738,1,487,0.2101,False
d9590b45-0e21-4d7c-8cd6-1cf959d6e41e,not_as_described,beauty,netbanking,2929.53,17,5,in_transit,False,0.373,0.397,0,672,0.0996,False
ab67da24-d308-4a43-a531-e9a1c597fa73,fraud_card_not_present,apparel,card,2828.19,4,4,signed_confirmation,True,0.258,0.56,2,654,0.1156,False
9d1a5bd9-90f4-4470-921e-4c8ca90e11cf,not_as_described,home_goods,card,579.16,21,1,in_transit,False,0.528,0.49,1,249,0.1348,False
68e56ea0-8d36-49e7-9afb-a02f6261497c,item_not_received,groceries,upi,167.95,37,9,in_transit,False,0.698,0.762,0,255,0.1707,False
911f1d13-a27e-4bce-b8d8-141365093846,fraud_card_not_present,apparel,card,4922.98,3,6,signed_confirmation,False,0.759,0.558,2,574,0.433,False
1725dee6-4e91-497c-a7d5-8683f5d9308f,subscription_not_cancelled,digital_goods,netbanking,8055.68,2,11,signed_confirmation,False,0.749,0.715,0,536,0.8253,True
ae5f49dd-59e1-4838-bbcc-1e0112c6d915,fraud_card_not_present,groceries,card,133.74,15,11,in_transit,False,0.568,0.71,0,24,0.4579,False
aef3b69f-f34f-46ca-927f-c1c3500a2fee,item_not_received,digital_goods,wallet,5523.46,12,4,signed_confirmation,False,0.795,0.651,1,500,0.5786,True
5ad323ee-b555-47db-8b82-f68ce5817fa9,item_not_received,groceries,card,630.68,22,1,signed_confirmation,True,0.661,0.399,0,223,0.8132,True
db9caf9e-eff5-4d1b-b6ae-6679d54e931d,duplicate_charge,apparel,upi,929.63,8,18,in_transit,True,0.586,0.722,1,200,0.7626,True
d28e8e98-eb1c-4d7f-aa5e-af93c85d2ab9,item_not_received,beauty,card,1966.28,3,21,delivered_no_signature,True,0.073,0.679,0,198,0.8631,True
f9d043a5-7c95-4814-840a-753a8ab3411a,duplicate_charge,home_goods,wallet,1143.52,9,2,delivered_no_signature,False,0.22,0.315,0,258,0.4166,True
fc7df04b-40c0-442b-b709-82d948f1adef,fraud_card_not_present,apparel,card,1141.93,1,2,in_transit,True,0.615,0.795,0,374,0.7315,False
9b952d4e-2bd9-4842-9b59-4e8bd88c4983,not_as_described,apparel,card,355.1,3,4,signed_confirmation,False,0.497,0.306,1,614,0.1861,False
2e3c34dc-55ae-4757-9c1d-546496b6e13a,not_as_described,groceries,netbanking,86.16,7,1,delivered_no_signature,False,0.198,0.374,0,280,0.3173,True
3ca6e64c-eeea-4bee-87f5-13004799bbfb,item_not_received,groceries,card,1187.73,26,16,signed_confirmation,False,0.444,0.86,0,640,0.7129,False
b675d585-ed72-4c91-b632-b4d8ee641acb,item_not_received,apparel,upi,637.1,21,2,delivered_no_signature,False,0.615,0.407,0,585,0.9119,True
ee06b482-941d-4868-bf74-077744bf8d1a,not_as_described,home_goods,upi,764.35,1,12,signed_confirmation,False,0.516,0.649,0,293,0.6698,True
b0ff2d77-644a-4ef7-ab2d-01326bdb91ce,fraud_card_not_present,home_goods,card,604.44,3,20,delivered_no_signature,False,0.629,0.046,1,27,0.2177,False
b492a0ed-1696-44e5-83bf-7441027aca66,item_not_received,home_goods,upi,2278.36,48,14,in_transit,False,0.626,0.914,0,213,0.2158,True
7ae56bae-9262-4778-b58e-d90616f7b6e5,not_as_described,beauty,card,2357.48,8,17,signed_confirmation,False,0.282,0.802,0,498,0.891,False
7e50c1a0-28d6-4f22-b643-79bc55175e99,subscription_not_cancelled,electronics,upi,624.39,2,16,signed_confirmation,True,0.06,0.532,0,704,0.7456,True
b2e70d4d-16ef-4aa5-afab-c33686b3ab7c,item_not_received,groceries,upi,8623.35,4,3,delivered_no_signature,True,0.618,0.693,0,812,0.7861,True
6cc89f1e-05cf-4e7e-bb99-51476d7d5bcc,item_not_received,beauty,card,168.83,23,3,in_transit,True,0.797,0.69,0,380,0.0708,False
f791ae55-a76a-4eb2-92cf-396b43f5b66d,not_as_described,apparel,upi,1458.0,50,14,signed_confirmation,True,0.69,0.578,0,882,0.4328,True
79eca699-ec68-446b-9148-bddccb23e034,item_not_received,apparel,upi,911.7,38,12,signed_confirmation,False,0.495,0.695,1,245,0.9452,True
239f4506-3072-4479-a1bc-f615e9782d2f,duplicate_charge,beauty,upi,582.23,8,6,delivered_no_signature,False,0.704,0.494,1,238,0.2953,False
2b614d21-cdef-4638-984a-f2dd61308a75,fraud_card_not_present,digital_goods,card,600.59,3,9,not_shipped,False,0.61,0.906,1,3170,0.48,True
6d1cc550-05ad-406f-8c79-f604110aa545,item_not_received,electronics,card,357.1,5,4,signed_confirmation,False,0.653,0.574,0,17,0.8013,True
930585e8-6924-4e18-b39f-1be904590ee0,duplicate_charge,digital_goods,card,1719.61,1,21,delivered_no_signature,False,0.663,0.721,0,223,0.7898,True
4ca1283a-b635-44dc-9a87-d2dcc25d758c,item_not_received,digital_goods,upi,415.6,14,17,signed_confirmation,True,0.907,0.827,0,528,0.6879,True
a5919f9c-b4c2-4ad7-8f68-c80352ccd713,item_not_received,electronics,card,2028.02,16,8,signed_confirmation,False,0.79,0.23,2,162,0.5929,False
b1f8169b-e39d-4b02-a51a-915df120f2c6,item_not_received,beauty,card,126.4,27,14,in_transit,False,0.468,0.575,0,190,0.4517,False
28a94b99-ec11-4c6a-af61-4e1f6a913659,fraud_card_not_present,groceries,netbanking,337.24,13,19,delivered_no_signature,True,0.207,0.501,1,105,0.3667,False
24b30732-c097-498a-bbc1-27881debd5a3,not_as_described,home_goods,card,288.84,1,7,in_transit,False,0.672,0.395,0,112,0.3612,False
965c03de-44df-40ff-8796-0930863a6954,not_as_described,beauty,upi,1180.85,5,2,signed_confirmation,True,0.179,0.861,0,258,0.7177,True
912913ef-f6ed-48e1-952b-85601d2fb6b1,duplicate_charge,groceries,upi,559.07,24,16,signed_confirmation,True,0.904,0.604,0,665,0.7475,True
4b48493e-a12a-4782-90c6-a0abd484a83a,fraud_card_not_present,digital_goods,wallet,718.88,9,15,signed_confirmation,False,0.666,0.743,0,337,0.3994,True
a5009ba8-1ec5-4f53-b25d-bdbdb72111b2,item_not_received,digital_goods,upi,697.22,1,9,not_shipped,True,0.829,0.788,0,298,0.341,False
085a7afa-949f-4cec-93d6-7cf1565fdb0e,fraud_card_not_present,home_goods,upi,579.31,41,12,signed_confirmation,False,0.43,0.496,2,58,0.3433,False
99f66fcd-e5db-4c5d-8d80-63300a123d6c,duplicate_charge,home_goods,wallet,1157.17,3,13,signed_confirmation,True,0.696,0.806,0,9,0.8405,True
8bbb544a-eaa7-4e1d-b398-6b1110827e3c,not_as_described,groceries,upi,3739.7,5,17,signed_confirmation,False,0.362,0.652,1,418,0.769,True
9ba5e95b-394d-45af-af09-d6214aa2b4bc,item_not_received,beauty,upi,356.8,4,6,signed_confirmation,True,0.753,0.447,3,48,0.9336,True
90a20ac5-d8fe-471a-bc5f-b470385a5d34,item_not_received,digital_goods,upi,1568.43,19,16,in_transit,False,0.568,0.371,0,598,0.4083,False
0135be59-4b95-421a-8822-87ba307b3cef,item_not_received,home_goods,card,2865.29,1,19,not_shipped,False,0.909,0.42,0,352,0.0397,False
5f7ba2d0-2512-42f2-bc54-ba178a92784b,item_not_received,groceries,upi,2097.64,40,21,signed_confirmation,True,0.221,0.429,0,89,0.6736,True
25d3bf84-3a7e-4920-ac73-fd64ae313e4d,fraud_card_not_present,digital_goods,upi,2033.12,25,2,delivered_no_signature,True,0.208,0.541,0,205,0.3947,False
b9d347d2-05dc-44aa-9688-630fc6cab06a,item_not_received,groceries,upi,1626.56,3,1,delivered_no_signature,True,0.52,0.483,1,369,0.9148,False
1f792235-e20e-4f08-b141-158fde7dca87,fraud_card_not_present,apparel,card,735.87,3,16,in_transit,False,0.24,0.234,1,452,0.2305,False
17405f86-cc8c-43a9-92d8-2a2c0ee278d0,item_not_received,beauty,card,931.48,14,5,signed_confirmation,False,0.486,0.603,0,670,0.7662,True
750d28c9-7e99-4bef-b61b-e1471aa4e119,fraud_card_not_present,beauty,card,7027.4,10,21,delivered_no_signature,False,0.25,0.757,1,137,0.3206,False
38e97aed-36c1-4969-86dc-4895c7dc80a7,subscription_not_cancelled,apparel,card,732.29,3,18,delivered_no_signature,False,0.101,0.503,1,204,0.2487,True
a62896cc-6c47-403b-9fcd-04820c27f5eb,item_not_received,electronics,upi,1404.42,13,8,signed_confirmation,True,0.295,0.372,1,9,0.7112,False
f57345d4-cdc7-412b-9c5d-f1a48542533a,item_not_received,home_goods,wallet,578.8,15,4,in_transit,False,0.65,0.314,1,406,0.13,False
5bef34fb-0b8d-44d1-bd6c-ebc371b84600,subscription_not_cancelled,apparel,card,755.98,8,16,in_transit,True,0.872,0.6,0,66,0.3277,True
5a30ca85-53f0-462f-940d-e7ec9c9699e4,item_not_received,digital_goods,card,7355.32,2,2,in_transit,False,0.307,0.52,0,602,0.4531,True
496c4fdf-52d8-4eda-8b87-2b5c51c96781,fraud_card_not_present,apparel,card,1455.31,15,17,delivered_no_signature,True,0.292,0.639,0,138,0.1044,False
9a3465f1-bf33-461f-830e-3680f52fbe8b,fraud_card_not_present,beauty,netbanking,168.87,19,2,delivered_no_signature,False,0.637,0.818,0,638,0.2589,False
68304ac8-9bd4-4517-8859-a90c6e95ac40,item_not_received,groceries,upi,324.9,1,6,not_shipped,True,0.155,0.323,0,70,0.42,False
f0b15b43-f60c-489d-92e4-62a61f20f0c2,subscription_not_cancelled,home_goods,upi,2641.93,15,4,delivered_no_signature,True,0.23,0.423,0,430,0.561,True
e483e076-756d-4195-bebd-b5ae10cf792c,fraud_card_not_present,electronics,upi,2283.3,23,15,signed_confirmation,False,0.888,0.729,0,225,0.6914,True
f5c40f9c-0064-4d6a-bdac-69caf11aef8f,item_not_received,beauty,card,1814.51,33,10,not_shipped,True,0.636,0.418,0,449,0.0664,False
4bb29f21-56f3-4c80-8207-7196f0361b44,item_not_received,electronics,upi,3729.82,12,1,delivered_no_signature,True,0.361,0.486,0,453,0.6834,False
47da252c-dd16-4048-97f2-63a89894a9b4,fraud_card_not_present,groceries,wallet,2463.56,5,2,signed_confirmation,True,0.254,0.585,0,92,0.7273,True
33e5220b-3bcd-4476-a539-6c5d4b6c9ed3,not_as_described,groceries,wallet,1953.87,11,8,signed_confirmation,False,0.329,0.556,0,724,0.5758,True
b057d51f-2c07-41a3-90e6-bb16bc2f5a06,fraud_card_not_present,digital_goods,card,965.65,14,6,delivered_no_signature,True,0.525,0.517,1,309,0.1237,False
7f1a2013-9d04-4787-bba4-cae67463d041,item_not_received,home_goods,netbanking,992.28,7,21,signed_confirmation,False,0.419,0.803,0,418,0.9452,True
9acb03af-c3ac-448e-9e0b-128e1f769eea,fraud_card_not_present,home_goods,netbanking,2356.01,2,1,signed_confirmation,False,0.621,0.937,1,430,0.5049,False
6aca8e83-52a1-49d6-a9fa-1e8838c89ada,not_as_described,groceries,card,2165.45,3,3,signed_confirmation,True,0.567,0.805,0,537,0.6857,False
cc681429-e3fe-4ff7-805d-1dd768277db1,fraud_card_not_present,digital_goods,upi,3629.99,8,8,in_transit,True,0.116,0.501,0,771,0.2119,False
87c6c388-4d63-4acf-b047-2c136f4110b1,duplicate_charge,apparel,upi,407.57,7,13,delivered_no_signature,False,0.304,0.948,0,84,0.4558,True
82cbe0d3-e9bc-41da-9980-89fd812b31e6,fraud_card_not_present,groceries,card,605.74,1,8,in_transit,False,0.507,0.528,3,225,0.1551,False
a933a592-df2e-4c0b-8f26-3c4206762b5c,item_not_received,beauty,card,905.51,12,18,not_shipped,True,0.09,0.377,0,510,0.0572,False
d15b6d74-5ee8-4d0c-83d4-46102c289d6b,fraud_card_not_present,apparel,card,1441.42,32,15,delivered_no_signature,False,0.662,0.887,0,651,0.7777,True
0de691ac-ecad-4f2d-bef8-21df61a9d375,item_not_received,apparel,upi,1674.1,23,20,in_transit,False,0.621,0.619,0,464,0.3555,False
e1d2a206-321c-455b-9610-25a4f7036cab,fraud_card_not_present,groceries,upi,386.91,2,7,signed_confirmation,True,0.489,0.354,1,7,0.2575,False
f4d8f35c-b32c-498a-9839-197388838790,duplicate_charge,digital_goods,card,368.36,43,3,signed_confirmation,True,0.716,0.511,0,207,0.8433,True
616c0833-d198-427e-841f-4ceb57117d78,fraud_card_not_present,apparel,card,1967.86,1,5,signed_confirmation,False,0.498,0.412,0,895,0.1372,True
3b534ebe-bfa5-4062-b37d-34e96bc934b4,item_not_received,apparel,upi,573.95,19,9,delivered_no_signature,False,0.894,0.854,1,124,0.8515,True
ac66ede1-3095-483b-b10a-328c7fae60ec,subscription_not_cancelled,electronics,netbanking,654.21,5,21,not_shipped,True,0.605,0.784,1,920,0.7118,False
c292f0fa-3810-4642-ae1b-8c1b0553d7fe,item_not_received,digital_goods,netbanking,613.5,15,7,delivered_no_signature,True,0.202,0.421,2,801,0.7359,True
be2cf707-857c-4377-8cf3-156dfafe4141,item_not_received,apparel,card,2329.09,16,4,not_shipped,True,0.478,0.459,1,21,0.0229,False
0c824aca-6c13-4c76-af03-efb6591df3e6,not_as_described,groceries,upi,262.99,33,10,delivered_no_signature,False,0.519,0.768,1,146,0.2566,False
2116bb1d-5254-4e6f-8daa-5bb7588b8e92,fraud_card_not_present,electronics,netbanking,367.88,6,1,in_transit,False,0.274,0.739,1,57,0.2032,True
e17550cc-37d6-41bb-9b7c-da0c49aa4d53,fraud_card_not_present,apparel,upi,701.49,8,4,signed_confirmation,True,0.538,0.68,0,164,0.7671,True
39b75755-ff4c-4ba5-89de-910a120e4436,duplicate_charge,apparel,card,1753.41,2,11,delivered_no_signature,False,0.234,0.772,0,29,0.6509,True
f57299a8-d0a9-4672-9129-d605ac3b025e,fraud_card_not_present,electronics,card,481.13,8,20,in_transit,True,0.661,0.815,1,228,0.3597,False
7523d39c-d74a-4455-92fd-55b1661c7347,item_not_received,electronics,card,218.68,23,7,not_shipped,False,0.189,0.458,1,6,0.1837,False
acc71b65-1fa0-442b-8a25-b72edffd9c3c,fraud_card_not_present,home_goods,card,2133.23,1,6,not_shipped,False,0.231,0.404,1,332,0.1214,False
709fefbe-314e-4760-af16-0ac4b1d63cec,fraud_card_not_present,beauty,card,212.29,8,2,signed_confirmation,False,0.172,0.905,0,130,0.1801,False
4a85c1a5-c27b-4790-9acd-15e6006881dc,subscription_not_cancelled,groceries,upi,125.62,7,9,signed_confirmation,False,0.711,0.712,2,90,0.5295,False
a8af7430-9853-457c-af15-641063fbc654,item_not_received,digital_goods,upi,2090.84,3,13,in_transit,False,0.382,0.518,0,93,0.5675,False
cdf8bf56-728a-4942-b919-f33ae5bafb36,duplicate_charge,home_goods,upi,424.83,8,3,delivered_no_signature,True,0.181,0.904,2,216,0.8711,True
d946961c-0b9c-4d34-aabd-48f1cc006e3f,item_not_received,apparel,upi,2250.31,1,8,in_transit,True,0.077,0.648,0,1009,0.2459,False
25e32018-6827-4754-8c69-ce203b589ed9,duplicate_charge,groceries,wallet,1924.41,15,11,signed_confirmation,False,0.678,0.532,1,146,0.6461,True
6591e4b9-a154-41a7-a64b-1b0b9b809f18,fraud_card_not_present,digital_goods,card,874.44,2,1,not_shipped,False,0.559,0.776,0,444,0.2171,False
99f91a1b-2333-48c2-80fb-67cb0c4908f1,item_not_received,apparel,upi,366.26,16,7,delivered_no_signature,True,0.211,0.876,0,376,0.6508,False
eebb68d7-77fa-4f31-88e0-168626ad3b6a,subscription_not_cancelled,beauty,card,1615.67,14,3,delivered_no_signature,False,0.907,0.875,0,676,0.8468,True
023d2a18-5853-43b1-98e0-47d78ff8abd0,not_as_described,groceries,card,404.19,13,10,in_transit,False,0.719,0.525,0,232,0.4176,False
b0e86b03-a35c-4a80-a1ab-23de57875906,fraud_card_not_present,beauty,upi,1554.64,27,20,not_shipped,True,0.29,0.616,0,139,0.4215,True
88d87676-6fb9-4086-8aa9-3be7cb262a93,not_as_described,digital_goods,card,851.04,8,1,in_transit,False,0.441,0.745,1,26,0.2822,False
1d2d0519-c990-4ddb-ad40-33e41fae8a2e,fraud_card_not_present,home_goods,wallet,460.22,2,11,signed_confirmation,True,0.561,0.928,1,81,0.3687,False
d4f6f50c-3418-4bf7-a3cb-4c21b0318a5d,not_as_described,apparel,card,706.7,8,8,signed_confirmation,False,0.923,0.818,2,304,0.8016,True
9f14468d-cba9-4574-ac65-f13f1f526453,item_not_received,digital_goods,upi,1921.69,5,19,signed_confirmation,False,0.336,0.807,1,988,0.6603,False
13a0d2bc-1344-4d80-a507-bd6aedfe3d6a,item_not_received,apparel,card,679.28,15,7,delivered_no_signature,False,0.125,0.301,0,17,0.6813,True
53590b2e-576d-4c93-b99e-376f1ed87a3c,subscription_not_cancelled,beauty,wallet,1253.25,10,7,signed_confirmation,True,0.488,0.468,0,416,0.7779,True
e6cf0a29-d4cb-4351-96ef-56e2aefc69a1,subscription_not_cancelled,apparel,card,1525.52,14,20,signed_confirmation,False,0.417,0.731,3,8,0.283,True
5f82be64-5c43-4733-9b43-914be4425b95,item_not_received,home_goods,wallet,683.84,13,7,not_shipped,True,0.025,0.37,0,69,0.5722,True
0994c281-c6f0-4f4c-b205-4b80f2a8e75e,fraud_card_not_present,electronics,wallet,1139.09,8,13,delivered_no_signature,False,0.207,0.628,1,334,0.2036,False
62c8c8e0-d1f1-4d7e-a7e3-129eae61c0d3,subscription_not_cancelled,beauty,upi,279.54,13,15,in_transit,False,0.125,0.46,1,466,0.3735,True
2c6b8a4d-7185-4e57-aaad-9c92102883a1,not_as_described,beauty,card,4423.7,34,4,in_transit,False,0.272,0.83,1,403,0.2719,True
38f3cb4a-2e6a-481f-9f08-af3b4e57d8c9,fraud_card_not_present,beauty,upi,154.35,8,16,signed_confirmation,False,0.14,0.716,0,820,0.1223,False
68787e80-77c2-4349-9a87-a011795958a1,item_not_received,beauty,card,2335.0,4,20,signed_confirmation,True,0.893,0.342,0,402,0.9267,True
ca712cde-8bdd-4f87-a661-cb574ef22b84,not_as_described,groceries,netbanking,1200.22,20,14,signed_confirmation,False,0.429,0.504,0,431,0.2006,True
d67260d7-fc95-4bfb-abef-e2a93badcac5,not_as_described,groceries,card,798.85,10,11,signed_confirmation,True,0.265,0.528,0,395,0.941,True
f68b1436-82d5-40c8-b296-91a354bf503f,fraud_card_not_present,beauty,card,1112.18,6,13,in_transit,True,0.825,0.662,0,634,0.6256,False
df6cf55e-0da7-493d-b36f-4303a59e4670,not_as_described,digital_goods,upi,202.91,3,20,in_transit,False,0.918,0.648,3,596,0.1372,False
a34ba0ff-4dba-45ad-9a0f-85fd1653057e,fraud_card_not_present,groceries,upi,5857.11,13,1,not_shipped,True,0.258,0.929,1,45,0.203,False
3f2bd7c2-3843-42ba-a97a-d6c8ab6b1c81,item_not_received,digital_goods,card,2729.91,15,2,delivered_no_signature,False,0.113,0.698,1,895,0.4578,False
6aa75091-69f1-445e-8469-0dd77c649ad2,fraud_card_not_present,groceries,wallet,422.0,6,15,delivered_no_signature,True,0.697,0.775,0,724,0.6628,True
8c5b27d3-6a3a-43ed-9959-4188aed9c8a8,subscription_not_cancelled,beauty,netbanking,923.55,6,5,delivered_no_signature,True,0.116,0.546,1,98,0.6828,True
daadeb87-1ccc-4a41-9323-ee07f59edf9b,item_not_received,electronics,netbanking,1913.14,8,5,delivered_no_signature,False,0.352,0.836,0,268,0.704,False
5f2c22de-5384-4924-9820-b80a6fab5fd5,duplicate_charge,home_goods,netbanking,973.28,2,7,signed_confirmation,False,0.285,0.491,1,130,0.3432,True
dfb0e484-0164-4040-b97f-a9fd06694978,not_as_described,electronics,upi,219.98,12,7,signed_confirmation,False,0.108,0.804,0,113,0.446,True
5b1778c9-b31d-45ce-8681-d2da30146eea,fraud_card_not_present,groceries,wallet,972.28,15,12,signed_confirmation,True,0.596,0.783,1,21,0.5322,True
76c563b6-a185-4a37-9123-d088d244d0e0,fraud_card_not_present,apparel,netbanking,2019.67,7,18,signed_confirmation,True,0.481,0.563,0,600,0.8524,True
df2ad36e-df68-4e6d-8e76-65eaab7df8f2,not_as_described,electronics,upi,253.72,22,8,in_transit,True,0.723,0.794,1,289,0.7211,True
61e76bdd-51c4-4e09-ac35-f4724ebd3fc1,fraud_card_not_present,digital_goods,card,743.28,2,6,in_transit,False,0.812,0.458,1,381,0.4873,False
dc61c032-3e45-47f9-be8a-7f44310cbe9d,fraud_card_not_present,apparel,card,798.33,12,1,in_transit,True,0.687,0.839,1,46,0.6904,False
e51855f7-1671-4aaf-b189-b0d451a9f172,fraud_card_not_present,groceries,card,2226.21,4,4,signed_confirmation,False,0.658,0.886,0,113,0.6944,True
28733a38-7ec0-46d8-947d-ef4cccfdcdd0,not_as_described,apparel,upi,784.38,4,14,signed_confirmation,False,0.443,0.546,0,173,0.2195,False
44193eac-0891-4ff4-ab55-b7012cdb79a9,item_not_received,groceries,upi,301.96,19,19,delivered_no_signature,True,0.343,0.951,1,112,0.8308,True
f8d56137-7207-4be4-8b94-e4b7ed5212e0,fraud_card_not_present,beauty,card,2356.7,13,3,in_transit,False,0.507,0.761,0,103,0.6923,False
9dc8cdb7-c998-433e-9e50-cd74e8f599f2,fraud_card_not_present,electronics,card,1197.5,4,19,delivered_no_signature,True,0.044,0.808,0,425,0.2105,False
c148eb16-28c9-4528-9732-27033d712948,fraud_card_not_present,groceries,card,371.16,15,5,signed_confirmation,False,0.474,0.585,1,153,0.6615,False
58a4c397-6965-4a4f-a1a1-b8f758ffcd46,not_as_described,groceries,card,477.03,4,9,signed_confirmation,False,0.625,0.64,0,454,0.7694,True
a9ff2597-1b71-4b37-a6dc-958b69b40208,fraud_card_not_present,apparel,wallet,1021.93,6,5,not_shipped,False,0.277,0.286,1,869,0.2063,False
d7d4ded0-5e7e-433c-84c3-876cc71f7232,item_not_received,groceries,upi,382.65,9,9,delivered_no_signature,True,0.093,0.23,0,574,0.6182,True
6d31522d-8b52-4c36-97ee-246757c0b924,fraud_card_not_present,beauty,upi,1542.29,26,1,signed_confirmation,False,0.802,0.653,0,332,0.4003,True
153183f8-e830-40e6-8477-84eab8917429,not_as_described,apparel,upi,1873.74,12,20,delivered_no_signature,True,0.065,0.534,1,765,0.3802,False
ed4cf024-02e4-41a3-bfea-cf53c85b1840,item_not_received,groceries,wallet,302.82,8,3,signed_confirmation,False,0.467,0.554,0,158,0.8032,True
11e0150c-2936-4bee-b467-3faabfe5dda4,fraud_card_not_present,electronics,upi,217.28,3,3,not_shipped,False,0.537,0.844,1,269,0.4806,True
c2eba901-a042-4c54-be8c-981317f062eb,fraud_card_not_present,home_goods,upi,4561.34,11,9,signed_confirmation,True,0.582,0.911,1,408,0.5071,True
5e60f0c6-69ef-4ab2-b856-8804676aa5b7,item_not_received,apparel,upi,232.75,8,12,signed_confirmation,False,0.696,0.213,0,245,0.8382,True
e611a6a2-ca7c-448b-b553-65dbd542d92c,fraud_card_not_present,electronics,card,1691.26,8,10,signed_confirmation,False,0.152,0.934,1,504,0.327,False
ac32edb1-1635-430c-a7c8-c2df7e694281,item_not_received,beauty,card,657.85,7,5,signed_confirmation,True,0.411,0.161,0,15,0.8695,True
2911d4a2-fe0a-41cd-a018-a26f84fdd97f,not_as_described,beauty,card,2198.59,6,14,not_shipped,True,0.219,0.293,1,432,0.3876,False
fb98734d-dea9-4d4d-b54d-34c623d043e5,item_not_received,groceries,upi,1219.38,45,18,signed_confirmation,True,0.775,0.714,2,1342,0.987,True
5bb43b83-d4ac-4c37-b628-fa5db6a7f077,not_as_described,electronics,card,329.53,7,4,delivered_no_signature,True,0.622,0.92,1,1256,0.7462,True
4577f37c-9fd9-4c0b-bd40-e02f46641f0f,not_as_described,digital_goods,upi,380.42,3,21,in_transit,True,0.698,0.776,0,101,0.6082,True
c93dfcfe-7cda-4516-bd1b-2fd9dbf35443,subscription_not_cancelled,home_goods,upi,1137.56,6,16,in_transit,True,0.583,0.823,1,638,0.4419,True
ec45348f-2700-4842-a663-411709a77dd2,not_as_described,home_goods,netbanking,2300.55,11,15,delivered_no_signature,False,0.834,0.515,0,178,0.5301,True
ec7f1b0e-71b8-489c-9e41-acbb06823338,subscription_not_cancelled,home_goods,upi,911.91,15,12,signed_confirmation,True,0.293,0.311,0,117,0.5239,True
db8c4b8f-39a5-4921-9eea-2c816ad94eb9,duplicate_charge,apparel,upi,2269.28,11,5,delivered_no_signature,False,0.407,0.582,0,57,0.7651,False
8cc1cadb-157b-4520-9da5-caa3d58cde79,not_as_described,apparel,netbanking,615.05,22,14,delivered_no_signature,True,0.217,0.722,0,538,0.1969,False
fb8c33f1-fd2c-49b0-a400-1e9d0847843d,fraud_card_not_present,digital_goods,upi,474.9,19,10,signed_confirmation,True,0.882,0.833,0,454,0.862,True
21856579-d98d-4e5a-b153-647932e48ca2,item_not_received,digital_goods,card,279.85,14,9,signed_confirmation,False,0.452,0.501,0,89,0.8387,True
7292eda7-f561-496f-b798-74c75720f5b3,fraud_card_not_present,groceries,upi,5667.58,5,14,delivered_no_signature,True,0.324,0.619,2,69,0.3677,False
fd2048eb-67c8-4566-85cb-8fabf78d2192,item_not_received,electronics,card,503.41,10,11,signed_confirmation,True,0.436,0.796,3,112,0.7887,True
87df93f2-c227-4bfd-bf69-6cfe10a552bb,fraud_card_not_present,beauty,card,2067.61,1,19,signed_confirmation,True,0.698,0.331,1,157,0.7413,True
7934c2e4-4b83-4f4b-a52a-033cbf850cdc,not_as_described,home_goods,upi,478.32,3,12,signed_confirmation,False,0.651,0.27,2,2204,0.5532,False
ddaf987a-6d51-4957-b20a-44bf60821e30,fraud_card_not_present,beauty,card,699.48,2,1,signed_confirmation,False,0.71,0.494,0,754,0.3901,False
b44a0bfa-bc31-4418-b0af-da432d0426b0,not_as_described,apparel,wallet,608.67,3,7,not_shipped,True,0.127,0.912,0,363,0.755,True
5bbac74f-bad3-4e36-8c4d-f97567f21042,item_not_received,electronics,upi,1601.51,22,9,signed_confirmation,True,0.593,0.623,0,325,0.8532,True
b0796004-39b8-4c8e-bb2d-77664f33f761,item_not_received,electronics,card,681.69,40,13,signed_confirmation,False,0.302,0.866,0,145,0.9214,True
b7a3b63d-cd64-4341-ba73-1a9f4db41505,not_as_described,electronics,upi,1682.53,25,15,delivered_no_signature,False,0.469,0.874,0,127,0.3137,False
470b9f7b-0671-4013-bae4-352eb3faf153,item_not_received,beauty,card,564.47,10,4,delivered_no_signature,False,0.209,0.85,0,614,0.204,False
8b6162ad-a1bd-4390-9a4c-36347534bd68,item_not_received,beauty,card,787.49,13,6,in_transit,False,0.782,0.427,0,788,0.3224,False
fb352fea-6efa-4c62-8f4e-8e9b4ef20008,duplicate_charge,electronics,card,4252.54,3,14,delivered_no_signature,False,0.367,0.35,0,121,0.6547,True
42744f2e-6c47-47d3-a033-1aef65b3cbfb,item_not_received,digital_goods,card,683.6,8,1,not_shipped,True,0.827,0.935,0,124,0.1289,False
14563175-fb39-4be5-b7bf-6c810fb0fd1b,item_not_received,apparel,card,727.88,9,11,signed_confirmation,False,0.057,0.597,1,79,0.8272,True
2a5edee7-ba82-4619-b5ea-79c7d4a79c0c,duplicate_charge,home_goods,upi,2457.27,5,17,in_transit,False,0.544,0.815,0,114,0.4381,False
477e9d92-6087-49b9-ab72-ed4e1cbf5eca,fraud_card_not_present,beauty,card,697.6,3,19,delivered_no_signature,True,0.813,0.363,0,70,0.3988,True
11108d32-089d-47e3-aef2-1e9fd930a008,duplicate_charge,home_goods,card,127.26,6,18,signed_confirmation,False,0.62,0.499,0,458,0.3963,False
0e4fb9fd-ff23-4208-a1a9-e15206209e03,item_not_received,groceries,upi,240.95,12,5,delivered_no_signature,False,0.406,0.286,1,27,0.5192,True
fd2ce265-a77f-423a-9c80-f32abadbbcbe,duplicate_charge,apparel,card,174.84,10,12,in_transit,False,0.791,0.77,0,463,0.6609,True
ebfd090f-fa90-4bd7-8678-564c9d988590,item_not_received,electronics,card,793.08,8,17,in_transit,False,0.636,0.363,2,286,0.1896,False
ad5138c0-3444-4bce-999c-d84f31761ddc,fraud_card_not_present,electronics,card,737.64,38,14,delivered_no_signature,True,0.658,0.638,0,82,0.7938,True
f6f60842-2663-494e-a254-77e840711bbd,item_not_received,beauty,card,1676.04,1,20,signed_confirmation,True,0.749,0.449,0,486,0.7187,True
2c8fb489-c2fe-4bf5-986f-b8513641b94b,not_as_described,digital_goods,wallet,2596.15,16,19,in_transit,False,0.165,0.279,0,468,0.3203,False
24976afd-127c-426f-8fd6-b511c73991c9,item_not_received,apparel,wallet,576.13,26,16,not_shipped,True,0.239,0.695,0,73,0.2336,True
1aec9532-9b24-497d-88a8-e59254e93e4e,fraud_card_not_present,home_goods,netbanking,780.44,2,21,signed_confirmation,True,0.531,0.823,1,558,0.2481,False
264e6bab-7127-49b7-9ab8-14c3cc1c6933,not_as_described,apparel,card,1711.08,13,20,not_shipped,False,0.552,0.731,0,65,0.2675,True
d256fcf1-4d31-4d1d-9477-b6cbc31dd05e,fraud_card_not_present,home_goods,card,2331.74,2,11,signed_confirmation,True,0.704,0.559,0,722,0.6796,True
e2c0a55c-050e-482c-ba1b-4d7c9de28b43,item_not_received,groceries,upi,732.57,14,8,signed_confirmation,False,0.157,0.747,0,322,0.9072,True
54cb3667-854c-4be4-a56c-9a124784bb00,not_as_described,beauty,upi,1249.86,12,16,delivered_no_signature,True,0.338,0.842,1,1217,0.6176,True
5493e21b-5491-45d5-a75d-f60cd4f08bbd,item_not_received,apparel,card,219.41,34,17,delivered_no_signature,False,0.669,0.688,0,409,0.1057,False
1408315a-1330-46dd-aae7-24aba3d7f30a,duplicate_charge,electronics,upi,338.48,20,15,signed_confirmation,False,0.315,0.606,2,94,0.7476,True
f2a24b6b-9fc6-4c69-8076-157ffb2efbd2,fraud_card_not_present,beauty,upi,3155.38,12,6,signed_confirmation,False,0.163,0.484,0,784,0.3516,True
870baa68-8efd-40a4-b97e-5b0d92cad48a,item_not_received,electronics,card,1837.24,3,7,signed_confirmation,True,0.271,0.46,0,548,0.8381,True
368a3b5b-b3c1-41f3-aea7-9aaf3bbe2cb3,fraud_card_not_present,groceries,wallet,545.14,7,21,signed_confirmation,False,0.243,0.194,0,103,0.6472,True
582bbc47-d87e-4e3f-be26-987796c1fb1c,not_as_described,groceries,upi,790.35,16,2,in_transit,True,0.526,0.664,0,163,0.5806,False
a2801a88-2a11-4da8-98c0-05426ed453bf,subscription_not_cancelled,beauty,netbanking,508.32,1,16,signed_confirmation,True,0.425,0.611,2,683,0.6573,True
24561d14-48e7-4c6e-bd56-255ac663f369,not_as_described,groceries,wallet,3117.88,3,13,in_transit,True,0.399,0.488,0,328,0.3875,False
ed797486-6edb-44ae-b7c1-78eb3312c7c4,fraud_card_not_present,home_goods,card,1520.71,3,8,delivered_no_signature,True,0.457,0.74,0,377,0.307,False
09223fb1-c528-4814-9050-4b9a189e3ab9,item_not_received,beauty,card,636.06,1,8,signed_confirmation,True,0.222,0.698,0,54,0.6321,True
6612de95-57f3-4ed9-ab05-0a7ef6a3a477,not_as_described,groceries,card,1095.67,5,2,delivered_no_signature,False,0.819,0.547,0,701,0.3007,False
94118153-58af-4a47-9e95-04accc5b8d84,duplicate_charge,home_goods,card,2167.59,2,19,delivered_no_signature,False,0.471,0.457,1,605,0.0716,False
539ac7a9-7874-4430-ac18-9712762e6c40,item_not_received,apparel,netbanking,419.75,1,18,signed_confirmation,False,0.165,0.823,0,363,0.9295,True
456cfc47-e68e-4b67-b1a4-71ffa4cfdfb9,not_as_described,home_goods,card,1385.65,25,9,delivered_no_signature,False,0.623,0.703,1,403,0.2105,False
a26f2519-ac4a-430f-8270-25ea100c4102,item_not_received,beauty,upi,875.61,21,1,delivered_no_signature,False,0.188,0.942,2,223,0.6448,True
1351836f-4ed2-42dc-b51a-e3098c86bce6,item_not_received,digital_goods,wallet,2340.52,25,3,delivered_no_signature,True,0.806,0.607,0,32,0.5173,True
8e0cef2f-bc4f-4ed6-8348-3d056ed2daec,fraud_card_not_present,groceries,upi,1354.48,7,20,signed_confirmation,False,0.229,0.924,0,315,0.3111,False
23d8f96b-b08c-4adf-a856-6ebd4465b966,item_not_received,home_goods,card,224.24,34,2,delivered_no_signature,True,0.53,0.789,1,370,0.79,False
954c9d39-2bd3-4823-9966-6fbb2f82c35a,item_not_received,digital_goods,card,2963.38,1,20,not_shipped,False,0.672,0.391,1,900,0.1935,False
d8adf22c-1943-4395-821d-9c17c1a5313a,item_not_received,digital_goods,upi,3281.07,10,15,signed_confirmation,False,0.777,0.861,0,87,0.7416,True
b5a69637-3d16-4268-933a-101e7d48cb44,not_as_described,groceries,netbanking,1163.06,18,20,delivered_no_signature,False,0.223,0.821,0,284,0.8262,True
b0e3453b-3dab-4b39-9821-f74df4277987,fraud_card_not_present,home_goods,wallet,573.08,21,12,delivered_no_signature,True,0.513,0.533,0,548,0.5852,True
3b64c8bd-e0ad-4cdf-baf1-822b5a9183d3,not_as_described,beauty,card,541.57,18,4,not_shipped,False,0.368,0.243,3,120,0.578,True
36c9b843-b6f3-44a0-a318-acd0dda49692,item_not_received,beauty,card,207.99,34,16,in_transit,False,0.432,0.579,1,1285,0.3079,True
33d27d87-176c-4cfe-a937-ca9cd8504b63,fraud_card_not_present,digital_goods,upi,859.75,6,4,in_transit,False,0.669,0.661,2,605,0.5972,False
ae409dcc-b3fb-4b51-8a50-7a0adffa1283,fraud_card_not_present,groceries,card,1377.75,3,11,delivered_no_signature,False,0.795,0.568,2,803,0.2909,False
097ce6ed-118e-43fa-8863-08d544f30276,duplicate_charge,electronics,upi,889.27,10,6,not_shipped,True,0.46,0.826,0,524,0.8653,True
d5635791-1482-4486-995d-030e219b86e3,fraud_card_not_present,groceries,netbanking,988.58,19,5,in_transit,False,0.474,0.699,2,863,0.4409,True
876d06af-723c-41a7-9bfb-1bb88fd2ebd8,item_not_received,electronics,netbanking,137.26,25,8,signed_confirmation,False,0.195,0.297,1,748,0.7519,False
09925af0-4ca6-4bb4-b483-86bb86f4b9ab,duplicate_charge,groceries,upi,274.55,1,19,signed_confirmation,True,0.126,0.739,0,198,0.9169,True
2e98113f-76f6-43da-996d-ff812c05b565,item_not_received,apparel,card,2109.16,22,7,delivered_no_signature,False,0.86,0.27,0,191,0.6364,False
829e901a-3968-478c-9b40-bc4b54c41c57,fraud_card_not_present,electronics,upi,802.81,7,18,signed_confirmation,True,0.466,0.64,1,255,0.503,False
29d7f145-7e62-4266-bc8f-ecbeda534eab,subscription_not_cancelled,electronics,upi,595.18,9,21,not_shipped,True,0.356,0.502,0,332,0.8207,True
556e5ae1-5053-4c11-9aa4-c232075c14dc,subscription_not_cancelled,digital_goods,card,2021.4,7,12,signed_confirmation,False,0.765,0.631,0,975,0.6659,False
1332eeee-fca9-403b-b10e-c8c31002fd66,fraud_card_not_present,electronics,card,1212.03,7,7,not_shipped,True,0.453,0.67,1,404,0.5669,True
a7bc6822-03a8-40f5-b949-3163563a873d,not_as_described,electronics,netbanking,1735.18,34,11,not_shipped,False,0.331,0.74,1,476,0.4528,True
f02915b5-011e-4471-a600-253267578358,duplicate_charge,home_goods,upi,1669.43,5,15,signed_confirmation,False,0.65,0.246,0,677,0.2676,False
e640ebc1-77fb-4489-8e19-34321460f509,not_as_described,groceries,netbanking,1100.77,26,12,in_transit,False,0.232,0.659,0,378,0.5822,False
a8da3317-2eb8-4d83-9c15-9a8c864c26cf,fraud_card_not_present,electronics,upi,465.11,15,18,signed_confirmation,False,0.448,0.409,0,1137,0.5705,False
579eefc9-635d-46a9-852a-985bd9c5b090,not_as_described,apparel,card,398.62,15,17,delivered_no_signature,False,0.868,0.585,0,557,0.2233,False
820beaea-453b-4381-a319-ad0f3947417a,item_not_received,home_goods,card,1109.73,14,12,in_transit,False,0.06,0.81,2,665,0.4926,False
933e88ca-5d9b-4b76-815f-d0af37ef9b52,fraud_card_not_present,home_goods,upi,4870.87,2,9,signed_confirmation,False,0.6,0.448,1,233,0.4326,False
7e04e05d-c410-471b-b59f-783e9d0cf1b2,item_not_received,electronics,card,14685.21,28,13,delivered_no_signature,True,0.351,0.413,1,29,0.7741,True
1983106b-8801-4a5c-be3b-5384873e1926,fraud_card_not_present,electronics,wallet,513.78,3,8,delivered_no_signature,False,0.325,0.856,0,816,0.6834,False
bef6b50a-a4f9-492b-b982-7827b00bcb18,fraud_card_not_present,apparel,netbanking,663.39,7,6,signed_confirmation,False,0.401,0.888,0,12,0.6955,True
3899f7bf-e548-4285-8f0a-ffeca8a9cb02,item_not_received,electronics,card,191.63,4,12,delivered_no_signature,False,0.71,0.857,0,903,0.91,True
fe370425-4b32-4057-bd76-9b113c8b09d6,item_not_received,beauty,upi,1496.67,22,5,signed_confirmation,False,0.367,0.333,0,370,0.7249,False
93d1b3d6-7bdc-487a-9570-cf23a5d4b151,fraud_card_not_present,home_goods,upi,3190.02,14,20,delivered_no_signature,False,0.782,0.546,2,513,0.199,True
0365553b-05b7-4f05-a463-5d8bd4654aaa,fraud_card_not_present,electronics,card,2671.53,1,8,signed_confirmation,True,0.564,0.413,0,1226,0.8654,False
25207e46-f849-4491-aa74-95c4a62a6810,not_as_described,apparel,card,73.39,21,9,delivered_no_signature,True,0.614,0.701,0,185,0.178,False
75362a7c-d633-4f89-b712-3e643ee7277d,not_as_described,beauty,wallet,2037.45,39,14,signed_confirmation,True,0.447,0.623,1,362,0.571,True
957fb4bb-7e8a-413c-a645-833c59330fc0,fraud_card_not_present,home_goods,card,1304.2,9,8,signed_confirmation,True,0.704,0.609,0,137,0.3873,False
71c7a61d-f24f-436f-83c9-687fc7d409f6,not_as_described,beauty,netbanking,618.64,5,16,signed_confirmation,True,0.399,0.479,0,1104,0.3642,False
934e8796-d669-4a0e-bdd4-de3fa045d61b,not_as_described,groceries,card,2589.4,48,7,delivered_no_signature,False,0.341,0.686,1,168,0.5152,True
575894f7-f8d2-4658-8139-91b8ad9fca18,fraud_card_not_present,groceries,wallet,1605.83,11,20,in_transit,True,0.081,0.509,0,70,0.144,False
0e80bca0-b71a-45ff-8b6a-d147ec416414,duplicate_charge,groceries,upi,537.44,10,11,not_shipped,True,0.59,0.689,0,461,0.5663,False
61dca396-aee7-4796-a43c-669460069ee6,not_as_described,electronics,upi,598.99,1,12,not_shipped,False,0.875,0.376,0,31,0.7439,True
2a6b5444-a18d-4d36-a56a-a5e138ededae,not_as_described,groceries,wallet,573.5,2,15,signed_confirmation,False,0.469,0.711,1,640,0.4686,False
99fe3a23-ad71-4767-b690-5694b0bc892e,not_as_described,groceries,card,535.69,9,6,delivered_no_signature,True,0.483,0.615,0,666,0.6392,False
78afdf70-6071-4253-8908-edcaeef28357,duplicate_charge,electronics,card,1209.18,8,6,delivered_no_signature,False,0.579,0.763,0,581,0.6385,False
661e2947-9178-4776-a0b6-f4782d0daafb,subscription_not_cancelled,groceries,card,621.85,8,3,signed_confirmation,False,0.768,0.728,1,263,0.3153,True
3da8a4ea-711b-4172-a2ef-b9450b85bc04,fraud_card_not_present,apparel,upi,1140.27,3,13,signed_confirmation,False,0.452,0.815,2,195,0.4959,False
7e9314f1-aefd-4fe6-a514-76dc200ad90b,item_not_received,apparel,card,778.27,15,12,delivered_no_signature,True,0.106,0.598,0,417,0.634,True
cabe9999-9e9a-44e8-a90e-fb0fddc3b0ad,not_as_described,home_goods,card,406.73,14,17,signed_confirmation,True,0.516,0.59,2,11,0.5956,False
ccc4d8cd-812d-48fa-815b-35efb71ca5d5,item_not_received,apparel,card,372.15,11,4,signed_confirmation,False,0.165,0.471,0,164,0.9298,True
37d0ec5b-4531-4073-aab8-8086ffdf0aa9,duplicate_charge,beauty,netbanking,195.53,12,4,signed_confirmation,True,0.369,0.864,1,95,0.2947,True
34dd1dc8-ac52-44d6-8348-600b9407617c,subscription_not_cancelled,home_goods,upi,738.58,12,6,signed_confirmation,False,0.305,0.572,0,681,0.2607,False
dbccc5f6-d25c-4333-8d60-ed93ec082c62,not_as_described,home_goods,upi,1014.93,1,5,not_shipped,False,0.143,0.483,0,807,0.6603,True
a9813151-73f7-4d68-a498-cb91b103ab37,item_not_received,apparel,upi,271.46,16,19,signed_confirmation,False,0.578,0.913,1,585,0.7523,False
720527ef-ecea-47a9-b4a7-e3ef477a7510,not_as_described,digital_goods,wallet,436.87,7,2,delivered_no_signature,False,0.574,0.767,2,35,0.2432,False
9bcfa119-7787-4f94-89ef-3042dce38748,duplicate_charge,home_goods,wallet,2851.27,11,12,signed_confirmation,True,0.317,0.456,0,760,0.7994,True
e83597eb-e1b5-4046-964a-12d96d70da39,fraud_card_not_present,apparel,card,669.83,1,19,delivered_no_signature,False,0.424,0.329,0,914,0.6543,True
27156dd7-f886-45c2-98ea-c06a829c9d08,fraud_card_not_present,groceries,upi,1567.34,15,3,signed_confirmation,False,0.536,0.677,1,47,0.3902,False
e707b7f4-7596-416d-9271-365f5109ed06,not_as_described,digital_goods,upi,1085.36,5,4,delivered_no_signature,True,0.816,0.697,0,109,0.6856,False
a21b6b30-f23d-4338-b18f-1f3ee6ba629a,item_not_received,digital_goods,upi,2278.63,1,10,not_shipped,False,0.677,0.707,1,644,0.1101,False
6819ea93-2a49-444d-bd6f-a1281eb4e782,fraud_card_not_present,home_goods,card,2060.72,21,4,not_shipped,False,0.368,0.201,1,337,0.1886,True
a9471b0c-8136-4907-bfc6-d1c52fee5a87,duplicate_charge,digital_goods,upi,747.44,5,6,delivered_no_signature,True,0.48,0.56,0,69,0.8388,True
a0747c69-27f4-4761-95f7-708123c84e66,fraud_card_not_present,groceries,upi,1356.99,4,11,delivered_no_signature,False,0.855,0.46,2,68,0.5336,False
5754d08e-c5bf-4457-a55a-33344abcd563,item_not_received,digital_goods,wallet,2596.04,10,20,delivered_no_signature,False,0.184,0.458,1,1105,0.5888,True
64f8b3d0-3aeb-413e-a12f-58be54c37d94,duplicate_charge,beauty,upi,771.72,2,20,signed_confirmation,False,0.694,0.188,0,78,0.8787,True
50c4d9e8-5c01-479a-8974-ffdac8e5a43a,item_not_received,electronics,card,2422.85,8,4,not_shipped,True,0.627,0.756,0,259,0.0269,False
07bc4f60-7dc9-4473-9447-f9ff4a224f2c,item_not_received,groceries,card,506.27,12,14,signed_confirmation,False,0.899,0.93,1,1449,0.9521,True
3d040c17-c311-4157-908c-d8904e10490b,item_not_received,groceries,upi,820.3,4,15,delivered_no_signature,True,0.227,0.546,1,244,0.6017,False
a83c4f1d-3706-46d2-a666-44b812950386,fraud_card_not_present,digital_goods,card,905.24,3,21,delivered_no_signature,False,0.523,0.199,3,17,0.3482,False
d4191ba2-1192-4cc8-8402-1a006e54e665,not_as_described,groceries,card,3028.06,9,12,delivered_no_signature,False,0.491,0.189,0,179,0.0505,False
28fcc062-019f-46d9-a94b-82049ec4f0bd,item_not_received,electronics,upi,630.58,8,20,signed_confirmation,False,0.347,0.748,1,224,0.7728,True
68dc1ca6-8faa-4e35-a45d-7ce9800d853d,fraud_card_not_present,apparel,card,1881.18,12,12,not_shipped,False,0.294,0.792,0,129,0.1043,False
d2ad9220-5519-47c0-94db-e0f0ba8f5b46,not_as_described,beauty,card,581.72,3,16,delivered_no_signature,True,0.514,0.46,1,231,0.722,True
f6be82fc-3726-4439-910c-160922ad2cb2,not_as_described,home_goods,card,1216.32,2,6,delivered_no_signature,False,0.813,0.842,0,454,0.6842,True
c3d244b9-f785-4a84-97d0-cf9bf8987a9d,fraud_card_not_present,beauty,upi,764.85,1,21,signed_confirmation,True,0.659,0.95,1,278,0.4993,False
d6df55e6-237d-410e-82b4-2cd9816d1aaf,fraud_card_not_present,apparel,card,5440.5,14,5,delivered_no_signature,False,0.784,0.278,0,179,0.8502,True
8cb5eb08-33c8-440f-96b1-9884cad3f7da,fraud_card_not_present,digital_goods,upi,8528.44,13,13,signed_confirmation,False,0.283,0.72,2,295,0.4073,True
439ec3d2-dda0-4c26-aefe-214bc8acb7d2,not_as_described,home_goods,card,493.84,7,10,signed_confirmation,False,0.269,0.66,0,706,0.5176,True
ce1beb20-22c1-40bb-93b8-3494df6f8038,not_as_described,beauty,netbanking,603.57,9,9,signed_confirmation,True,0.289,0.504,0,361,0.9293,True
ea4273b4-2cc7-4a2f-9377-816ef22dbe02,not_as_described,digital_goods,card,2060.51,6,6,in_transit,True,0.455,0.413,1,484,0.2237,False
ca5a7421-e764-4b72-a90f-f8c50e93b904,fraud_card_not_present,beauty,card,1200.77,1,5,delivered_no_signature,False,0.318,0.577,0,143,0.4233,False
25c51ca4-ce1d-47b2-ad86-34040bdc951d,not_as_described,digital_goods,upi,157.26,10,18,in_transit,False,0.374,0.507,0,423,0.4535,True
03a32fe7-cb59-486c-b8f7-45ce686425af,duplicate_charge,home_goods,upi,750.32,26,3,signed_confirmation,False,0.412,0.486,0,141,0.5799,True
08ec6246-eee1-41e1-99b3-5648c06c0c59,fraud_card_not_present,home_goods,wallet,606.5,3,19,signed_confirmation,False,0.379,0.784,0,206,0.5394,False
f61be3d8-3d21-4fc5-9af9-66b1d60c9b01,item_not_received,digital_goods,card,870.79,2,12,delivered_no_signature,False,0.324,0.699,0,80,0.4371,True
47049f1d-abac-48bb-9953-52bc28fc6a95,not_as_described,electronics,card,1726.39,15,7,delivered_no_signature,True,0.705,0.72,1,49,0.721,True
4d285ef1-2488-4cc0-89b7-989054a805ce,item_not_received,groceries,wallet,326.61,9,15,not_shipped,True,0.883,0.8,1,194,0.1075,False
52274713-e2a9-4e32-917d-b03395bc8ee8,fraud_card_not_present,electronics,upi,386.22,23,12,delivered_no_signature,True,0.398,0.768,1,1474,0.3105,False
1ff6dc9a-63c8-4778-84da-af0179c31a05,fraud_card_not_present,home_goods,card,162.66,7,15,signed_confirmation,True,0.774,0.396,0,1316,0.5521,True
ef2300ce-1a46-4d11-91fe-19ffe100fa98,not_as_described,electronics,card,1600.01,25,14,delivered_no_signature,False,0.416,0.632,2,130,0.5657,False
5aeb6252-b7e5-4a0d-92d7-321f03feb1e3,item_not_received,digital_goods,upi,7577.57,15,6,in_transit,True,0.236,0.79,1,977,0.1696,False
b6d5f9cb-a6f2-440f-8983-bed6a435e54a,fraud_card_not_present,groceries,wallet,151.63,2,17,not_shipped,True,0.535,0.54,0,1682,0.1042,False
0f5bac79-ca68-4c30-9e6b-0247b2413457,fraud_card_not_present,beauty,card,2781.35,3,17,not_shipped,False,0.677,0.736,0,490,0.7361,False
099fb622-dce5-4a2d-8a46-c6b76f07cca2,duplicate_charge,apparel,card,652.33,18,6,delivered_no_signature,False,0.194,0.692,0,308,0.8942,True
d1af4aca-d1dd-4508-8a15-a88cb8a834d5,subscription_not_cancelled,electronics,upi,1087.62,30,3,signed_confirmation,True,0.561,0.342,0,777,0.8444,True
f6481083-f518-4331-89d8-f4a68d2e4f5c,not_as_described,home_goods,card,2609.28,5,21,delivered_no_signature,True,0.271,0.863,1,664,0.7312,True
49fc1b30-1f3a-461c-8391-50992671d8ba,duplicate_charge,apparel,card,1555.34,3,12,delivered_no_signature,False,0.885,0.813,2,379,0.1273,False
fb9f0a3f-0b33-4dd1-8b25-549b9faf06e7,duplicate_charge,digital_goods,wallet,570.71,4,16,signed_confirmation,False,0.803,0.391,1,28,0.4043,True
96f3ad17-570e-4d44-be17-56c7c1ab00b9,fraud_card_not_present,beauty,upi,2661.24,1,13,signed_confirmation,False,0.479,0.7,0,224,0.38,True
1751bfd1-469f-4c23-ab01-9cd609381372,item_not_received,digital_goods,card,541.92,44,8,in_transit,False,0.354,0.433,1,461,0.0367,False
acb67fe6-0a72-40de-af73-a4e711c0bedf,subscription_not_cancelled,apparel,card,454.8,15,6,signed_confirmation,False,0.656,0.645,0,114,0.3923,True
61742d64-2164-4ff1-8d9f-9fcff7369731,item_not_received,apparel,card,315.02,9,8,signed_confirmation,False,0.067,0.899,0,36,0.9342,True
79113bce-8137-4bd1-87c0-5322ba370352,duplicate_charge,groceries,upi,229.32,9,18,signed_confirmation,True,0.786,0.34,2,393,0.893,True
7fd8397d-49ae-4395-96cd-04405ba6b93c,not_as_described,beauty,card,288.82,2,18,in_transit,True,0.53,0.633,0,369,0.5722,False
d350dadf-d788-47e7-853e-05a8654499fe,not_as_described,beauty,card,666.33,15,4,in_transit,True,0.227,0.518,1,86,0.5479,True
22a6a6ef-d6a1-40cf-a545-370f8c6e7fd8,item_not_received,digital_goods,upi,166.33,10,10,signed_confirmation,False,0.497,0.663,1,589,0.5418,True
1bb5dbb6-230e-4439-8852-7fad6891b21a,fraud_card_not_present,groceries,card,241.99,2,13,signed_confirmation,False,0.337,0.403,1,65,0.194,True
2422c6b2-9873-43fb-8d3e-a9c0cb75f8e9,duplicate_charge,groceries,upi,1333.51,11,4,signed_confirmation,True,0.52,0.747,3,288,0.9546,True
4127e36d-1097-4625-8490-bd428c74ffd0,item_not_received,groceries,upi,4050.38,8,21,not_shipped,False,0.441,0.703,0,155,0.0686,False
9d16bf6d-abf6-45cd-a18b-e730ccf85390,fraud_card_not_present,electronics,wallet,178.14,7,13,delivered_no_signature,False,0.487,0.92,2,1727,0.2311,False
cc7c331c-0e9e-4fd6-8f15-fded07bd8dd6,item_not_received,digital_goods,card,409.98,9,15,delivered_no_signature,True,0.526,0.689,1,273,0.4707,False
98800fe4-2346-447a-9b2a-22059c1281dd,item_not_received,digital_goods,card,985.26,15,9,delivered_no_signature,True,0.509,0.275,0,303,0.7222,True
5aa065b5-62f1-425e-817a-9df061294ea3,not_as_described,apparel,upi,210.17,3,21,delivered_no_signature,True,0.301,0.916,0,122,0.8883,True
f135db62-7ed5-4142-b5c9-335a1821c26f,fraud_card_not_present,apparel,upi,1280.08,13,5,delivered_no_signature,False,0.435,0.8,0,467,0.5148,True
d849e6c1-b94b-4202-83ad-b6fb19d0ddff,not_as_described,home_goods,upi,1047.09,10,17,signed_confirmation,False,0.319,0.296,0,249,0.5514,False
90777821-e018-456e-823a-8fda1bbcc1de,duplicate_charge,apparel,upi,996.06,7,7,delivered_no_signature,True,0.458,0.744,0,1020,0.6127,True
028f7f7d-a472-4962-86d5-37c3720d2680,item_not_received,apparel,card,18958.5,3,18,delivered_no_signature,True,0.845,0.374,1,253,0.5455,True
0677ecf7-738c-4702-b1d9-b76a95884025,duplicate_charge,digital_goods,upi,23306.36,16,19,signed_confirmation,False,0.776,0.551,0,256,0.421,True
4bc8af70-e602-484d-8cbf-9aa4dd9b15e1,fraud_card_not_present,home_goods,upi,356.17,46,18,signed_confirmation,False,0.901,0.813,0,1450,0.8525,False
e266e461-781e-48fe-97af-1f4e5dc57252,item_not_received,home_goods,upi,484.41,3,14,signed_confirmation,False,0.58,0.662,1,717,0.886,False
7bad51d9-4b95-4a5d-95a6-49142ab3aa0f,item_not_received,home_goods,card,1123.5,19,6,in_transit,False,0.348,0.518,2,210,0.1797,False
83d11aec-6f6c-4f60-ae0d-0049d4320df2,not_as_described,electronics,upi,500.22,2,20,delivered_no_signature,False,0.159,0.545,0,92,0.5803,True
cfe60a87-5d79-47fd-9517-78a9b1a40534,item_not_received,electronics,card,411.83,7,5,not_shipped,True,0.713,0.517,1,344,0.0962,False
3814b801-e5e8-43ef-b919-5ba9e04ac258,fraud_card_not_present,beauty,card,479.3,13,8,signed_confirmation,False,0.583,0.541,0,135,0.8437,False
2c85bbf0-2e40-4bdf-9d47-fd6abe756a9f,fraud_card_not_present,home_goods,card,542.76,21,3,signed_confirmation,False,0.472,0.559,2,1148,0.3262,False
6eb45b8f-0908-4029-8b45-4edec168944c,fraud_card_not_present,home_goods,upi,1109.67,40,15,delivered_no_signature,True,0.462,0.937,1,312,0.7294,True
40bfe7d8-b61d-4052-b4f2-f0c597d5f4a2,not_as_described,beauty,upi,799.92,19,15,not_shipped,False,0.301,0.911,0,367,0.4492,True
e2bcc7b3-ea6f-42e9-afcf-84c8ca3ebd90,item_not_received,beauty,card,396.08,7,4,in_transit,True,0.246,0.698,1,22,0.2262,True
7142b3f9-33a4-460a-9272-afe821fc37d0,subscription_not_cancelled,apparel,card,324.58,5,12,signed_confirmation,True,0.62,0.896,0,137,0.2608,True
90f71c69-0261-42a4-931a-b0a080aeb838,fraud_card_not_present,electronics,card,558.29,2,11,delivered_no_signature,True,0.293,0.77,0,66,0.262,False
da96cbac-05c4-4c7c-8a3a-6fcc443449c2,duplicate_charge,beauty,card,4273.75,11,19,in_transit,False,0.214,0.582,1,332,0.892,True
c4e19605-5718-4473-9a2e-72deea809fa6,item_not_received,apparel,upi,1487.13,4,18,signed_confirmation,False,0.736,0.626,0,1429,0.6381,True
c9c13a8e-244a-4589-91bd-de586bdf94de,item_not_received,digital_goods,wallet,3679.59,53,11,in_transit,False,0.705,0.401,0,302,0.0651,False
2c579508-2fb4-41be-a40c-0c151e031d1f,item_not_received,home_goods,card,1247.8,19,8,signed_confirmation,True,0.648,0.752,2,341,0.7386,True
0c15906c-6a03-4ee0-8f35-cda65123e919,fraud_card_not_present,digital_goods,upi,1329.47,13,3,signed_confirmation,True,0.383,0.198,0,33,0.4135,False
6f5651e6-806b-4819-b2d3-03c751ca567a,not_as_described,electronics,upi,465.72,38,2,signed_confirmation,False,0.135,0.499,1,224,0.238,True
021d4f74-bdab-4a83-8752-92108ab85d88,item_not_received,groceries,upi,1625.44,45,18,in_transit,True,0.216,0.423,0,385,0.3724,False
e6465a77-2976-44bf-8f85-637c73dd334e,not_as_described,groceries,card,478.17,39,2,delivered_no_signature,False,0.555,0.738,0,131,0.7725,False
c4fca11d-c25d-4870-b3a3-bbb56c688014,subscription_not_cancelled,home_goods,card,1162.42,5,12,signed_confirmation,False,0.574,0.789,1,140,0.3037,False
8b3386f7-244f-44a3-aa0d-454e9a896d65,item_not_received,home_goods,card,1203.45,22,5,signed_confirmation,False,0.128,0.827,0,52,0.7864,True
777eec5d-5214-4012-a800-90c2b335650d,not_as_described,beauty,card,332.74,5,17,signed_confirmation,False,0.617,0.42,1,602,0.7753,True
c6c0e125-9920-4b00-975d-a9625001c722,subscription_not_cancelled,home_goods,upi,3159.64,12,20,signed_confirmation,False,0.264,0.893,0,380,0.3515,True
2304cba0-ce0c-4373-9abf-84fef0e6f358,fraud_card_not_present,home_goods,card,1241.01,3,13,not_shipped,False,0.648,0.819,0,1039,0.1188,False
2bfa002c-d289-4238-ba4a-eff5a8db3fb3,duplicate_charge,apparel,card,3964.58,2,1,signed_confirmation,True,0.474,0.743,0,566,0.7362,False
a099287d-6570-4793-9ba3-ad3dd881292c,not_as_described,apparel,upi,997.11,7,9,in_transit,True,0.661,0.629,0,658,0.622,False
c0f4e1fa-d517-491e-bfc5-1b73b4601a2c,duplicate_charge,digital_goods,card,390.29,18,21,delivered_no_signature,False,0.474,0.788,0,1426,0.1592,False
b5c6b8e8-818d-4f03-b8c3-f1a006a7df1f,item_not_received,digital_goods,card,715.68,31,12,in_transit,True,0.717,0.881,0,809,0.7284,True
2507ed77-82ab-4556-81e4-5d1bd46c9bc1,fraud_card_not_present,electronics,card,933.23,3,20,signed_confirmation,False,0.511,0.692,0,554,0.401,True
24ede135-b366-42e7-a6e1-53a9526461a1,not_as_described,digital_goods,upi,352.42,26,10,signed_confirmation,False,0.276,0.501,0,206,0.6148,True
f8b7d281-7b5e-47dd-9b9b-13c08acfd123,not_as_described,beauty,card,899.14,5,11,in_transit,False,0.592,0.37,0,746,0.3283,False
85a977f3-813f-43ff-aa81-bbd2c09a770e,fraud_card_not_present,apparel,upi,218.84,8,2,delivered_no_signature,False,0.794,0.372,0,414,0.5353,True
1e4a4505-ea9d-4687-b528-8daea1fa27e8,item_not_received,apparel,upi,1460.26,36,20,delivered_no_signature,True,0.607,0.69,1,43,0.5086,False
7d9ea664-00aa-4f99-aa7b-4e969415d758,item_not_received,apparel,wallet,7618.52,12,4,signed_confirmation,False,0.512,0.647,3,523,0.8417,True
d500cf89-2747-4db0-8cac-b3e6e82de435,duplicate_charge,home_goods,card,1112.77,2,8,signed_confirmation,True,0.682,0.302,0,684,0.4151,True
843a8654-f016-4b53-894a-f8649598107f,not_as_described,home_goods,card,579.76,12,5,signed_confirmation,False,0.128,0.462,0,141,0.1119,False
0f27d99f-dba1-4d4b-b713-f14493fddfcf,item_not_received,apparel,card,842.41,8,17,signed_confirmation,False,0.95,0.585,2,30,0.9065,True
b38a77a8-c52a-411b-b2d1-d4cd0d67eba8,not_as_described,electronics,card,353.18,24,21,signed_confirmation,False,0.792,0.307,2,142,0.4752,False
feeca9f1-2eb3-4031-8d63-55f105b0c57c,item_not_received,electronics,wallet,1081.09,7,9,not_shipped,True,0.74,0.517,1,5,0.2062,False
a9304f4e-f11a-41b8-8bb0-b67343148639,duplicate_charge,groceries,card,1153.97,19,6,in_transit,False,0.696,0.605,0,204,0.4525,True
eabfb45a-20d5-490a-b6b4-cfd3610edba9,fraud_card_not_present,apparel,card,1494.01,6,15,in_transit,False,0.243,0.913,0,94,0.6974,True
e30a02af-fa70-4e9d-9531-3a5905d5eace,fraud_card_not_present,electronics,card,3424.07,1,16,in_transit,True,0.544,0.841,0,251,0.4846,False
cc03394d-56fb-46d3-baa8-c379e880f5e6,not_as_described,digital_goods,upi,934.22,42,17,delivered_no_signature,True,0.876,0.445,0,1796,0.5701,True
1133ce40-6d8a-442c-b41f-a3c029eb788f,item_not_received,home_goods,card,104.78,1,6,signed_confirmation,True,0.282,0.955,0,145,0.8798,True
95e3e371-37a1-4fc8-a0ca-e6fb386d9829,not_as_described,digital_goods,card,1696.26,3,8,in_transit,False,0.588,0.965,0,465,0.2517,False
3d8c459c-a1d5-443e-a995-be0cd4dfd833,not_as_described,apparel,netbanking,2159.42,8,3,signed_confirmation,True,0.272,0.729,1,458,0.8358,True
d4983a76-7e02-48dd-9fa5-25729f977fab,not_as_described,digital_goods,card,547.96,3,15,signed_confirmation,True,0.746,0.23,1,96,0.3934,True
60939871-e184-4b2e-a55d-0939a45312c0,fraud_card_not_present,home_goods,wallet,7425.43,34,4,not_shipped,False,0.374,0.467,1,141,0.4826,False
e1cb8de0-178e-4b39-b4dd-9ecae98f786d,item_not_received,home_goods,card,1468.96,3,13,delivered_no_signature,True,0.699,0.605,1,369,0.7754,True
a47b12e1-9916-4bec-a361-90690998f845,item_not_received,home_goods,card,598.82,8,15,signed_confirmation,True,0.044,0.865,0,171,0.9078,True
4f349e21-5484-4dcf-8a72-eba357445f5c,item_not_received,apparel,card,1610.16,19,5,signed_confirmation,True,0.464,0.919,0,118,0.8004,True
f56ef5ab-f053-4271-adae-11db89d17018,fraud_card_not_present,apparel,wallet,1764.13,1,6,signed_confirmation,True,0.516,0.76,0,363,0.2241,False
cf9da9e5-e3b4-447b-b44c-02f964cada06,not_as_described,apparel,card,612.8,7,3,signed_confirmation,False,0.465,0.776,2,58,0.5871,False
2b747448-09bd-4b4d-ab4c-b399c3dce62e,subscription_not_cancelled,groceries,wallet,1354.61,17,13,signed_confirmation,True,0.251,0.477,0,418,0.7712,True
a27e279d-f8da-4070-9533-6b04bc0f8dfb,item_not_received,beauty,card,596.75,14,17,signed_confirmation,False,0.091,0.351,0,641,0.9042,True
5afec442-a5b1-4a12-b4a1-86c254d7d0a4,item_not_received,home_goods,upi,1112.75,28,6,in_transit,False,0.743,0.416,0,1614,0.5903,True
2614293f-e33c-4d95-b168-be5f652f27c9,item_not_received,beauty,card,763.64,2,2,delivered_no_signature,False,0.495,0.818,0,345,0.2996,False
9a9b4a03-df81-4abe-9c30-5973808a2c16,not_as_described,beauty,card,2161.01,1,6,delivered_no_signature,False,0.546,0.551,1,336,0.7052,False
9226403f-0341-43b4-8cdf-a41471d072d0,duplicate_charge,home_goods,upi,1766.47,11,9,not_shipped,False,0.925,0.356,0,78,0.4436,True
f01896bc-38d5-4945-8bc1-a279afa323b1,duplicate_charge,beauty,upi,1426.34,3,6,signed_confirmation,True,0.217,0.831,2,244,0.3815,True
fd3fcb7c-928e-4c44-b9ab-b1d678882003,item_not_received,beauty,wallet,1890.56,4,12,signed_confirmation,True,0.483,0.408,0,579,0.9005,True
3b8351fe-72b7-4b77-9319-d4ecba3a5ba9,not_as_described,home_goods,upi,278.38,3,18,in_transit,True,0.652,0.668,0,529,0.6317,True
e2888ae9-cbad-4a47-9134-eca57fc3676f,item_not_received,home_goods,card,2070.3,7,18,signed_confirmation,False,0.675,0.761,2,74,0.794,True
104fa27c-2998-4d06-84e4-b4133d66bf2a,fraud_card_not_present,home_goods,card,1086.02,7,11,in_transit,False,0.346,0.423,0,318,0.3315,True
24945747-9aba-4bb7-b5c7-53222e26cdd5,duplicate_charge,home_goods,netbanking,3257.97,12,7,in_transit,True,0.158,0.449,0,415,0.7635,False
400598a3-1732-445c-82e7-3cac569ff150,item_not_received,groceries,upi,345.18,8,19,signed_confirmation,False,0.408,0.424,0,433,0.2602,False
e9c21af7-acf6-440f-b5c5-52d800ed6ce5,duplicate_charge,electronics,card,666.09,2,6,signed_confirmation,True,0.243,0.46,0,587,0.864,True
3e5b3c6a-1c3a-429f-819a-62717cfb3986,item_not_received,home_goods,card,3384.39,4,19,delivered_no_signature,True,0.72,0.862,0,111,0.7436,True
6841fa04-dc3f-4fd2-bb91-0664b4bffe02,not_as_described,digital_goods,card,750.53,5,7,signed_confirmation,False,0.646,0.485,1,102,0.489,False
bb9b53d6-03f6-4198-8c78-2de44066f1fa,not_as_described,electronics,card,979.15,20,21,signed_confirmation,False,0.879,0.312,4,238,0.2428,True
d265bf02-b513-47cb-8994-cc8365e7888e,fraud_card_not_present,home_goods,upi,1068.81,36,12,in_transit,False,0.105,0.533,0,492,0.0634,False
307c8165-459e-457d-88ea-ede8329fd714,not_as_described,electronics,card,544.91,1,18,signed_confirmation,True,0.746,0.467,1,99,0.4076,False
4be8bd34-a785-4819-94b1-850e1a935c56,item_not_received,digital_goods,card,6293.21,3,10,signed_confirmation,True,0.72,0.767,1,719,0.9615,True
8997b4cb-4a78-495f-a3d9-d23a4cfac85b,item_not_received,digital_goods,netbanking,1860.19,13,15,delivered_no_signature,True,0.485,0.873,2,72,0.7,True
e885ea1d-2f55-4010-8194-da3bd48523e3,fraud_card_not_present,apparel,card,1502.87,6,8,signed_confirmation,False,0.578,0.602,0,58,0.5288,False
b2ddef8f-5850-4510-81f2-b91d4588ac93,item_not_received,electronics,upi,431.41,15,15,signed_confirmation,False,0.971,0.66,0,407,0.7145,False
8bb287a9-1b60-4e2a-baaf-637a13fdcb90,item_not_received,groceries,card,3382.7,19,17,in_transit,True,0.183,0.897,1,395,0.4044,False
5cf7044e-19ce-4881-b574-b8b1a2baaea4,item_not_received,digital_goods,upi,372.06,3,3,signed_confirmation,True,0.578,0.639,0,673,0.7547,True
4ff5a11c-619a-4c54-bc33-e10561f724fb,item_not_received,home_goods,wallet,1228.49,9,21,signed_confirmation,True,0.705,0.302,0,299,0.7525,True
b91f06af-7785-42d2-966c-aa702d2ee563,item_not_received,digital_goods,wallet,287.61,13,3,signed_confirmation,False,0.217,0.467,1,496,0.858,True
9b6877ea-f074-4452-ae65-f4fd8476279d,fraud_card_not_present,apparel,upi,617.57,3,1,signed_confirmation,True,0.497,0.717,3,14,0.126,False
4e8c653a-55d6-4e83-9445-02253ac4c012,item_not_received,groceries,card,618.06,35,11,delivered_no_signature,False,0.564,0.677,0,56,0.7651,True
df361382-3cb9-425c-aa5b-5884b957c6ea,fraud_card_not_present,home_goods,upi,568.35,50,18,not_shipped,False,0.819,0.273,0,360,0.681,False
5d9d145c-e53a-4d49-bea2-a520606791e4,fraud_card_not_present,home_goods,upi,354.08,12,17,in_transit,True,0.057,0.574,0,237,0.2914,True
ef9fd6da-6118-4d35-92d7-3db9b5e84c2f,fraud_card_not_present,apparel,upi,1669.55,1,7,signed_confirmation,True,0.519,0.523,0,149,0.7263,False
371bed3e-5020-4d6c-b437-10d64fd26f30,item_not_received,groceries,upi,1580.49,2,3,not_shipped,True,0.755,0.634,0,14,0.2889,False
797af7a8-0917-47fc-8d79-c8313d7f669b,not_as_described,electronics,upi,274.96,8,12,signed_confirmation,True,0.234,0.583,2,275,0.713,True
e88b373d-6699-4954-8c04-9a1d1a7293e7,subscription_not_cancelled,electronics,upi,291.41,1,20,not_shipped,False,0.74,0.25,0,97,0.4899,True
39fe5259-e93d-4c20-9063-a580a28650b6,item_not_received,electronics,upi,369.76,2,11,in_transit,False,0.357,0.307,0,149,0.3127,True
9ef6bed2-5e8d-4df6-b2ba-ba5c41c2cf31,not_as_described,digital_goods,card,157.51,14,8,signed_confirmation,False,0.772,0.411,1,330,0.4069,True
dc71eac5-0e48-4b49-bc5b-70663e62070b,item_not_received,apparel,upi,1141.5,23,2,signed_confirmation,False,0.268,0.418,0,411,0.5464,True
d3d2109c-73d6-4742-92f4-8a55923c52a1,item_not_received,electronics,card,449.3,13,2,delivered_no_signature,True,0.552,0.712,0,98,0.6261,True
4f6cf119-250d-456c-b8d7-405099297920,fraud_card_not_present,electronics,upi,586.82,19,18,signed_confirmation,False,0.36,0.872,2,59,0.3057,False
09fd28d0-0d66-467c-aa01-75f645e6a69c,item_not_received,digital_goods,netbanking,955.23,12,17,signed_confirmation,True,0.102,0.839,1,59,0.7931,True
2690b55f-bf54-4216-a92c-326204875b39,item_not_received,apparel,upi,5249.97,12,7,not_shipped,False,0.613,0.65,0,183,0.0254,False
3b492dfd-89d8-4e66-a74d-b103b0ac066a,fraud_card_not_present,home_goods,wallet,4035.74,6,3,delivered_no_signature,True,0.405,0.87,0,663,0.3433,False
ceaa7cde-a447-4501-80d4-b2992d7dae67,item_not_received,apparel,card,741.87,5,7,signed_confirmation,False,0.366,0.761,1,962,0.8331,True
44285a46-50a6-47d6-bfb6-947d4862ded6,item_not_received,digital_goods,upi,299.23,4,5,delivered_no_signature,False,0.23,0.306,2,184,0.6851,True
2941c3dc-c734-464e-a3be-81826a6d4f94,fraud_card_not_present,beauty,card,627.18,10,19,signed_confirmation,False,0.509,0.619,0,366,0.8545,False
5823a352-69b3-4252-b881-9a4aecf63910,subscription_not_cancelled,digital_goods,upi,1374.43,3,9,not_shipped,False,0.653,0.485,0,344,0.4609,True
f330e2e5-14f5-495c-b1e9-1da89b7095aa,duplicate_charge,groceries,card,929.2,2,2,in_transit,True,0.302,0.372,3,161,0.3396,False
27d50f30-dd53-48e3-abe0-4b53d7e0460b,duplicate_charge,apparel,upi,1630.36,64,16,delivered_no_signature,False,0.141,0.746,0,110,0.581,False
9f253855-eaf0-42ef-a63e-e440317c9f35,not_as_described,digital_goods,card,6044.94,6,15,in_transit,False,0.377,0.322,2,43,0.0872,False
3bb7ccf7-eaa2-4636-8f63-ac0cbad23e91,fraud_card_not_present,beauty,upi,292.7,30,12,delivered_no_signature,False,0.342,0.936,1,199,0.2462,True
3d0a7354-9554-412b-be48-98d417daa248,fraud_card_not_present,beauty,card,788.62,2,11,signed_confirmation,True,0.785,0.271,2,1507,0.5806,True
b223011a-0c89-40b9-b4c3-1aa319f31618,item_not_received,apparel,netbanking,361.72,5,6,in_transit,False,0.615,0.603,1,206,0.4277,False
0088b560-9744-407c-8d64-5ba692750ce5,item_not_received,digital_goods,wallet,1010.9,5,7,signed_confirmation,False,0.294,0.764,2,439,0.5425,False
e3b2f59f-68f2-42f7-aa11-61fc8338385a,fraud_card_not_present,home_goods,card,668.81,6,10,delivered_no_signature,False,0.563,0.334,0,1205,0.4454,True
5a3c3609-babb-441f-adc6-037283e5cd36,fraud_card_not_present,electronics,card,511.48,23,14,delivered_no_signature,False,0.258,0.918,0,12,0.183,False
2401bcdc-b88b-47a5-a9de-436baae0be31,not_as_described,digital_goods,upi,754.7,5,13,delivered_no_signature,False,0.458,0.755,1,710,0.2698,False
47379da8-b6dd-484b-aab0-2b76c182a88f,not_as_described,beauty,upi,551.97,1,2,signed_confirmation,True,0.352,0.723,1,798,0.1944,False
6ac1aa12-c416-4561-96b6-9450802fdffd,fraud_card_not_present,home_goods,upi,562.15,46,1,not_shipped,False,0.278,0.693,0,302,0.4633,False
952875b6-3415-4b90-9821-a5de8f635641,subscription_not_cancelled,home_goods,card,679.0,2,12,signed_confirmation,True,0.323,0.479,1,173,0.8098,True
5ad8043e-f265-4171-b2d7-68d1c68dc87b,item_not_received,apparel,card,1164.27,5,3,delivered_no_signature,False,0.364,0.448,0,58,0.915,True
43302810-f066-412f-bbb5-62dd9167af15,duplicate_charge,groceries,upi,1444.34,2,12,not_shipped,False,0.518,0.632,0,45,0.6272,False
40bdd972-36e0-4cdd-bee4-2551624f930d,item_not_received,digital_goods,upi,1432.28,23,20,delivered_no_signature,True,0.534,0.523,0,82,0.6382,True
625bd3e7-22aa-4f82-acc4-04075529fe93,duplicate_charge,apparel,wallet,2311.92,17,10,delivered_no_signature,True,0.479,0.645,1,253,0.5993,True
91846233-7478-42ff-8fd3-4fcff472972a,fraud_card_not_present,apparel,wallet,641.62,11,14,delivered_no_signature,False,0.79,0.874,2,872,0.3524,False
df11e849-fed3-4a49-b22b-494383419e08,item_not_received,electronics,upi,825.27,2,13,delivered_no_signature,True,0.422,0.568,0,345,0.3751,False
cd1a8d94-8f8a-47ee-90e8-c80297b12c3d,fraud_card_not_present,apparel,card,2485.34,2,14,not_shipped,False,0.233,0.369,1,695,0.3042,False
5b72a741-d234-4f9c-aa59-29d394a40111,fraud_card_not_present,groceries,upi,163.97,35,16,not_shipped,True,0.487,0.859,1,52,0.1969,False
1a81fa82-fbf9-4f7a-9303-60df33f2d368,fraud_card_not_present,groceries,upi,1973.37,21,18,signed_confirmation,False,0.237,0.807,0,431,0.8833,True
0a1f8a62-b890-44e8-99f0-8ac4d7e6bb98,item_not_received,apparel,card,98.54,2,8,not_shipped,False,0.506,0.27,0,232,0.1124,False
76f1fa4e-93bf-4b3c-a045-581b100e6edd,fraud_card_not_present,digital_goods,card,1212.95,1,15,signed_confirmation,False,0.472,0.478,1,12,0.6362,True
10c36867-c93b-49b6-80cd-1fa725925d0c,item_not_received,digital_goods,upi,308.15,18,15,signed_confirmation,False,0.808,0.575,0,1496,0.9352,True
817d4199-35ce-4c5d-a726-8b183e9cb0b5,fraud_card_not_present,digital_goods,upi,415.77,6,5,signed_confirmation,False,0.696,0.572,0,528,0.5128,False
242a503a-9956-422f-9cd0-36d8f0aaa159,fraud_card_not_present,apparel,card,646.78,13,9,not_shipped,True,0.907,0.611,0,735,0.3105,False
7cee136b-6cb0-42c3-83f4-64884c075e32,duplicate_charge,electronics,upi,1163.3,3,9,not_shipped,False,0.713,0.681,2,330,0.2423,False
08d0c565-1ffc-4873-a519-af459bfc2af6,duplicate_charge,beauty,netbanking,807.51,6,3,delivered_no_signature,False,0.584,0.596,0,460,0.5758,True
3c06925c-2486-48f8-a26c-abff40b6a2e8,not_as_described,beauty,card,16544.54,4,8,not_shipped,False,0.422,0.706,0,473,0.5154,True
ae29f8be-f67e-451a-8215-18ce5f9c53f1,not_as_described,digital_goods,netbanking,520.79,4,10,signed_confirmation,False,0.471,0.874,1,418,0.831,True
9fd889cc-7477-4f78-bdc6-19cba7ac1ef1,subscription_not_cancelled,apparel,card,282.79,9,10,signed_confirmation,False,0.048,0.475,0,47,0.2813,False
de2b8cbf-4a78-4627-b19b-4599db12c0cd,not_as_described,electronics,upi,2089.15,1,14,signed_confirmation,True,0.35,0.832,0,465,0.8965,True
43ec4777-ea88-4fc9-9696-3c773cfd0ad9,not_as_described,apparel,card,946.02,21,11,signed_confirmation,True,0.028,0.425,1,460,0.6384,False
93ce94dc-091b-4a10-b0c0-880c25b21329,subscription_not_cancelled,electronics,upi,1572.42,6,16,in_transit,False,0.693,0.544,1,179,0.8282,True
c8bf9999-424e-4ee7-b679-1966497dfd3e,not_as_described,groceries,upi,664.8,12,11,in_transit,False,0.808,0.14,0,148,0.6667,False
04d55322-5313-4527-a679-616fcf894282,item_not_received,apparel,upi,661.06,6,7,signed_confirmation,True,0.5,0.583,1,996,0.7113,True
90c882ef-87c3-4a65-8d0a-37e591bd9d1f,subscription_not_cancelled,beauty,netbanking,591.05,10,2,signed_confirmation,True,0.674,0.206,0,774,0.6138,True
6d3ce596-c422-414d-a55c-0175a718e0a6,fraud_card_not_present,groceries,upi,1042.58,3,4,signed_confirmation,False,0.449,0.905,1,904,0.6991,True
81ac7e75-e451-4a57-8fb5-4e5131df638c,fraud_card_not_present,digital_goods,card,751.25,27,19,signed_confirmation,False,0.049,0.638,1,262,0.5691,False
ff9cc26c-d386-4116-8b87-46d0e03fabf7,duplicate_charge,beauty,card,643.46,1,9,in_transit,True,0.981,0.734,2,499,0.4171,False
151f4722-34c2-4281-a46a-d16205a113d7,item_not_received,digital_goods,wallet,458.99,12,2,signed_confirmation,True,0.363,0.795,0,1835,0.832,True
7fc77ae3-9834-451f-ad9e-543977da8a82,fraud_card_not_present,groceries,netbanking,1500.94,3,12,delivered_no_signature,False,0.349,0.453,4,18,0.1476,False
7ff7629c-0dc6-40ea-9556-42111de6a68a,fraud_card_not_present,home_goods,card,1354.88,13,12,signed_confirmation,False,0.062,0.889,1,294,0.2492,True
bfaf28da-de5c-41d5-a8c6-3cb9c9cf32a1,fraud_card_not_present,electronics,upi,437.98,5,5,delivered_no_signature,False,0.076,0.404,0,65,0.1961,False
bedfe921-24d4-4581-a8de-dd58cfdf0895,item_not_received,electronics,card,325.89,4,14,delivered_no_signature,False,0.651,0.695,1,961,0.712,True
3e82ed6f-ef40-43e2-ade0-02b5cf16eb57,subscription_not_cancelled,digital_goods,upi,707.67,7,8,not_shipped,True,0.152,0.398,0,695,0.8468,True
cfb902ec-a91f-475f-83b9-024db27469b0,item_not_received,groceries,upi,853.29,2,8,delivered_no_signature,False,0.603,0.379,0,135,0.6657,True
6285f4ff-6ea9-4a20-a797-d4c740888d6d,fraud_card_not_present,digital_goods,card,461.65,7,18,signed_confirmation,True,0.315,0.78,0,141,0.7381,True
e900831f-a5a6-422c-b188-48f5a02eb470,fraud_card_not_present,digital_goods,wallet,666.36,4,21,in_transit,False,0.464,0.891,1,149,0.4391,False
7e356890-f199-49d7-a853-bd8a66e7c1db,fraud_card_not_present,electronics,upi,589.83,69,2,not_shipped,True,0.482,0.442,0,1282,0.2723,False
74c1ede0-ae77-4e86-b857-09feabdeedd6,item_not_received,beauty,card,588.99,6,11,signed_confirmation,False,0.606,0.738,1,292,0.7241,False
dc212ff1-b0ed-4c0a-a149-c7bf75684269,fraud_card_not_present,groceries,card,490.76,8,7,delivered_no_signature,False,0.588,0.96,1,739,0.1788,True
8a707878-e80a-4f19-8b1c-de21c06cf945,item_not_received,apparel,wallet,471.68,1,2,delivered_no_signature,False,0.668,0.49,0,44,0.4091,False
1e49c21e-a0e9-4d43-b9e5-9d7f197d2541,item_not_received,digital_goods,card,1245.95,5,8,delivered_no_signature,True,0.269,0.888,0,84,0.6653,True
6954c229-9b68-445e-8f94-8dc0a6b4c98c,not_as_described,electronics,upi,3506.3,20,14,delivered_no_signature,False,0.236,0.926,1,279,0.7374,True
d0e15fdf-0801-406f-9120-9b4a536ad1eb,duplicate_charge,home_goods,upi,5440.69,10,2,signed_confirmation,True,0.475,0.348,1,183,0.3239,True
ab0678cd-422f-40f2-a021-1c35a2b52201,fraud_card_not_present,home_goods,netbanking,368.06,43,20,signed_confirmation,False,0.717,0.455,0,1042,0.459,True
8eb9d12a-ba3b-4147-983e-ea6c4f9c8729,fraud_card_not_present,beauty,upi,2022.71,5,6,signed_confirmation,False,0.566,0.498,0,499,0.5732,False
0e057e01-0f19-4d65-acab-16a18d16097c,not_as_described,apparel,upi,109.09,75,9,in_transit,False,0.59,0.444,0,246,0.2451,False
9727b53f-2c94-433d-8761-c54cbc9e53c4,item_not_received,beauty,card,4462.21,37,17,signed_confirmation,True,0.232,0.347,0,338,0.2033,True
9fbdb549-3a44-4eaf-8735-f454019293b6,item_not_received,electronics,card,971.92,5,12,signed_confirmation,False,0.358,0.741,1,63,0.5554,False
f0fa892d-1229-4189-b1e2-4b5f20b54530,fraud_card_not_present,electronics,netbanking,1936.25,4,13,signed_confirmation,False,0.664,0.776,0,175,0.2633,False
87d01b2f-8102-4339-8ed2-e0facb8b60a1,item_not_received,digital_goods,card,5757.4,32,16,signed_confirmation,False,0.575,0.556,0,501,0.7587,True
fc7084c4-d744-4765-9f13-a7b674971849,not_as_described,home_goods,wallet,600.93,1,7,in_transit,True,0.671,0.779,2,27,0.7152,True
6c49e752-481f-4d15-97a4-97a0b350346d,subscription_not_cancelled,electronics,card,400.91,1,6,delivered_no_signature,False,0.804,0.605,1,52,0.3683,False
9274549c-38fd-42c9-8e39-235eaeb21103,fraud_card_not_present,beauty,netbanking,1046.55,13,10,signed_confirmation,True,0.658,0.426,2,505,0.148,False
1d06ebb4-d1d6-46d4-abab-dd994ce0898a,duplicate_charge,groceries,card,425.99,30,8,delivered_no_signature,False,0.413,0.577,0,99,0.5947,True
91a96bee-358c-431f-9b9f-371914bb76f0,fraud_card_not_present,electronics,netbanking,1920.02,26,19,signed_confirmation,True,0.365,0.365,0,161,0.7137,True
e7fc9de1-c720-4d82-a6f6-0da5c898412b,not_as_described,apparel,card,6204.59,1,8,in_transit,False,0.379,0.569,0,144,0.4037,False
cc5032b0-63d3-457b-bdf9-eb7fab9c3188,duplicate_charge,beauty,wallet,498.65,1,6,signed_confirmation,True,0.585,0.763,1,140,0.8761,True
33a5733a-d79d-4986-93ff-13f9ef4da816,item_not_received,apparel,upi,1259.84,4,2,signed_confirmation,False,0.672,0.506,1,83,0.8706,True
51b95ced-cd47-469c-8ba0-a20524cc1deb,item_not_received,apparel,upi,890.97,27,12,signed_confirmation,False,0.891,0.404,0,72,0.796,True
a6ba5804-f3b4-49ec-87f7-54614df414a9,subscription_not_cancelled,beauty,card,799.66,3,9,signed_confirmation,False,0.571,0.744,0,249,0.3143,False
0516b39a-5146-4a70-9c86-9278ec2cea3e,fraud_card_not_present,groceries,card,19623.14,2,18,signed_confirmation,False,0.37,0.675,0,124,0.6968,False
4b193a7d-5498-4f73-8b86-caafd2d812d8,duplicate_charge,groceries,wallet,252.87,8,13,signed_confirmation,False,0.153,0.58,0,159,0.5099,True
6114e89d-fbe8-4bbc-95bc-1ef2ba42f947,item_not_received,groceries,card,776.87,9,13,signed_confirmation,True,0.381,0.767,0,251,0.937,True
6f826565-1d0d-4e9f-a87b-e684070b4766,item_not_received,apparel,upi,2146.01,6,11,delivered_no_signature,True,0.595,0.847,0,1161,0.8966,True
3ba84a32-d763-41b9-a7d4-839cb0aa8b2f,duplicate_charge,digital_goods,card,532.23,17,12,delivered_no_signature,False,0.736,0.492,2,467,0.2864,False
1a557280-1e22-43d4-ba1d-6d7a2f8c877a,fraud_card_not_present,home_goods,wallet,573.8,1,21,signed_confirmation,False,0.508,0.34,2,53,0.699,False
d14e7bf4-d46d-4649-9d10-ea1315896c1b,item_not_received,groceries,card,183.48,4,8,delivered_no_signature,False,0.257,0.21,0,848,0.6193,True
e03e04ce-f344-4122-a9d8-6f29c40c4b74,duplicate_charge,electronics,card,806.19,13,20,delivered_no_signature,False,0.443,0.615,1,322,0.7216,False
b53e72e7-e4c1-449c-82ab-fb6973bc34ff,item_not_received,digital_goods,wallet,175.63,28,4,not_shipped,False,0.157,0.692,1,499,0.0697,False
5df0eceb-e4d2-4bc1-9935-30ce0fa04c85,fraud_card_not_present,electronics,card,114.37,5,6,not_shipped,False,0.623,0.255,0,854,0.3753,False
6245b74d-b390-4f2f-b0d7-3f6d895c3813,subscription_not_cancelled,electronics,card,854.0,5,9,signed_confirmation,False,0.713,0.895,0,568,0.6408,False
3e5d209a-95d5-47a3-89b0-cf7f85f8eb7c,duplicate_charge,electronics,upi,1072.14,5,6,in_transit,False,0.486,0.588,0,1208,0.2793,False
4e493c10-cfd6-41fe-a2c3-2d6c0960722f,not_as_described,groceries,upi,523.6,43,3,delivered_no_signature,True,0.602,0.564,0,236,0.6438,True
ec39bb16-2bc1-46c8-b3c2-bce49f39a3bc,not_as_described,apparel,card,670.7,5,12,signed_confirmation,False,0.421,0.591,0,126,0.4954,False
bbaac1c4-fa97-415d-b78c-94dfafdca976,not_as_described,digital_goods,netbanking,1619.05,15,8,delivered_no_signature,False,0.448,0.626,1,63,0.5711,False
a30b1af2-481e-4573-8554-c3bc15a12bda,fraud_card_not_present,apparel,netbanking,2070.38,13,8,delivered_no_signature,True,0.61,0.556,0,177,0.2708,True
3efdbe7f-d5e1-4a99-b68b-c2b904c151c4,not_as_described,home_goods,wallet,772.22,9,16,signed_confirmation,False,0.779,0.346,1,69,0.0999,True
e8b564d4-b437-4a0f-9ad5-18c8799afac1,duplicate_charge,home_goods,card,3820.24,4,16,signed_confirmation,False,0.066,0.264,0,426,0.4843,False
5da48e31-ed44-4d05-ac43-253c8c72e1a4,duplicate_charge,beauty,card,1735.05,19,12,delivered_no_signature,True,0.353,0.747,0,777,0.5479,True
0559de2e-9f5d-4dac-9bb5-962f21a06dac,fraud_card_not_present,electronics,upi,1306.48,3,6,not_shipped,True,0.301,0.675,2,436,0.072,False
e21852d1-4949-4a63-9aa2-40fa8a94685f,fraud_card_not_present,groceries,card,619.63,11,1,delivered_no_signature,True,0.131,0.413,1,45,0.1181,False
5707b606-c1fc-4ca7-9460-162271c17bdd,fraud_card_not_present,home_goods,upi,900.94,23,14,signed_confirmation,False,0.507,0.318,0,428,0.8472,False
df8b1d07-10eb-4557-9c7e-c90300923127,fraud_card_not_present,beauty,card,126.66,3,21,signed_confirmation,False,0.132,0.808,0,507,0.1385,False
58a212f4-0882-4bdd-b0ae-e19c6c08b5f9,item_not_received,digital_goods,netbanking,619.86,11,12,signed_confirmation,False,0.611,0.244,0,137,0.9242,True
8905c446-7f85-49e2-a826-b54e08f71525,item_not_received,digital_goods,upi,727.96,18,9,in_transit,False,0.243,0.454,1,901,0.2479,False
6e2ba8a9-dd72-4301-b28d-9cdf1fc55b45,duplicate_charge,home_goods,card,1839.31,4,7,signed_confirmation,False,0.651,0.251,1,443,0.4866,False
4d13a414-74a6-430c-8a0e-e008b9a9360a,duplicate_charge,digital_goods,upi,3179.55,32,12,delivered_no_signature,True,0.719,0.559,3,193,0.3357,False
a5507ad8-9089-4ee5-af5b-163864a3009d,fraud_card_not_present,electronics,card,661.31,1,1,signed_confirmation,False,0.233,0.492,0,829,0.6599,True
461ff4b6-870a-41b5-80f7-272ef1607eba,item_not_received,electronics,upi,256.12,14,6,delivered_no_signature,False,0.347,0.625,0,371,0.7515,True
906ac1b0-bee1-4d54-8d4c-9e4fbf9852d5,fraud_card_not_present,digital_goods,card,520.02,2,1,signed_confirmation,False,0.407,0.184,0,222,0.1505,False
5b2ede55-d188-4b29-a93e-fcbaad4d4007,item_not_received,home_goods,card,374.65,3,9,delivered_no_signature,True,0.55,0.693,2,1000,0.7905,True
dabf8ed2-5457-4974-b907-cc161f2132f2,fraud_card_not_present,apparel,card,1489.95,22,10,signed_confirmation,True,0.658,0.954,1,136,0.874,True
5581a87d-3581-4bc9-888f-74916ec19331,item_not_received,home_goods,wallet,930.93,33,4,in_transit,True,0.791,0.325,0,59,0.2522,False
01993e94-6493-4308-b484-43ab2632bf4a,item_not_received,electronics,wallet,634.27,11,4,signed_confirmation,True,0.812,0.436,1,23,0.8294,True
b40dd855-29f2-4264-8dda-a5a6d394a132,item_not_received,electronics,card,1770.16,11,18,delivered_no_signature,False,0.3,0.394,0,291,0.32,False
b268ddf1-55ac-4798-aee6-92d04985e1a9,fraud_card_not_present,home_goods,netbanking,896.47,14,9,signed_confirmation,True,0.768,0.683,0,206,0.806,False
fa1d6e58-2d85-4684-9f94-e45def888569,item_not_received,electronics,netbanking,5941.17,10,6,signed_confirmation,True,0.692,0.572,0,35,0.9486,True
88d17dd4-1134-40b6-856c-001d51e72a0a,not_as_described,groceries,wallet,368.55,19,18,signed_confirmation,True,0.928,0.519,0,561,0.6096,False
2e3710ef-18b5-47c5-84ba-4d87a911d423,item_not_received,groceries,upi,962.89,28,1,delivered_no_signature,True,0.464,0.562,1,90,0.6901,True
7fe9de4d-6e80-4a1c-bf31-7bc509778fa0,item_not_received,groceries,card,1671.88,4,18,signed_confirmation,False,0.464,0.513,1,81,0.7926,True
56d33116-5567-4dc7-9309-f94097b6ba81,fraud_card_not_present,beauty,upi,1101.71,5,6,delivered_no_signature,False,0.635,0.552,1,66,0.6424,True
3a4013f9-a8eb-4163-bdda-8a4e6a41e3be,item_not_received,digital_goods,card,230.96,8,8,signed_confirmation,False,0.135,0.703,2,899,0.7445,True
65d5e38c-d7e9-4bea-a40a-df5bcce18c6d,not_as_described,digital_goods,card,493.9,5,9,signed_confirmation,True,0.61,0.241,1,556,0.2356,False
a28402fc-44a6-4e99-97a4-b7d59d950364,item_not_received,beauty,upi,1322.09,5,10,delivered_no_signature,True,0.725,0.576,0,1138,0.4732,False
a9fa039a-d116-4a4f-8c89-564aaeadba46,fraud_card_not_present,groceries,netbanking,189.52,1,2,signed_confirmation,True,0.852,0.725,1,35,0.4774,False
c22514e4-2c24-44ed-a4e5-7f8abd6f8f20,duplicate_charge,groceries,netbanking,589.53,1,14,in_transit,False,0.395,0.338,2,409,0.692,True
5805fcd6-f357-44f6-b6f1-0409446894f4,not_as_described,beauty,wallet,1918.84,2,10,delivered_no_signature,True,0.607,0.635,2,102,0.8763,True
58d6582a-8e28-4483-90de-d702f468e36b,duplicate_charge,electronics,wallet,4273.85,13,19,signed_confirmation,False,0.526,0.791,2,100,0.7442,True
db7bb32d-eade-423d-b692-19af527c5942,item_not_received,home_goods,upi,578.27,11,20,delivered_no_signature,False,0.166,0.529,1,72,0.5838,False
da81f98d-2cec-4fc4-9454-476ba0a6d97b,duplicate_charge,digital_goods,upi,309.49,3,13,signed_confirmation,True,0.777,0.844,0,209,0.814,True
79cf90d5-1d8c-4bd5-98f9-c0f8c1595b65,not_as_described,groceries,upi,1397.12,9,13,delivered_no_signature,False,0.395,0.189,1,432,0.2204,False
6b3929b1-cb65-4a8c-91de-3bf9c74ac698,fraud_card_not_present,digital_goods,card,414.83,5,18,in_transit,False,0.487,0.602,0,669,0.2272,False
6892751b-2980-4f73-a1ed-1dff46774376,item_not_received,apparel,card,180.92,19,12,delivered_no_signature,False,0.898,0.574,1,316,0.5467,False
a9ea2846-6b08-415b-99e0-4d7af2dd1e96,fraud_card_not_present,electronics,upi,1570.14,2,7,signed_confirmation,True,0.365,0.781,0,114,0.6527,True
9385f182-0a9d-4e5a-88fc-5feb13c7cb66,duplicate_charge,home_goods,upi,919.79,10,11,signed_confirmation,True,0.68,0.824,0,12,0.6528,True
465978ea-3b3c-41d2-9961-3e35b4d084f6,duplicate_charge,apparel,upi,1268.16,11,12,not_shipped,False,0.338,0.691,0,284,0.8881,True
c5713798-40c5-4485-8815-43a620ddf04d,item_not_received,home_goods,upi,1585.75,5,18,signed_confirmation,True,0.557,0.639,2,763,0.9812,True
8cda4e66-00d3-4a3e-a3e8-b310b15a60b6,not_as_described,groceries,card,628.02,1,10,in_transit,True,0.487,0.798,0,84,0.6863,False
2cf79f6f-d4e6-4b29-a0e1-e7ddc4f8ee91,item_not_received,electronics,upi,954.53,7,9,delivered_no_signature,True,0.597,0.247,1,120,0.7621,True
47943dcb-f0bb-498f-9b7e-4d296f1723ae,fraud_card_not_present,digital_goods,card,567.12,4,1,signed_confirmation,True,0.568,0.3,0,804,0.6924,True
05100c1c-77ef-4707-b13c-d30a44c032ee,not_as_described,apparel,upi,1583.16,22,5,delivered_no_signature,True,0.239,0.749,0,523,0.8452,True
280fa5da-b695-4509-8ad7-d58d89a89736,fraud_card_not_present,home_goods,card,878.86,3,6,signed_confirmation,True,0.639,0.589,1,126,0.3462,False
1ab10044-4d62-469c-93ec-d8096714f48a,not_as_described,apparel,upi,570.3,2,13,signed_confirmation,False,0.157,0.598,0,262,0.5858,True
c578b2b6-f83c-4ea4-bcf6-815d90a0d2ac,subscription_not_cancelled,digital_goods,card,1983.25,2,18,delivered_no_signature,False,0.667,0.465,0,86,0.6701,True
2a00bb2e-75e3-4717-a2f9-423d4cb63eb2,fraud_card_not_present,groceries,card,417.39,12,20,delivered_no_signature,False,0.862,0.758,1,233,0.732,True
f55937d1-073b-4672-b62a-36ac6f688d5d,not_as_described,beauty,netbanking,481.2,16,8,in_transit,False,0.86,0.575,0,467,0.7387,True
0389c08d-5590-452d-988d-3fe627d5d2f0,not_as_described,apparel,card,474.69,7,21,delivered_no_signature,False,0.479,0.792,1,175,0.6508,False
5373ce75-80d3-46dd-8614-5ab569b50651,fraud_card_not_present,apparel,card,1296.8,4,6,not_shipped,True,0.881,0.85,0,62,0.3843,True
fbad78e1-8bb8-41d1-abfa-deb45df88353,duplicate_charge,beauty,netbanking,434.88,3,12,in_transit,True,0.699,0.625,1,2570,0.688,True
12bd9916-ded3-4b79-9c79-0ca51971f747,subscription_not_cancelled,digital_goods,upi,1585.91,11,18,in_transit,False,0.41,0.941,1,143,0.5633,True
1a084eaa-3615-4a0e-ab91-3162546721c1,not_as_described,home_goods,upi,1641.06,12,9,signed_confirmation,False,0.441,0.5,0,432,0.8385,True
49763c66-b7b5-42fd-8bde-e565a2922b28,not_as_described,digital_goods,card,489.95,34,11,not_shipped,True,0.447,0.637,0,1108,0.1629,False
978e4780-7525-45d5-9144-9b88fee72ee8,not_as_described,beauty,card,1623.78,18,17,signed_confirmation,True,0.636,0.945,1,90,0.9351,False
31c3caab-7a03-403d-94dd-d2cdce7446bb,fraud_card_not_present,groceries,upi,442.44,29,18,signed_confirmation,False,0.332,0.171,0,617,0.4124,True
f59f2824-1843-4908-a1e2-38adbaaa4bec,item_not_received,groceries,card,528.36,2,13,signed_confirmation,False,0.707,0.847,2,989,0.9153,True
08ea1bbb-d039-41c1-8276-c51b7883077e,subscription_not_cancelled,groceries,upi,2149.32,15,20,in_transit,True,0.841,0.245,0,41,0.5863,False
90d84bac-fec8-473e-b0ad-f0716e39a718,not_as_described,home_goods,upi,774.43,6,3,in_transit,False,0.31,0.82,0,76,0.6997,True
67c43589-82e5-42b9-82b3-3295f98d6510,item_not_received,home_goods,upi,283.54,14,13,delivered_no_signature,False,0.901,0.387,0,192,0.7049,True
42f7a310-f55a-4162-9b41-0000b61356e8,duplicate_charge,groceries,upi,848.31,3,16,signed_confirmation,False,0.429,0.811,2,293,0.7996,True
b97f4be3-fd13-444e-9a4d-33c17b3bf91a,fraud_card_not_present,electronics,card,376.18,12,13,delivered_no_signature,False,0.271,0.525,3,600,0.0693,False
6c15244b-0296-44f6-8c40-f1ecc4cae173,subscription_not_cancelled,digital_goods,card,2026.63,4,8,in_transit,False,0.569,0.404,0,399,0.5509,True
da87bb67-c4f8-4914-ad3c-f19a1f0e5231,item_not_received,groceries,upi,1531.62,9,17,signed_confirmation,False,0.761,0.922,0,233,0.7213,True
9ab28ebc-0391-4493-a1b5-6f09800d7c16,fraud_card_not_present,electronics,wallet,1922.67,8,10,not_shipped,True,0.138,0.536,1,200,0.4979,False
bceaf2f3-694f-4a68-a5f0-6542b81949d1,subscription_not_cancelled,beauty,upi,1286.52,18,9,signed_confirmation,True,0.358,0.415,0,274,0.5837,False
38986d96-1bf5-4fbf-9e20-00ef2108d7c2,fraud_card_not_present,electronics,card,792.86,19,15,not_shipped,True,0.672,0.613,0,204,0.5776,False
9ba86586-4d38-43f2-be9c-341f164e7523,item_not_received,groceries,card,1021.65,3,15,not_shipped,True,0.742,0.344,2,163,0.2265,False
47aa3ec5-aba7-4181-80a1-7032949e4751,item_not_received,electronics,card,412.49,24,18,delivered_no_signature,False,0.667,0.869,0,372,0.2312,False
871d9cc1-bdc9-45a5-b290-16e2cb24c67c,subscription_not_cancelled,beauty,card,1291.63,11,16,signed_confirmation,False,0.35,0.733,0,34,0.3713,False
7862bfd3-3e9b-4dfa-8763-e3664ec2c858,duplicate_charge,electronics,card,4180.91,7,2,not_shipped,False,0.204,0.663,1,245,0.5716,True
92933545-99be-410b-8d12-b14831065e06,fraud_card_not_present,home_goods,upi,1177.76,5,8,in_transit,False,0.589,0.819,0,158,0.2326,True
7b731446-cd61-4920-92ff-9ac2ae22ac8a,subscription_not_cancelled,digital_goods,card,1093.0,27,4,signed_confirmation,True,0.709,0.46,2,1014,0.7222,True
8b1051f2-2987-4590-a8d3-f26634a2ca76,item_not_received,home_goods,netbanking,1278.33,1,18,signed_confirmation,False,0.489,0.817,0,271,0.8049,True
0f583f26-9b48-48cb-b6ef-d8b654553558,duplicate_charge,groceries,card,630.01,7,4,signed_confirmation,False,0.712,0.707,0,478,0.5934,True
157510eb-4325-40c7-800f-36d48042de16,fraud_card_not_present,digital_goods,card,421.89,1,4,not_shipped,True,0.958,0.343,0,548,0.2432,False
2d517ddf-b1f7-43aa-8a0b-c87301be700b,subscription_not_cancelled,groceries,netbanking,1091.68,3,3,signed_confirmation,True,0.675,0.458,0,445,0.8186,False
3c6f1640-8663-43be-a81a-40536cd709e7,item_not_received,beauty,wallet,1981.89,14,16,not_shipped,False,0.819,0.198,1,255,0.065,True
b9d1c41e-0a46-4a48-a85c-38b0ee6228c0,not_as_described,home_goods,upi,816.45,9,6,signed_confirmation,True,0.33,0.741,1,243,0.8706,False
da54bb5e-cba2-47a4-b82e-bf6793de1948,subscription_not_cancelled,apparel,card,136.85,1,5,delivered_no_signature,True,0.739,0.681,0,37,0.5829,False
af3fcc01-9e54-464d-8806-b2ccd7f7cade,duplicate_charge,electronics,upi,4334.73,6,6,signed_confirmation,True,0.565,0.639,0,65,0.9174,True
66b40389-b643-40c0-84ff-309f33ba9d23,subscription_not_cancelled,home_goods,upi,127.96,8,17,signed_confirmation,True,0.792,0.519,0,20,0.5483,True
e0c4ac3d-9580-44f2-baed-b3fcc7017958,duplicate_charge,electronics,wallet,752.48,10,8,delivered_no_signature,False,0.265,0.798,2,473,0.6611,True
3f39b1a9-9ca9-4527-814a-2d5ecac31dc4,subscription_not_cancelled,groceries,card,1831.63,3,12,signed_confirmation,False,0.576,0.445,0,347,0.6911,True
d6896fcf-bc8e-4389-ab08-54eee1d09625,duplicate_charge,electronics,card,710.69,6,14,signed_confirmation,False,0.474,0.398,0,452,0.4885,False
fbb64aa5-f2a0-45a7-b682-2c41b82a6d39,duplicate_charge,home_goods,upi,1491.07,8,13,signed_confirmation,True,0.613,0.57,0,65,0.7192,True
1b944bd7-3fcd-4997-9463-1e774caf670b,not_as_described,digital_goods,upi,928.08,5,15,signed_confirmation,False,0.308,0.652,1,572,0.692,True
afffe899-d047-4e9b-a358-4e3c96774c5a,not_as_described,apparel,card,1541.2,33,6,signed_confirmation,False,0.282,0.556,0,452,0.4882,False
4aeeb7c8-afb8-4261-bac7-43b2e29a4d5b,fraud_card_not_present,groceries,upi,474.73,16,11,delivered_no_signature,True,0.168,0.944,0,468,0.217,True
d2e9f189-ce10-4c41-8535-61a532ee8755,item_not_received,electronics,upi,2207.23,10,13,delivered_no_signature,True,0.597,0.783,0,193,0.7683,True
50ba8c9c-722d-4a25-bb8d-9542728762d9,item_not_received,apparel,upi,2158.38,14,12,in_transit,False,0.608,0.771,2,134,0.2524,False
56aec487-0e63-4e8f-9b24-bba4e51a33b8,fraud_card_not_present,home_goods,upi,1746.07,13,21,delivered_no_signature,False,0.804,0.41,0,911,0.7454,False
60159fb0-47a6-443d-b572-f54a778b7068,not_as_described,home_goods,upi,547.02,1,1,delivered_no_signature,False,0.871,0.167,0,111,0.3612,False
0a4b8cdb-6039-4683-ac7a-eb4f747ca530,item_not_received,home_goods,card,807.74,23,17,delivered_no_signature,True,0.554,0.299,0,537,0.6402,False
1d4fa024-6170-45ba-8a88-18bdd731b144,item_not_received,digital_goods,card,2825.85,28,15,delivered_no_signature,True,0.65,0.481,0,919,0.8757,True
bde4ed94-d0fb-4967-af47-7f179c02617e,item_not_received,beauty,card,4228.77,3,4,delivered_no_signature,False,0.22,0.677,0,136,0.3617,False
f3ff1823-4a78-4f14-8444-104eab45bd4d,not_as_described,digital_goods,upi,544.89,14,17,delivered_no_signature,False,0.811,0.557,0,624,0.5106,True
3255089c-fd20-41dc-b66d-7cb7535c935b,fraud_card_not_present,home_goods,wallet,1257.76,3,14,in_transit,True,0.16,0.687,0,296,0.5728,False
7ecb66d5-d08a-49db-9f76-769ecea4ea08,item_not_received,home_goods,card,4839.09,2,10,signed_confirmation,False,0.51,0.164,0,77,0.8415,True
187453f1-1f90-42e7-9257-4c5305346074,subscription_not_cancelled,beauty,card,5063.15,8,12,signed_confirmation,False,0.246,0.313,0,101,0.3228,True
b57395e2-ab20-49da-a1fc-18e26cd55c35,item_not_received,home_goods,card,201.16,4,3,signed_confirmation,False,0.46,0.576,1,322,0.8172,True
84813e5d-e947-4fde-b134-0903a980fd01,fraud_card_not_present,electronics,upi,665.99,15,15,delivered_no_signature,False,0.771,0.973,0,111,0.6442,True
23a7ce4b-ca67-4f14-a823-9e8832129e75,subscription_not_cancelled,home_goods,wallet,372.08,12,1,signed_confirmation,False,0.341,0.434,1,103,0.2389,True
5d74e16f-831e-4eaf-bf9b-24e8260cb0de,fraud_card_not_present,home_goods,wallet,1015.24,2,17,signed_confirmation,False,0.399,0.374,1,1162,0.4827,False
f2606302-1d5a-469d-8725-494efef2678b,fraud_card_not_present,home_goods,upi,930.49,6,9,signed_confirmation,False,0.32,0.828,0,293,0.3579,True
d462ead7-ae18-46d2-b24f-07420e067a78,fraud_card_not_present,digital_goods,card,664.41,18,10,delivered_no_signature,False,0.686,0.748,0,141,0.7176,True
4c585e4b-7dd3-469d-b595-e685b79be1b0,item_not_received,digital_goods,upi,3791.92,11,20,signed_confirmation,False,0.795,0.654,0,11,0.9443,True
b06a69e8-9e4b-4221-8b30-79b7ba577d34,not_as_described,groceries,netbanking,2035.04,7,13,in_transit,True,0.936,0.676,1,116,0.6564,True
4542e0b9-1061-4330-942a-0f2fa0a230d7,not_as_described,home_goods,card,562.53,5,12,signed_confirmation,True,0.851,0.6,0,228,0.5225,False
c5df7a32-14a2-4bcb-86e7-0821731f1d36,duplicate_charge,home_goods,netbanking,304.1,8,15,in_transit,True,0.607,0.786,0,18,0.5363,True
05d45bf2-d3e6-4a65-915b-13df5f059df5,item_not_received,beauty,upi,523.18,14,12,in_transit,False,0.094,0.561,0,82,0.5446,True
86436bd1-5c12-4d66-a483-de794cf03574,fraud_card_not_present,apparel,upi,836.76,2,6,not_shipped,True,0.733,0.603,0,197,0.7362,True
a74b3e69-6961-4a65-94a8-6e9b6373a47e,subscription_not_cancelled,beauty,card,462.73,3,16,signed_confirmation,True,0.536,0.224,0,171,0.5085,True
430afd2d-2160-4474-be13-547e9b53198a,fraud_card_not_present,beauty,netbanking,549.58,9,5,signed_confirmation,True,0.109,0.681,1,1051,0.5139,True
9a7e91d9-716a-4e5c-86c9-eae5918257a9,fraud_card_not_present,electronics,card,4246.94,6,9,signed_confirmation,False,0.445,0.61,0,64,0.6027,True
dce0fa5b-bab4-4d5f-9d0f-e18216f9cf98,item_not_received,groceries,upi,532.15,7,16,signed_confirmation,False,0.101,0.345,1,10,0.8861,True
3f524597-e965-4354-89af-5c33e204840e,item_not_received,digital_goods,wallet,7087.89,1,15,signed_confirmation,True,0.328,0.685,0,666,0.853,True
3557ebc7-a073-4a8a-9e3c-f8bf728c7580,duplicate_charge,electronics,card,781.52,2,20,delivered_no_signature,False,0.474,0.919,1,281,0.2672,False
b22771d1-455a-472c-8a4b-07640b496aca,item_not_received,electronics,card,1540.36,15,5,signed_confirmation,False,0.758,0.669,0,527,0.9202,True
901f7f2d-d788-4b92-8113-7455cdb9afc0,item_not_received,groceries,upi,596.8,3,3,not_shipped,True,0.59,0.401,0,85,0.0271,False
c664c1da-4184-4194-bf3e-225bda593e0b,subscription_not_cancelled,electronics,wallet,747.97,16,6,signed_confirmation,True,0.583,0.707,0,599,0.6999,True
bd19e63f-19a8-467c-8eb5-deef4427247a,duplicate_charge,beauty,card,844.53,7,8,delivered_no_signature,True,0.558,0.723,1,175,0.6274,False
aa1dcc5b-0d28-4388-b64f-b7459b0d2c0c,not_as_described,digital_goods,card,619.88,27,12,signed_confirmation,False,0.423,0.426,0,330,0.7165,True
b464ae51-15b0-481c-a194-e3ff64003d2b,fraud_card_not_present,beauty,card,692.71,5,2,signed_confirmation,False,0.723,0.807,0,857,0.5885,True
9214aed3-b571-4e82-a0cb-a5cb6b21c63a,item_not_received,digital_goods,netbanking,3234.7,7,3,signed_confirmation,False,0.608,0.292,0,8,0.9054,True
ec710c67-a1b2-42d9-967f-8e21632fd65d,item_not_received,electronics,upi,1127.84,22,12,in_transit,True,0.659,0.353,0,343,0.2323,False
c958a516-c194-432a-a81a-17d962a060bd,item_not_received,home_goods,wallet,1335.67,5,6,signed_confirmation,False,0.566,0.408,1,206,0.6686,False
a5cca082-ffec-479d-af19-092f53640309,not_as_described,electronics,card,719.06,1,2,signed_confirmation,False,0.351,0.702,2,87,0.5615,True
31ac8b75-7222-41cc-bb29-a5f486777f28,subscription_not_cancelled,home_goods,netbanking,3175.33,8,16,signed_confirmation,False,0.131,0.736,0,954,0.8898,True
058f07e3-cc6d-47a1-bd37-db75a18a3a32,item_not_received,apparel,upi,1586.05,12,19,not_shipped,True,0.311,0.439,1,121,0.2071,False
cbe4a624-0d2a-483c-8b19-cb85856c8828,item_not_received,groceries,netbanking,452.4,3,14,delivered_no_signature,False,0.427,0.441,0,354,0.7272,False
536df3fb-7fdb-4d75-88b4-a86dc7418eed,subscription_not_cancelled,digital_goods,wallet,345.52,11,17,delivered_no_signature,False,0.552,0.434,1,296,0.4212,False
226cf570-3e82-4cd4-a873-5565e9aa148b,item_not_received,beauty,card,429.2,5,18,in_transit,False,0.346,0.631,0,122,0.3326,True
12426235-7c5d-4b5a-aab2-4e971763146c,not_as_described,digital_goods,upi,1261.11,6,18,delivered_no_signature,False,0.502,0.357,0,219,0.4314,False
4a5a4c25-bc76-4f94-9f61-d2f95ecea7a6,not_as_described,groceries,card,1178.18,5,19,delivered_no_signature,False,0.656,0.404,1,372,0.4783,True
4f841032-7eea-4bb0-bf8a-714b6ef51650,item_not_received,beauty,wallet,1588.14,2,5,not_shipped,False,0.146,0.789,0,458,0.0737,False
de30be45-0b65-4eda-bd3f-84ec08f7f267,fraud_card_not_present,home_goods,card,635.73,6,15,delivered_no_signature,False,0.331,0.65,1,316,0.2651,False
4e1e52d9-6d1d-4995-a031-8e5d7f5070d7,item_not_received,home_goods,upi,1463.93,4,15,not_shipped,False,0.132,0.579,1,20,0.248,True
81bbb708-30fa-4ab5-b2ed-2bf29497ff20,item_not_received,apparel,upi,581.72,11,1,not_shipped,False,0.211,0.254,0,724,0.0315,False
11a0c07e-e5b1-40b4-a6cb-484af64a083b,duplicate_charge,apparel,card,308.89,59,4,delivered_no_signature,True,0.738,0.469,1,237,0.7944,True
1863f752-b128-4b08-a7ab-a58dc22ca040,subscription_not_cancelled,electronics,netbanking,794.2,5,14,delivered_no_signature,False,0.241,0.457,0,295,0.3617,False
f45199ac-506c-453d-871f-5c831d646ef1,subscription_not_cancelled,digital_goods,card,499.19,5,5,delivered_no_signature,True,0.404,0.876,0,38,0.5831,True
f4f8de5b-15d9-421b-9399-4799eacd8b6f,not_as_described,groceries,upi,739.64,1,11,delivered_no_signature,True,0.226,0.055,1,919,0.6077,False
eabd9b94-dfb3-4594-ab49-7b980150ef85,fraud_card_not_present,groceries,upi,808.11,2,3,signed_confirmation,True,0.37,0.252,0,53,0.6563,False
14d37032-73ab-419f-b9aa-1480fcbf42ae,item_not_received,home_goods,upi,1216.5,1,5,signed_confirmation,True,0.502,0.794,0,56,0.9204,True
79a150c7-94cc-4b29-be74-fc2b876e0bb7,item_not_received,groceries,wallet,292.49,22,3,signed_confirmation,False,0.579,0.954,0,789,0.8763,True
cf5c1359-abdc-4810-a4f4-3c675b2d2e4b,fraud_card_not_present,apparel,upi,1267.71,17,19,signed_confirmation,False,0.446,0.72,1,920,0.6528,False
3dbf19b3-c315-407c-b256-2348a07f383f,duplicate_charge,digital_goods,upi,2085.48,20,3,signed_confirmation,False,0.205,0.742,0,208,0.6704,True
3605058a-3a04-480a-b0fb-780c455cb4df,not_as_described,groceries,upi,1569.46,11,13,signed_confirmation,True,0.648,0.527,0,338,0.8137,True
b2899176-3ab7-4a97-8c31-8a33e0ccca6c,subscription_not_cancelled,beauty,card,341.23,5,15,signed_confirmation,True,0.841,0.681,0,732,0.4987,False
92c17e81-b882-4261-831a-ef8edaae1114,subscription_not_cancelled,apparel,card,605.51,45,7,delivered_no_signature,False,0.774,0.506,0,21,0.3365,True
f273eeab-6a77-49e6-ba8e-7159db538c88,fraud_card_not_present,apparel,netbanking,1128.78,6,18,signed_confirmation,True,0.727,0.67,1,721,0.7643,False
3ceb237f-6655-4026-861e-9f22a73999df,item_not_received,electronics,card,583.0,2,6,in_transit,False,0.397,0.759,0,6,0.3568,False
cb112032-eef6-4a79-81d2-e3444c61863a,item_not_received,electronics,upi,2099.54,3,3,signed_confirmation,False,0.66,0.478,2,360,0.5981,True
3eb0ad9e-c83b-4ee7-a4c2-6814fbc6c490,item_not_received,electronics,upi,898.93,3,13,in_transit,False,0.412,0.5,0,721,0.2731,True
d68919c7-7f38-40dc-a179-eea67f9c1993,not_as_described,groceries,wallet,1011.29,9,17,in_transit,False,0.74,0.322,0,108,0.3556,False
e6b3e807-e51f-414e-8c80-0540bcf5f1ed,fraud_card_not_present,digital_goods,card,529.69,8,20,signed_confirmation,True,0.742,0.832,0,161,0.8355,True
65a4d7f5-5fe1-4cfa-9f77-107b89e13f4d,item_not_received,beauty,wallet,1333.07,8,6,in_transit,False,0.509,0.737,0,143,0.265,False
cf548efb-a0ca-47a4-a862-f28648b108cb,duplicate_charge,beauty,card,635.91,1,21,signed_confirmation,True,0.924,0.836,0,426,0.5272,True
320a18d7-fde5-49f8-9910-acecefc83f26,fraud_card_not_present,groceries,upi,4881.5,3,15,in_transit,False,0.663,0.622,0,571,0.6085,False
a427efca-1d85-4828-a4ea-b6a492137584,item_not_received,home_goods,upi,668.74,5,8,signed_confirmation,True,0.216,0.764,0,37,0.6668,True
80664325-bb13-4379-891b-377a6932a499,subscription_not_cancelled,electronics,card,504.57,8,9,signed_confirmation,False,0.182,0.432,0,893,0.2841,False
d0c9ae77-371e-4582-b02d-8fd7aaa7071b,not_as_described,electronics,netbanking,281.22,12,11,delivered_no_signature,True,0.419,0.825,0,38,0.6496,False
5716071d-ef2a-428f-9ee7-c13e8afe2461,duplicate_charge,electronics,upi,523.93,20,3,in_transit,True,0.792,0.965,1,675,0.6477,False
1fcb0bde-b247-46cb-a8a3-39c9cce709c7,item_not_received,groceries,card,2108.45,3,15,signed_confirmation,False,0.181,0.694,0,55,0.813,True
51c70c71-e4cb-401d-a1e1-8ebaf9eb0e61,not_as_described,digital_goods,card,732.13,26,6,signed_confirmation,False,0.294,0.711,0,591,0.418,False
7d87c70c-e7eb-492e-b775-5b8c9340e201,fraud_card_not_present,digital_goods,card,1426.72,7,20,signed_confirmation,True,0.857,0.528,0,119,0.6447,False
be41e972-3029-4cd8-979f-a30d4ada06b1,not_as_described,home_goods,card,1619.28,7,17,delivered_no_signature,False,0.652,0.178,1,36,0.8306,True
47a77b56-6a13-410a-9aac-bbac13898d81,not_as_described,apparel,netbanking,877.86,4,14,signed_confirmation,False,0.51,0.591,1,425,0.4404,False
6939e110-4fab-452f-ab47-b1d5c75153c7,not_as_described,beauty,upi,462.81,41,12,not_shipped,True,0.103,0.607,2,1563,0.5245,True
2ed5c7d6-41f5-465c-aca0-dc10eb2f2ba1,fraud_card_not_present,beauty,card,58.14,1,19,signed_confirmation,True,0.402,0.298,0,293,0.7705,True
c676e490-4bc4-464e-a10f-0b1ab3e9c868,item_not_received,home_goods,netbanking,172.56,44,12,signed_confirmation,False,0.201,0.692,0,84,0.7758,False
1a59e6b4-b193-4e2c-a0fb-cbc0797e97f6,item_not_received,groceries,upi,489.97,6,10,signed_confirmation,False,0.765,0.654,1,701,0.9291,True
e395db0a-8506-4b77-90d7-40811df9989b,item_not_received,apparel,upi,2942.0,8,18,signed_confirmation,False,0.06,0.698,1,878,0.8543,False
cffb2d56-022c-4bb6-b00d-7c6e256536fc,duplicate_charge,apparel,upi,993.47,12,9,in_transit,False,0.563,0.609,1,260,0.6769,True
cc5a694b-f5fa-429f-8db4-fbaa4d2b92d6,duplicate_charge,groceries,upi,1377.26,4,4,in_transit,False,0.258,0.483,0,37,0.4227,False
776d8ef8-5551-4e06-9575-6e90d76bb296,not_as_described,home_goods,card,2640.8,3,7,signed_confirmation,False,0.133,0.761,2,988,0.8336,True
dcc8c1be-3152-4445-b96e-f73967394357,fraud_card_not_present,home_goods,upi,740.26,9,4,not_shipped,False,0.675,0.648,1,75,0.3568,True
c2568f4d-5888-458a-8853-8e84c4735a1f,item_not_received,digital_goods,upi,853.28,6,5,delivered_no_signature,False,0.431,0.365,1,20,0.6678,True
cdd868fe-75b8-480f-9b74-a2baed914a67,item_not_received,beauty,card,699.24,3,2,delivered_no_signature,True,0.756,0.398,0,93,0.6005,True
1264bf62-d598-4712-b55a-1b2e56a25417,duplicate_charge,apparel,upi,315.25,2,5,in_transit,False,0.928,0.81,3,98,0.4213,False
4a784dbe-8441-4b28-afb4-63eba534e0aa,duplicate_charge,digital_goods,card,943.8,14,11,delivered_no_signature,False,0.404,0.42,2,1510,0.7261,True
aaebbe52-23a0-4728-ba6c-d6e2af2b52c0,item_not_received,beauty,card,2450.26,3,21,signed_confirmation,True,0.445,0.8,1,1355,0.8901,True
1c012ba7-d4cc-4c4c-bfad-fa5675836a6f,not_as_described,home_goods,card,287.4,20,3,in_transit,True,0.872,0.564,0,121,0.6813,True
8bfafa7a-b10e-4050-bc32-a6f2554ece20,subscription_not_cancelled,groceries,upi,532.87,4,15,signed_confirmation,True,0.114,0.119,1,288,0.4432,True
71837d9e-649f-49bf-bea9-4c63d2ebab5e,item_not_received,beauty,upi,237.84,4,8,delivered_no_signature,False,0.489,0.172,0,383,0.4258,True
24c38c6a-3861-43e8-8a67-1faf39392dfa,item_not_received,digital_goods,wallet,1746.38,4,14,signed_confirmation,False,0.201,0.75,0,457,0.7846,True
7634aea0-548f-4f28-ad86-d2e191f13cc9,fraud_card_not_present,digital_goods,card,2166.4,1,13,signed_confirmation,True,0.353,0.453,0,526,0.3507,False
d168e4d7-51c6-48cb-b352-c58cb8816e83,fraud_card_not_present,beauty,wallet,744.36,1,11,signed_confirmation,False,0.283,0.559,1,935,0.2667,False
923751c5-8c3a-4fd3-a3a0-bfbf99f0fa0b,not_as_described,apparel,card,1290.86,19,11,not_shipped,False,0.079,0.589,0,495,0.1763,False
fab837eb-dac4-4a4b-bc56-48583975a9a4,fraud_card_not_present,apparel,card,213.99,5,14,signed_confirmation,False,0.421,0.912,2,49,0.4312,True
55c1ba96-b3b5-4b09-8543-dd1c94cbad12,item_not_received,beauty,upi,365.63,14,15,not_shipped,True,0.931,0.524,1,400,0.1465,False
8d522226-c1b9-4485-9a34-ccf09144cc5b,fraud_card_not_present,electronics,upi,425.85,1,8,in_transit,True,0.421,0.68,2,355,0.1726,False
2e48842c-df0b-47b5-adf4-9db09b03ed5c,fraud_card_not_present,beauty,netbanking,2817.91,3,1,delivered_no_signature,True,0.896,0.819,0,91,0.9197,True
2f0f1aff-209f-4b1b-8a6a-87126d4b7d12,fraud_card_not_present,home_goods,upi,576.84,12,21,delivered_no_signature,False,0.351,0.243,0,72,0.6348,True
e66d2a25-e240-4d5e-b469-8e147fdcd882,fraud_card_not_present,home_goods,card,280.87,20,13,signed_confirmation,True,0.427,0.35,1,1792,0.3044,False
b4751923-e4a0-46de-8f74-910d23a0efa2,item_not_received,apparel,upi,408.27,6,13,not_shipped,True,0.73,0.478,0,1131,0.0249,False
9c792ad9-0e7d-480b-b9dd-d3a5ae6c2ace,fraud_card_not_present,groceries,card,284.28,35,10,signed_confirmation,True,0.823,0.554,0,173,0.9001,False
8d349d3f-e248-4bcf-82a3-ecb963aa4b4c,item_not_received,home_goods,card,172.7,10,11,not_shipped,False,0.717,0.768,0,308,0.1932,True
c7b9d958-2fe6-4e79-8590-7b5f20d1319e,item_not_received,electronics,upi,1486.24,10,1,signed_confirmation,False,0.245,0.593,0,915,0.769,True
0479f394-024a-4f94-8183-c1fae666c763,fraud_card_not_present,home_goods,upi,2850.21,31,12,in_transit,False,0.54,0.258,0,832,0.2315,True
a045843b-5b7f-4a2d-85c5-8c913d7b5a84,not_as_described,digital_goods,card,700.82,37,2,signed_confirmation,True,0.718,0.482,1,218,0.7379,True
524fb3d9-ef6f-416a-9e49-6036127a7aa9,item_not_received,home_goods,wallet,788.27,3,2,signed_confirmation,True,0.406,0.705,0,52,0.8053,False
6b295361-7693-49a9-bd73-862c00bdac2f,not_as_described,groceries,upi,870.34,4,10,signed_confirmation,True,0.876,0.42,0,141,0.9257,True
8816d1da-df8d-4d81-8642-6404bcac281d,item_not_received,electronics,card,185.7,14,20,delivered_no_signature,False,0.533,0.87,0,121,0.5956,False
d901a749-4b2e-4fd4-8172-90aa9570ddbf,fraud_card_not_present,apparel,card,240.01,11,21,signed_confirmation,False,0.333,0.417,1,256,0.3219,False
bf7a942c-dd0f-4912-b899-4b0a80ab2ef9,fraud_card_not_present,electronics,netbanking,687.83,10,19,delivered_no_signature,False,0.73,0.597,0,1009,0.882,False
f5d42945-1406-48e5-8b70-79bb67402f85,item_not_received,groceries,upi,1465.57,7,8,delivered_no_signature,True,0.46,0.619,2,521,0.8442,True
f9563bcb-95f2-4e16-8d3d-e331583d85b6,not_as_described,electronics,wallet,944.24,19,5,not_shipped,False,0.09,0.809,0,185,0.3964,False
4a867b6b-ff11-4d15-a11e-0735f235b561,item_not_received,electronics,card,1007.04,4,10,signed_confirmation,False,0.353,0.856,0,223,0.4809,True
8f327ff7-6f81-45ae-8773-4156687ed283,not_as_described,electronics,card,2188.27,20,2,signed_confirmation,False,0.794,0.636,2,100,0.1717,False
54187051-8312-4012-8712-d27a92e8c2e3,item_not_received,groceries,card,7730.47,25,5,delivered_no_signature,False,0.579,0.411,2,114,0.5659,False
12ecd60d-3f09-4c8f-8797-d57b03b20e77,item_not_received,beauty,upi,1267.14,3,15,signed_confirmation,False,0.516,0.405,1,136,0.794,True
21aaee94-0364-4df2-b26a-67b49a721bbf,subscription_not_cancelled,digital_goods,card,1715.77,20,14,delivered_no_signature,True,0.533,0.818,1,381,0.8304,True
0831c992-2b31-4254-8c31-f801a2c030f2,duplicate_charge,apparel,upi,730.61,3,1,not_shipped,False,0.484,0.469,0,177,0.6598,True
becd1a98-a9b8-4d7c-8807-21de9038ac85,item_not_received,groceries,card,792.28,3,9,delivered_no_signature,True,0.569,0.524,2,28,0.7864,True
359c0fc4-016f-41d1-90cf-59a8f08409e1,fraud_card_not_present,electronics,upi,4569.36,2,11,in_transit,True,0.576,0.843,0,406,0.6443,True
87ffc74a-0635-4890-bd79-e05b64179dfb,duplicate_charge,beauty,card,1867.55,9,1,not_shipped,False,0.527,0.658,0,763,0.397,False
b25b8214-6bb0-42be-9903-405d5836574f,fraud_card_not_present,groceries,netbanking,1052.8,1,5,delivered_no_signature,False,0.251,0.668,0,119,0.2491,False
dcf7baa9-c151-4d72-9d30-e39c52333a33,not_as_described,groceries,card,169.49,22,20,in_transit,False,0.56,0.576,0,172,0.3975,True
b096f0f0-eb7e-4d46-8618-1a71932c30fe,not_as_described,apparel,card,5538.49,38,4,delivered_no_signature,False,0.823,0.442,1,567,0.4759,False
486d2dc0-7d24-4dc1-8a0c-1c047a0416ff,subscription_not_cancelled,groceries,card,573.78,3,13,delivered_no_signature,True,0.468,0.375,0,57,0.4691,False
c5cbe3fb-9938-46df-9f53-22da103725f5,not_as_described,groceries,card,256.09,11,1,delivered_no_signature,False,0.42,0.656,0,630,0.4702,True
57482d6e-4d42-438b-a8d5-d2f6990501cc,not_as_described,apparel,card,8070.61,4,18,delivered_no_signature,True,0.406,0.332,1,490,0.2649,False
bd0ed13a-f547-45e4-b4ef-7514a89b0841,item_not_received,apparel,upi,1233.53,11,15,in_transit,False,0.248,0.384,1,19,0.5434,False
2225aa27-16dd-4542-b798-bec35c384be3,item_not_received,beauty,card,629.33,10,18,signed_confirmation,True,0.952,0.66,0,73,0.7123,True
52f2c87c-0e5f-4da5-9743-0f3b13335b17,item_not_received,digital_goods,card,485.54,13,16,signed_confirmation,True,0.674,0.705,1,45,0.6096,True
4418f695-1b3c-4a1c-a883-76b3ad80945e,not_as_described,apparel,card,312.48,1,14,delivered_no_signature,False,0.67,0.438,0,806,0.4343,False
dcd288b2-47ae-4062-a74a-fc5121580438,item_not_received,groceries,wallet,7354.26,20,1,delivered_no_signature,False,0.382,0.568,2,146,0.4429,True
e7ca0771-218c-4c5a-a349-346bfd64140e,subscription_not_cancelled,groceries,card,348.71,22,9,signed_confirmation,True,0.568,0.484,1,486,0.7736,True
eab77b8b-5f90-433a-a22b-a4b9e309c7b0,not_as_described,digital_goods,wallet,1411.18,9,7,not_shipped,True,0.515,0.462,1,300,0.7228,False
1a6da635-e234-417e-abd7-804fcde7d5bf,fraud_card_not_present,beauty,card,982.36,2,15,signed_confirmation,False,0.499,0.913,1,96,0.6058,True
68f42098-fb15-4a54-81ce-d5b939b0eada,item_not_received,beauty,card,731.32,8,3,delivered_no_signature,False,0.75,0.835,0,73,0.866,True
9313f6b8-2813-4403-b036-028514ff7e98,item_not_received,home_goods,card,1470.5,13,5,signed_confirmation,True,0.339,0.568,1,248,0.7894,True
e0730000-c252-4bad-a7ef-f1c694b62995,subscription_not_cancelled,digital_goods,wallet,1018.53,1,13,delivered_no_signature,True,0.905,0.392,0,347,0.3889,False
9417161e-c236-4970-9ef0-6fb2f2ed819d,fraud_card_not_present,digital_goods,wallet,2363.26,18,7,delivered_no_signature,True,0.137,0.361,0,99,0.1624,False
f2f664a4-0211-4c22-86be-28222bf6ffbc,not_as_described,electronics,upi,623.33,29,12,signed_confirmation,False,0.138,0.666,2,367,0.3682,True
409a598d-9fa2-4d48-a107-d89dfe95c10d,not_as_described,electronics,upi,561.82,2,14,signed_confirmation,True,0.438,0.88,0,47,0.8989,True
fbcd8d43-96ac-44c4-947a-362696261fa5,not_as_described,digital_goods,netbanking,2308.88,2,12,delivered_no_signature,False,0.696,0.558,0,167,0.7067,False
2ccaca1c-720c-4e98-8062-dad7cc42acef,item_not_received,digital_goods,upi,1931.03,1,21,delivered_no_signature,True,0.268,0.882,0,373,0.6961,True
05004223-6946-4280-8741-867aacad15c9,item_not_received,groceries,card,1195.46,35,5,signed_confirmation,False,0.208,0.712,0,41,0.6539,True
ef2c163f-20b1-4a8c-b83d-975b1ddbe638,subscription_not_cancelled,apparel,netbanking,804.02,16,19,not_shipped,True,0.082,0.818,1,118,0.557,True
86f1e72b-b280-420e-88ff-2ddc76dc4f40,item_not_received,electronics,netbanking,4660.43,14,2,signed_confirmation,True,0.285,0.382,0,1008,0.9408,True
81095f49-205a-4036-ab2f-27b768ab14e9,not_as_described,electronics,card,669.45,7,4,delivered_no_signature,True,0.201,0.72,1,678,0.6734,False
b2b28531-a4bf-447b-8d87-f12484b8c3a6,item_not_received,beauty,card,884.47,7,12,in_transit,True,0.902,0.842,1,211,0.4407,True
8db2896e-da70-4848-a16a-670bc17fb43a,fraud_card_not_present,apparel,card,1168.11,13,19,delivered_no_signature,True,0.687,0.81,1,169,0.1803,False
550f8a45-6fbc-4e7e-9fea-c4b9b6f3fa32,subscription_not_cancelled,groceries,card,3360.27,32,7,not_shipped,False,0.815,0.641,0,746,0.3555,True
41ec4e1e-2356-4006-8ea5-2151b2f75406,fraud_card_not_present,beauty,card,118.16,30,5,delivered_no_signature,True,0.573,0.422,1,213,0.3918,False
8a966a31-50ce-454f-9744-28969605b046,not_as_described,apparel,upi,719.48,3,21,in_transit,False,0.539,0.709,1,514,0.8503,True
5f1ceb56-ec52-484b-8121-77ec80a5ae3c,duplicate_charge,beauty,netbanking,5096.01,3,5,signed_confirmation,True,0.615,0.38,0,238,0.6509,True
ba97765a-d31a-4503-aa6f-b0d680efb639,fraud_card_not_present,electronics,upi,1356.55,14,10,signed_confirmation,True,0.248,0.654,0,962,0.3981,True
8e634a23-1573-491f-98fb-daa74e201de3,fraud_card_not_present,apparel,upi,295.11,12,7,delivered_no_signature,False,0.943,0.462,0,7,0.6811,False
e81fff8b-9b27-4219-89a9-2ca8201ede66,duplicate_charge,groceries,wallet,351.22,11,7,signed_confirmation,False,0.673,0.531,0,397,0.7828,True
93bbd462-f947-482b-9b37-b37140c4863e,fraud_card_not_present,home_goods,upi,506.22,11,6,in_transit,True,0.499,0.897,1,256,0.2379,False
e3abe2d9-be48-426f-b419-a16791a681da,fraud_card_not_present,beauty,card,269.39,15,17,in_transit,False,0.446,0.232,1,1285,0.1993,True
4d341c2e-fd2f-42cf-b96f-d20e6dfcb7c4,fraud_card_not_present,digital_goods,card,420.54,1,19,in_transit,False,0.427,0.548,1,614,0.1646,False
f0110447-2d48-4772-903a-d48725dcab0b,duplicate_charge,digital_goods,card,387.81,1,6,signed_confirmation,False,0.904,0.683,1,33,0.7036,True
3af60e5f-2c26-4b7d-aabf-8be75b509c69,subscription_not_cancelled,digital_goods,netbanking,1060.94,2,10,signed_confirmation,True,0.248,0.76,0,151,0.5589,True
264b5e4b-88c1-4082-95e7-960dfdd39d9d,item_not_received,apparel,wallet,345.65,13,1,signed_confirmation,True,0.668,0.567,0,334,0.8603,True
429c6835-0d1e-46dd-89ed-72b737d8731c,duplicate_charge,digital_goods,card,423.2,41,17,signed_confirmation,False,0.406,0.542,1,86,0.3882,True
668eab60-9ce8-4095-b179-4d3fe205c93b,item_not_received,beauty,card,1064.2,5,20,signed_confirmation,False,0.622,0.151,1,158,0.55,False
2dd5d574-18f4-4bc5-9b39-ea4f55c3b94c,not_as_described,electronics,netbanking,678.62,2,15,signed_confirmation,True,0.76,0.268,2,721,0.5397,False
52af2ea1-69bd-4dc1-8555-68feb1b2016a,duplicate_charge,electronics,upi,433.57,2,1,signed_confirmation,True,0.46,0.561,0,7,0.9324,True
9369d679-dda3-42e3-9849-0b13074f3582,item_not_received,electronics,upi,1596.97,3,4,delivered_no_signature,True,0.794,0.694,0,37,0.8256,True
1a1e4986-9c7a-46d3-9981-5559c4f64608,not_as_described,beauty,card,516.48,5,5,not_shipped,True,0.328,0.497,1,170,0.6837,True
67078d7e-4fad-47de-bafe-af2d9b67f322,item_not_received,home_goods,card,1255.36,12,2,not_shipped,True,0.373,0.283,1,508,0.1088,False
61990697-9a1f-43ce-bfda-1a2054843c9e,item_not_received,electronics,card,229.89,10,8,delivered_no_signature,False,0.599,0.59,0,201,0.7337,False
9414e0c4-3b06-42d3-baf5-500bbc012d2f,not_as_described,apparel,card,1320.44,11,2,not_shipped,False,0.563,0.452,1,319,0.2242,False
3adcca03-1cce-4030-b88f-5babfeef58d4,fraud_card_not_present,home_goods,card,549.57,22,16,signed_confirmation,True,0.128,0.338,0,77,0.47,True
750349c7-ed2d-4383-b7ba-09b57270197f,duplicate_charge,groceries,upi,5725.51,2,13,in_transit,True,0.666,0.617,0,154,0.4939,True
e8c7cee0-e3eb-416e-918f-648208fe1433,not_as_described,apparel,upi,333.76,9,13,signed_confirmation,False,0.539,0.674,0,25,0.1954,False
80ee227e-73bc-4c49-bda0-afc085261964,not_as_described,apparel,card,135.06,12,2,signed_confirmation,False,0.85,0.77,1,28,0.2477,False
318065f1-5239-410d-8e9e-843a25d174ce,not_as_described,digital_goods,card,413.17,3,1,signed_confirmation,False,0.406,0.775,0,262,0.3389,False
a9ad1e99-30f3-4956-89bb-cf2f99708d16,not_as_described,digital_goods,netbanking,1228.02,9,20,in_transit,False,0.825,0.9,1,82,0.2768,False
6cb1bdb9-d9ed-4f2b-9df3-849512a104d6,item_not_received,digital_goods,card,1313.24,9,21,signed_confirmation,True,0.853,0.96,1,303,0.8786,True
3b30a17d-f719-4318-a1f5-ae5e5999237a,subscription_not_cancelled,electronics,upi,524.8,6,21,signed_confirmation,True,0.506,0.67,0,353,0.6512,True
6c7c3c1a-78a5-4b5c-84ae-51b754109a1e,not_as_described,apparel,card,433.61,17,17,in_transit,False,0.676,0.877,0,474,0.9178,True
92766d0d-d434-4124-a7cf-cbe12faf4374,fraud_card_not_present,electronics,upi,548.18,8,5,signed_confirmation,False,0.289,0.554,0,273,0.3097,True
53f8da9a-27f1-4500-896f-9d7b696b397f,not_as_described,home_goods,card,6759.81,7,8,signed_confirmation,False,0.658,0.466,0,490,0.5003,True
e3d3cd80-5d46-4135-8a59-65f668d72e76,item_not_received,groceries,upi,881.93,5,12,signed_confirmation,True,0.334,0.683,0,1218,0.8455,True
99cbc6de-eab2-47f2-a497-5d91f03e5670,item_not_received,digital_goods,card,356.52,7,20,signed_confirmation,True,0.182,0.828,1,193,0.9284,False
346748be-3c6a-461e-88a6-6fcfa2981d9f,duplicate_charge,electronics,netbanking,5805.93,3,2,signed_confirmation,True,0.627,0.799,2,26,0.6637,False
57bd35dc-4436-4d4a-a0f1-dde7c1ed3538,fraud_card_not_present,apparel,card,1497.81,17,18,delivered_no_signature,True,0.832,0.407,0,217,0.8998,True
fc042225-2a1a-4efe-a5c2-7af13be7a526,fraud_card_not_present,beauty,card,2835.34,1,2,signed_confirmation,False,0.754,0.628,2,13,0.1366,False
ff112e82-78a3-4fb4-a909-c47a4fe71a3c,fraud_card_not_present,home_goods,upi,2167.08,5,2,signed_confirmation,False,0.241,0.725,0,624,0.4348,True
373bdba9-7332-4543-bbdc-41a32b6d0944,fraud_card_not_present,apparel,card,691.98,2,21,delivered_no_signature,False,0.705,0.655,0,12,0.4847,False
8001b8e5-b0a2-48cc-aa59-03ddb3a78c31,fraud_card_not_present,digital_goods,card,506.75,16,4,in_transit,False,0.45,0.763,0,437,0.4013,False
5607293e-54a6-4ad6-9c2a-371cf6cc09e9,not_as_described,groceries,upi,231.47,8,8,signed_confirmation,False,0.787,0.599,0,97,0.3449,True
d4b43441-7809-4899-87c8-dcbb85f7b572,duplicate_charge,home_goods,wallet,461.05,43,15,in_transit,False,0.488,0.729,0,342,0.4678,False
e42d3fe6-85f3-4482-811a-cfb13bcc10ad,not_as_described,electronics,upi,700.67,10,11,signed_confirmation,False,0.243,0.736,0,287,0.2814,False
4cefc035-23c8-4917-960f-56c935a68931,item_not_received,apparel,card,644.94,4,14,signed_confirmation,False,0.291,0.711,0,21,0.9757,True
c8fdb6fd-38dd-4302-8240-94650c0f0963,duplicate_charge,electronics,card,644.75,14,13,delivered_no_signature,False,0.297,0.554,0,200,0.425,True
878b56ab-f992-4c92-b771-afa9643a2158,subscription_not_cancelled,apparel,upi,1657.67,16,15,signed_confirmation,True,0.58,0.515,1,205,0.6573,True
a2751a77-2924-477f-8f6c-7fddc00503ad,not_as_described,beauty,netbanking,2555.55,14,9,signed_confirmation,True,0.413,0.196,0,87,0.7455,True
fc3c82fe-aea6-4031-a8b8-8e422c613020,subscription_not_cancelled,electronics,upi,522.41,5,5,signed_confirmation,True,0.693,0.468,1,74,0.7728,False
711cdb1d-a560-4d63-887a-6b9d78bbf1ea,item_not_received,electronics,card,10413.29,3,9,signed_confirmation,True,0.731,0.379,0,724,0.8846,True
67aaae95-799c-4225-88d0-130e1e4422ad,fraud_card_not_present,electronics,wallet,2053.44,18,12,signed_confirmation,False,0.539,0.546,2,34,0.3982,True
4ea85f0a-b63c-40b0-8486-7daa24c29c71,duplicate_charge,home_goods,wallet,959.04,2,13,in_transit,False,0.429,0.79,0,481,0.3821,True
81625107-7571-485a-9d64-470f562bade8,item_not_received,beauty,card,1382.5,4,18,in_transit,False,0.562,0.554,1,443,0.3567,False
c4d1143e-e74c-4650-86e5-1a2b4294122a,subscription_not_cancelled,groceries,card,1851.27,21,3,delivered_no_signature,True,0.749,0.585,0,128,0.2988,True
5284fa1f-9b26-4788-ba38-4d548b08224b,not_as_described,electronics,netbanking,570.8,15,7,signed_confirmation,False,0.41,0.647,0,756,0.5592,True
34d33511-3686-4fe2-a18f-beba87f8efe0,item_not_received,digital_goods,wallet,765.54,2,7,signed_confirmation,False,0.469,0.126,1,104,0.9007,True
cfdbb121-a46d-42de-bc48-dc3c3dcbeb47,item_not_received,electronics,card,475.65,3,20,in_transit,False,0.388,0.605,2,353,0.2332,False
7a4154ef-2ff2-4fdd-9632-ec01a96e8bb6,not_as_described,groceries,card,436.65,4,18,in_transit,True,0.695,0.675,1,308,0.1078,False
640ec02b-dbbc-4c4f-a61c-62d1ac9b6a0e,item_not_received,electronics,wallet,1120.11,3,14,delivered_no_signature,True,0.205,0.802,3,62,0.5448,True
d717e5cf-64c5-4a4f-8571-cebd9f23bbd0,not_as_described,electronics,upi,364.01,1,15,signed_confirmation,False,0.495,0.491,0,386,0.2734,True
39e15054-6be5-4279-b5a1-68570889976b,not_as_described,beauty,upi,565.44,1,17,signed_confirmation,False,0.877,0.753,0,250,0.4954,False
29172d2f-054b-4d76-86e5-cd01d2c6dd81,fraud_card_not_present,groceries,upi,564.91,13,6,signed_confirmation,True,0.605,0.595,0,1147,0.6241,True
4cd9920f-fd1a-44d6-8a37-46d711e063ba,not_as_described,digital_goods,card,6037.24,14,17,signed_confirmation,False,0.533,0.622,0,183,0.63,True
c31236f2-2d75-4f63-8bcd-9fc1176bd3c9,duplicate_charge,apparel,upi,423.06,5,17,delivered_no_signature,False,0.233,0.371,2,480,0.8751,True
616da3d2-408f-4d36-b34f-91d43b582fb1,subscription_not_cancelled,home_goods,card,1251.65,4,13,not_shipped,True,0.541,0.61,1,159,0.894,True
1517a7df-09fc-473e-9c05-94bc7fa95cf7,item_not_received,apparel,upi,911.81,12,13,delivered_no_signature,True,0.594,0.263,0,220,0.7714,False
eca4afc6-1fb5-489b-8e12-02449f2fe8ae,duplicate_charge,groceries,card,508.4,20,6,in_transit,True,0.45,0.883,0,252,0.8103,True
1cfccc78-81c4-4a7c-b7f2-34ddb2783e44,subscription_not_cancelled,groceries,upi,135.92,18,4,in_transit,False,0.064,0.876,1,19,0.3682,True
02029503-a43f-4efa-a123-a73edcde2af9,item_not_received,home_goods,upi,367.62,12,8,delivered_no_signature,True,0.435,0.615,0,374,0.3459,False
48498478-cb4c-4f29-9d9c-f39c6d7ded7f,item_not_received,apparel,upi,566.48,3,9,signed_confirmation,False,0.894,0.878,1,956,0.841,True
b98440b8-5d57-4c66-a6ee-9bc5c3d08f3e,item_not_received,apparel,card,485.15,6,13,delivered_no_signature,False,0.69,0.662,0,134,0.1198,False
b866787c-f0bf-473b-8179-8126b679b361,not_as_described,beauty,upi,4860.17,18,3,signed_confirmation,False,0.37,0.275,1,97,0.326,False
bc3834e7-661d-4ead-9bd8-a66c85ad9c4d,item_not_received,groceries,netbanking,2130.2,3,10,signed_confirmation,True,0.43,0.377,1,72,0.8888,True
d85477f2-9b0f-44ec-b9bb-5c2229606439,fraud_card_not_present,apparel,wallet,1279.39,17,12,signed_confirmation,False,0.106,0.665,0,884,0.2028,False
23dfc30f-c80f-4fb6-8b7e-26f91ab0e21d,not_as_described,apparel,netbanking,881.56,33,14,signed_confirmation,True,0.722,0.822,0,759,0.9492,False
36447a0b-e477-4a1c-aa7b-9b4da7299112,subscription_not_cancelled,beauty,card,506.95,39,13,delivered_no_signature,False,0.614,0.596,0,645,0.4242,True
61381a32-406f-41d2-b4ed-8c640a40346a,duplicate_charge,home_goods,netbanking,1216.1,4,11,in_transit,False,0.288,0.295,3,655,0.6983,True
1cbfb971-60f9-4d3e-b4f8-19d7305a3f7c,fraud_card_not_present,electronics,card,1088.52,2,6,delivered_no_signature,False,0.625,0.93,1,45,0.2309,False
5303e666-80a7-483e-befc-c7eab5d05481,not_as_described,electronics,netbanking,409.41,21,7,not_shipped,False,0.592,0.514,0,181,0.1973,False
2927df9f-46a0-487a-bf8a-82c3fd8fee69,fraud_card_not_present,digital_goods,upi,1014.76,10,17,signed_confirmation,True,0.479,0.605,1,421,0.4574,False
0946c294-929c-4b98-8cdf-a8afded61472,item_not_received,electronics,netbanking,232.21,19,15,signed_confirmation,False,0.342,0.412,0,594,0.4348,False
581322bd-ed55-4442-baf3-d5fefd034704,duplicate_charge,electronics,upi,388.62,2,2,signed_confirmation,False,0.241,0.302,0,141,0.6669,True
0026eb01-ff2d-4056-bee5-8e3b301828d1,fraud_card_not_present,digital_goods,wallet,4502.1,3,14,signed_confirmation,True,0.252,0.799,0,105,0.6167,True
a3e15520-2613-4822-bef2-27ed1b582e11,subscription_not_cancelled,beauty,upi,905.26,11,20,delivered_no_signature,False,0.9,0.554,2,476,0.3877,True
ff3e4f36-b27d-4a70-84e2-948c39239736,subscription_not_cancelled,home_goods,card,2472.1,13,13,signed_confirmation,True,0.073,0.733,1,604,0.3358,True
f71a4f35-be8c-4411-98aa-98cac9e5317a,duplicate_charge,beauty,upi,654.32,1,17,signed_confirmation,False,0.491,0.436,1,232,0.5604,False
1b2df594-b7f6-431d-b0ef-4bcc38747498,item_not_received,apparel,card,573.01,25,2,signed_confirmation,False,0.672,0.414,0,274,0.3844,False
5ec35f27-5f19-4a85-8925-623db6eb5917,item_not_received,groceries,netbanking,1574.58,1,1,delivered_no_signature,True,0.787,0.828,2,179,0.582,True
9b7c08f2-ac54-4c20-a9cf-dac7f0e7c12a,not_as_described,beauty,netbanking,250.87,9,19,not_shipped,False,0.752,0.467,0,296,0.5403,True
a27b71c2-fba1-4801-9bb2-b5a975a4c1ba,not_as_described,groceries,upi,1794.1,26,20,signed_confirmation,True,0.762,0.366,2,113,0.1867,False
f260be9d-49a7-4620-a59f-133955ef986e,item_not_received,digital_goods,card,501.07,63,2,in_transit,False,0.195,0.628,2,154,0.0927,False
774801a7-dbe5-41c5-b4bc-596d7f89839c,not_as_described,beauty,upi,138.05,26,5,signed_confirmation,True,0.389,0.576,0,526,0.3865,False
be7225d1-ea8a-4d71-94a8-2bce6621f15b,fraud_card_not_present,electronics,card,540.85,19,19,delivered_no_signature,True,0.306,0.758,1,322,0.8284,False
47397e21-f841-44f9-b7a8-bd9bdf3a558b,fraud_card_not_present,apparel,netbanking,1609.7,1,19,in_transit,True,0.512,0.476,1,900,0.4098,True
f39e5699-d2e5-4196-bc6b-b1ab290c48bd,fraud_card_not_present,home_goods,upi,2213.66,14,14,delivered_no_signature,False,0.504,0.869,1,34,0.5651,True
375b27da-5caa-4e5a-b2d7-b42c37650a45,not_as_described,beauty,card,2069.52,3,15,in_transit,False,0.742,0.634,1,67,0.6737,True
7c783edc-e421-4c0b-acb3-cd12ae209fc7,subscription_not_cancelled,apparel,card,1058.27,12,12,delivered_no_signature,False,0.338,0.887,0,126,0.3157,True
acfcb7f4-2dbd-4615-9b37-1fec3018318d,item_not_received,apparel,wallet,7045.41,7,19,delivered_no_signature,True,0.56,0.309,0,809,0.9217,True
38ff1c82-153d-45bf-9514-9d2eef350b77,fraud_card_not_present,home_goods,wallet,562.06,7,15,delivered_no_signature,True,0.16,0.252,0,90,0.4086,False
7ded5bd0-6f37-4005-8c1c-23fb66f237d7,fraud_card_not_present,home_goods,upi,3983.95,4,1,signed_confirmation,True,0.668,0.704,1,1164,0.3921,True
ee6973d2-b66a-4e95-9178-261415b0a07d,duplicate_charge,electronics,card,976.84,28,1,signed_confirmation,True,0.563,0.762,1,877,0.5401,False
0dd77d90-bbcb-46c6-bb94-80bbb4159969,item_not_received,digital_goods,card,1801.84,11,7,not_shipped,False,0.945,0.482,1,20,0.1035,False
cf348b55-cc07-4eb3-9179-e3def07dc894,not_as_described,electronics,upi,2545.16,4,1,signed_confirmation,False,0.669,0.643,0,385,0.5096,True
4aaf576e-8c67-4b46-ba45-94d5ff150adf,item_not_received,electronics,netbanking,171.39,3,11,signed_confirmation,False,0.233,0.486,0,38,0.8703,True
b8a20bea-5177-4329-81de-99df2dc175b2,item_not_received,digital_goods,upi,1717.05,34,8,signed_confirmation,True,0.25,0.551,2,237,0.814,True
5813dae5-ab7f-4371-accf-dbcc117add7c,fraud_card_not_present,digital_goods,upi,1182.0,2,11,delivered_no_signature,False,0.176,0.687,1,149,0.4138,True
746f4dcd-8bfc-4773-ba77-f0dd4ad4265e,item_not_received,digital_goods,card,233.6,13,3,signed_confirmation,True,0.115,0.762,0,12,0.7856,True
09690201-42f5-40e1-aa0a-bb43beef49a1,item_not_received,digital_goods,card,1114.91,1,7,delivered_no_signature,True,0.208,0.384,1,486,0.8379,True
94aebc55-70cb-4662-b20d-f552de79995d,not_as_described,digital_goods,upi,1257.44,2,1,signed_confirmation,False,0.648,0.672,2,76,0.5659,False
1cf69306-edf1-43f8-891a-2d8027ea4071,fraud_card_not_present,digital_goods,card,454.24,1,2,signed_confirmation,False,0.795,0.915,0,565,0.58,True
ea59e472-dbad-4a24-859a-a8e69b775c4b,not_as_described,apparel,card,655.94,17,18,in_transit,True,0.161,0.694,1,1980,0.836,True
799517e9-d9c4-465a-92e0-3a494e5733f6,fraud_card_not_present,groceries,card,783.67,17,13,signed_confirmation,False,0.656,0.463,0,309,0.508,True
4928f536-518b-4a2b-8fbf-08b4f082482b,fraud_card_not_present,groceries,card,757.59,16,12,signed_confirmation,False,0.646,0.494,0,264,0.7904,True
9475caeb-a4a2-42a3-a80a-a7c89f576c43,item_not_received,apparel,card,1313.24,15,17,signed_confirmation,True,0.5,0.625,1,31,0.9459,True
b3790947-5e97-41f5-b0e1-b8e1c9b6a42a,subscription_not_cancelled,digital_goods,netbanking,956.25,11,20,delivered_no_signature,False,0.64,0.878,1,5,0.1294,True
7c0fc5fb-9529-41ef-83cc-d91c607806b3,duplicate_charge,electronics,upi,314.84,6,18,in_transit,False,0.375,0.382,0,508,0.9298,True
af3c90ec-57eb-41c0-80d4-4823a02c2c7c,not_as_described,apparel,netbanking,967.4,22,20,signed_confirmation,False,0.134,0.738,1,1301,0.4252,False
8adc4e1b-6a98-47db-9f55-e0a727c5cdf4,item_not_received,digital_goods,upi,2390.19,14,2,signed_confirmation,False,0.664,0.524,1,209,0.8502,False
53e1cecc-b749-4df7-bd70-ee4d700e1504,fraud_card_not_present,home_goods,card,2039.97,7,7,signed_confirmation,False,0.235,0.608,0,688,0.3078,True
884c6007-4c78-4642-8886-ec9924e9fb10,not_as_described,electronics,upi,716.06,8,9,in_transit,False,0.791,0.791,0,238,0.5566,True
77087bc9-5645-417a-b859-99c67f9c0a10,fraud_card_not_present,beauty,wallet,830.13,25,21,signed_confirmation,False,0.283,0.765,1,216,0.298,False
52018159-81b3-49c7-a544-04e60b9456f4,fraud_card_not_present,beauty,upi,400.15,5,16,delivered_no_signature,False,0.746,0.874,0,380,0.9074,True
d15b582b-0924-4408-83fe-7011a594b05e,item_not_received,home_goods,upi,621.73,17,21,signed_confirmation,True,0.511,0.685,1,437,0.8898,False
3c52016f-c123-4f11-91ea-6810b3f4412a,item_not_received,electronics,netbanking,3092.22,1,2,signed_confirmation,False,0.414,0.394,1,72,0.894,True
78179207-feab-44a2-967a-efdf47c19417,item_not_received,electronics,card,377.73,17,7,in_transit,False,0.654,0.762,0,291,0.4176,False
1c984eaf-2734-4e1b-9a8f-1e5f5fc57ca8,fraud_card_not_present,apparel,card,145.71,16,10,signed_confirmation,True,0.642,0.434,2,367,0.5033,True
d791a098-03ef-4f00-bf13-7a7bc00516f7,not_as_described,apparel,upi,308.15,1,8,signed_confirmation,True,0.725,0.877,0,124,0.969,True
27bae730-1b71-4356-bf5a-6d2b0be6eb0c,fraud_card_not_present,groceries,card,2265.88,7,19,delivered_no_signature,False,0.504,0.208,0,683,0.4835,True
0eccf143-d00e-40ee-aea6-cd5d0eead9c5,not_as_described,beauty,card,1128.05,25,4,not_shipped,True,0.335,0.598,0,546,0.3386,False
5f7c8bad-8e43-4efa-bdf6-3744add328cf,fraud_card_not_present,apparel,upi,1252.62,4,16,in_transit,True,0.814,0.257,1,586,0.396,True
94620d5f-b217-4301-b6ab-2540314feb6d,fraud_card_not_present,beauty,upi,2476.15,7,3,signed_confirmation,False,0.121,0.469,0,144,0.166,False
a519a82b-e487-49f4-9232-9534e484f6cd,item_not_received,groceries,netbanking,250.91,1,19,delivered_no_signature,False,0.726,0.301,0,142,0.7559,True
3eebebc6-3fae-443c-baef-b1b2c08cbfbe,not_as_described,digital_goods,upi,730.23,20,15,not_shipped,False,0.754,0.397,0,110,0.3018,False
9a516844-b834-4866-9b95-d6c8f6d5604b,fraud_card_not_present,apparel,upi,335.97,13,15,delivered_no_signature,True,0.191,0.511,1,41,0.0831,False
6f608052-539e-49c5-90dd-102db1d37003,not_as_described,electronics,upi,3041.99,2,17,in_transit,False,0.438,0.673,0,112,0.2889,False
a67fd6f1-e6d7-468d-b273-fcf85b9e1329,item_not_received,electronics,card,3744.01,28,18,signed_confirmation,False,0.535,0.769,0,879,0.8198,True
5ce6f3a8-254b-47ad-9f41-159b14c91da6,duplicate_charge,groceries,upi,912.94,8,16,delivered_no_signature,True,0.394,0.187,1,73,0.8608,True
b5e44a8a-c316-4709-bbf3-9e23a3f7fca5,duplicate_charge,digital_goods,wallet,944.79,5,21,delivered_no_signature,False,0.882,0.552,0,111,0.299,False
4262816d-2336-477e-b40a-d2918d192f4c,item_not_received,groceries,card,745.34,2,14,delivered_no_signature,False,0.859,0.475,0,375,0.8239,True
a13576fa-fe21-4b01-9140-b8d8c16f0bc5,item_not_received,beauty,netbanking,864.99,8,17,in_transit,False,0.958,0.459,0,137,0.5169,False
ce19681b-616b-4c91-ae39-308e4219ea0e,not_as_described,digital_goods,netbanking,793.9,1,10,signed_confirmation,True,0.028,0.314,0,96,0.42,True
27e78068-fa59-47b8-9fa6-8476aa4883b2,item_not_received,groceries,netbanking,2589.44,37,19,delivered_no_signature,False,0.729,0.132,1,831,0.5199,False
4cf09daa-0b43-4431-9e22-c232828d8c26,not_as_described,groceries,upi,744.36,47,16,in_transit,False,0.093,0.399,1,163,0.3359,False
a90674b0-cd11-4425-a804-ea229b466e62,duplicate_charge,electronics,card,49.78,6,16,in_transit,False,0.68,0.608,1,205,0.5926,False
33f266fc-727d-4d06-b239-e5584bea6e99,item_not_received,beauty,upi,545.55,2,10,signed_confirmation,True,0.518,0.535,1,454,0.8291,True
c3f7e6ce-c334-46e4-8657-4a570cecfe08,item_not_received,beauty,upi,580.81,4,3,delivered_no_signature,False,0.181,0.697,0,644,0.7285,True
23a752a8-6411-4d5d-a9d2-e34e33d1377e,fraud_card_not_present,groceries,card,144.38,8,13,signed_confirmation,False,0.308,0.705,0,205,0.5943,True
438e4dc2-8c40-4849-89dc-fb6e470623b8,fraud_card_not_present,electronics,card,787.59,7,17,signed_confirmation,True,0.746,0.884,1,501,0.6285,False
eec7c15d-a7b2-4041-9245-4f93bd9acbf1,not_as_described,apparel,upi,732.88,10,5,signed_confirmation,False,0.399,0.314,0,29,0.448,True
1b1ec373-3779-4bcd-b757-42820a4250d3,item_not_received,electronics,upi,526.19,3,15,delivered_no_signature,True,0.676,0.57,0,80,0.6344,True
ba8f1833-856e-428c-8c6c-31da3d580c72,fraud_card_not_present,home_goods,upi,801.05,20,20,delivered_no_signature,False,0.659,0.233,0,19,0.5284,True
abe1cc96-763f-4c0b-b42a-8c3c38c5ec63,fraud_card_not_present,home_goods,card,150.05,1,13,signed_confirmation,True,0.139,0.417,0,132,0.3907,False
3b08f865-5ce9-4ef4-81a9-6fcd744a62ba,duplicate_charge,electronics,card,2040.21,2,7,delivered_no_signature,False,0.719,0.445,1,308,0.7246,False
c7db8870-c0be-4ea8-bdbe-f67cc634e144,fraud_card_not_present,groceries,card,6192.01,4,12,in_transit,False,0.484,0.5,0,81,0.9152,False
523bdf46-f5b5-4561-abd2-396d9ac23aba,item_not_received,digital_goods,card,2081.83,3,18,not_shipped,False,0.704,0.777,0,320,0.0879,True
0a42a6bc-0d53-4121-9fb5-483e38b828e4,duplicate_charge,digital_goods,upi,1469.85,25,16,signed_confirmation,True,0.845,0.466,0,41,0.7738,True
13351141-091e-4da6-afc5-beb14709385f,not_as_described,digital_goods,upi,1557.22,9,1,in_transit,False,0.728,0.487,1,568,0.3769,False
04562e5a-3a03-45f3-a52f-5aed5a8944dd,not_as_described,digital_goods,card,1271.5,11,17,delivered_no_signature,False,0.226,0.465,0,782,0.4145,False
f6102b45-8e33-4c23-9bb6-262e7af232c8,item_not_received,electronics,card,589.15,5,6,signed_confirmation,False,0.393,0.169,0,552,0.6917,False
141d2ed5-103b-43d7-89f3-5ba16157c04e,fraud_card_not_present,electronics,wallet,922.64,5,21,signed_confirmation,False,0.215,0.813,1,181,0.3965,True
008b4115-6684-4892-9743-cc2de25ea3fc,subscription_not_cancelled,groceries,wallet,2453.38,2,7,in_transit,False,0.275,0.43,0,54,0.3242,False
a44a7609-836d-4d04-b6a3-e174173d666b,item_not_received,electronics,upi,1927.4,5,20,delivered_no_signature,False,0.163,0.658,0,751,0.5902,False
78c7401d-700a-466c-8def-51f4ff6948c4,item_not_received,digital_goods,card,540.39,6,9,signed_confirmation,False,0.509,0.692,1,660,0.7803,True
cbf04aff-0aac-4e72-972c-92b359e6a2ae,fraud_card_not_present,digital_goods,card,1326.18,6,12,not_shipped,True,0.487,0.722,2,279,0.3087,False
27c9fdac-6952-4bd6-b1f6-0f9f1b3c617e,fraud_card_not_present,home_goods,card,569.04,22,1,delivered_no_signature,True,0.884,0.477,0,313,0.4814,False
59b6c691-586e-4014-a0df-65a5fc82e0d2,subscription_not_cancelled,apparel,netbanking,1337.11,1,20,signed_confirmation,True,0.935,0.408,1,606,0.6647,False
b6d01f3c-23ac-4031-ba6f-d80f2e976467,subscription_not_cancelled,apparel,card,935.13,2,6,signed_confirmation,False,0.578,0.591,1,246,0.551,False
09a13e76-fcda-4923-803b-d1fb9c6d363f,duplicate_charge,beauty,card,1219.9,28,1,not_shipped,False,0.606,0.44,0,99,0.2963,False
479bb751-2f93-488d-93f8-f10c5921494a,subscription_not_cancelled,home_goods,upi,5504.34,7,13,in_transit,False,0.3,0.382,1,1962,0.5054,False
be8e2521-e208-4737-9967-fb14f168a667,not_as_described,electronics,netbanking,738.03,6,4,in_transit,True,0.452,0.311,2,190,0.6203,True
3ff842a7-f2f2-4aeb-a718-55133eb66297,item_not_received,beauty,card,228.07,25,21,delivered_no_signature,False,0.12,0.615,1,419,0.5799,True
6bf5861a-9d2e-48db-9574-bcb8a6f0a62c,not_as_described,digital_goods,card,270.49,4,10,delivered_no_signature,False,0.605,0.456,1,22,0.698,True
3017a61a-e60d-4bb7-ad19-88fdb21c297d,not_as_described,digital_goods,card,667.92,4,12,signed_confirmation,False,0.176,0.463,1,40,0.5692,False
aa33b853-8647-4e6a-90e2-92070d7578c2,not_as_described,beauty,upi,608.53,50,4,signed_confirmation,False,0.393,0.552,0,622,0.0887,False
7dfe750c-7159-473a-a9ab-43f87c0ed0e4,fraud_card_not_present,home_goods,card,1402.06,4,11,delivered_no_signature,False,0.724,0.853,1,116,0.8647,False
495b6c2a-72af-4100-a91d-0071cddbd62e,fraud_card_not_present,electronics,card,1271.93,1,5,signed_confirmation,False,0.44,0.331,2,616,0.2898,False
1c526f7d-db31-42a9-8560-c3a97d9e8eb4,item_not_received,groceries,netbanking,927.15,7,13,signed_confirmation,False,0.425,0.432,0,180,0.6195,True
102a9a6c-d01a-40ad-b19f-c74c49dbc234,item_not_received,electronics,upi,239.73,26,2,signed_confirmation,True,0.761,0.805,0,74,0.8622,False
08531457-dc62-4d9b-a61c-5b6de33c2af5,not_as_described,digital_goods,upi,785.76,4,2,delivered_no_signature,False,0.302,0.205,0,282,0.2945,False
dd9585fd-6d23-4cb6-a880-5805cd608812,not_as_described,home_goods,card,735.22,12,5,delivered_no_signature,False,0.274,0.514,0,163,0.3421,False
0cc1b381-e73a-4cd4-a1f6-1ba75095f07f,not_as_described,beauty,card,1706.64,5,13,signed_confirmation,False,0.302,0.833,2,760,0.432,True
4dd47f38-63f1-449c-a89b-adb48f2d7c97,item_not_received,digital_goods,card,1965.11,5,5,delivered_no_signature,False,0.912,0.356,0,478,0.4721,False
bcd70ce6-91f1-4834-a278-c549474d07a1,fraud_card_not_present,apparel,upi,182.49,1,7,in_transit,True,0.905,0.453,0,224,0.7802,True
0bfb76b4-eca4-4de5-8cf9-cbb9006ce344,not_as_described,digital_goods,card,3752.31,1,8,not_shipped,False,0.936,0.436,0,90,0.1274,False
092b07bb-0bef-4a2f-9fb1-f2ce2cb4352d,fraud_card_not_present,home_goods,card,950.0,14,21,delivered_no_signature,False,0.425,0.89,0,36,0.5997,False
df22e237-94c5-4910-b5dd-83750f2406ec,not_as_described,apparel,card,855.53,10,16,signed_confirmation,True,0.289,0.345,1,480,0.7464,False
19f89586-525b-4a26-b1a3-2bb1e59bc158,item_not_received,home_goods,card,675.52,1,3,signed_confirmation,False,0.33,0.373,0,766,0.8391,True
a8a01d16-1560-489e-b492-0dbd382f3e21,item_not_received,electronics,upi,2611.24,3,12,signed_confirmation,True,0.648,0.678,3,454,0.8971,True
e3371db1-41d6-4f2a-8dd7-5d97282f0c23,fraud_card_not_present,groceries,card,640.13,40,19,in_transit,False,0.856,0.641,0,275,0.7279,True
9d0d7242-9320-4247-b613-8128694cbba3,item_not_received,groceries,upi,1847.97,11,8,not_shipped,False,0.617,0.716,0,933,0.088,False
3314f327-8b3d-4549-971d-2dca1ae49c87,item_not_received,groceries,card,645.16,11,12,signed_confirmation,False,0.446,0.695,1,514,0.8946,True
c038c7a1-783d-4bdf-bc28-afaaf66d66f2,item_not_received,electronics,card,1330.95,19,14,signed_confirmation,True,0.679,0.885,0,268,0.6455,False
eefda304-bc6a-49e4-900f-dcd847c882f2,fraud_card_not_present,digital_goods,card,1505.68,17,2,signed_confirmation,True,0.654,0.402,2,122,0.6434,False
6ca71ad3-fc78-4954-aff2-1b3feb8fbc61,not_as_described,home_goods,card,1120.99,11,19,signed_confirmation,False,0.625,0.528,1,128,0.5045,True
065d1cdb-a425-47d9-ae55-acde0fdebd7d,fraud_card_not_present,beauty,card,1391.83,7,11,signed_confirmation,False,0.811,0.843,1,243,0.3385,False
30bf0694-b989-482d-80e3-3fc56bfb9fc7,fraud_card_not_present,digital_goods,card,286.24,15,11,delivered_no_signature,False,0.436,0.545,0,553,0.2308,True
d5a41405-c2a1-4e64-8876-60af88a18f8c,duplicate_charge,digital_goods,card,2906.95,4,11,signed_confirmation,True,0.798,0.612,0,34,0.9345,True
3a424c77-0462-4c53-8040-1bad00e92eb1,fraud_card_not_present,groceries,wallet,345.71,12,7,in_transit,False,0.437,0.505,0,441,0.5489,True
0024b623-a3bc-48c8-9311-5a6768f76a0f,duplicate_charge,electronics,wallet,933.69,18,4,signed_confirmation,True,0.394,0.68,1,157,0.6525,False
8b313c53-66cf-4d13-b67f-dc01e5e73bb1,fraud_card_not_present,groceries,card,540.17,3,6,signed_confirmation,False,0.439,0.233,0,280,0.7949,True
7bf02ae6-1117-47fa-9073-e7861fdb0ef0,subscription_not_cancelled,apparel,card,1063.64,6,16,in_transit,True,0.835,0.904,0,488,0.9058,True
c3a9113b-dcdc-4fd6-be8b-e0a8ad8b78c7,subscription_not_cancelled,beauty,card,10727.1,14,18,in_transit,False,0.784,0.405,0,293,0.6428,True
55750b48-8f2d-4b55-83af-9770c9d2b5cc,item_not_received,groceries,upi,682.72,17,9,delivered_no_signature,False,0.88,0.341,0,127,0.7923,True
6b30f929-f2ed-470f-a653-339fea3fec36,subscription_not_cancelled,home_goods,card,1918.17,3,16,delivered_no_signature,False,0.67,0.323,2,294,0.4183,False
26446be4-7709-4712-ba95-0c3076a9a785,fraud_card_not_present,groceries,upi,960.57,21,13,delivered_no_signature,True,0.703,0.624,0,275,0.7831,True
43f2c868-6e3d-464e-b266-e3e9878a06e1,fraud_card_not_present,home_goods,card,925.83,4,15,signed_confirmation,False,0.909,0.614,0,442,0.8303,True
11813da4-b7a9-4b68-b54a-60a972e4e2ba,fraud_card_not_present,digital_goods,upi,1008.8,6,21,delivered_no_signature,False,0.63,0.273,0,82,0.3376,True
aaadd901-98f9-4efe-b707-cd49fb42f7dd,subscription_not_cancelled,groceries,netbanking,802.77,7,9,delivered_no_signature,False,0.866,0.329,0,138,0.4978,False
45616e77-ce95-48a4-8e51-345a6d5a7282,item_not_received,electronics,wallet,248.92,3,12,delivered_no_signature,True,0.385,0.473,2,1672,0.5314,True
5090c4e9-5ab7-4746-8505-0f8eb23a4729,item_not_received,groceries,upi,6999.71,8,17,in_transit,False,0.538,0.481,0,251,0.3946,False
194978d7-27de-4aae-883a-6120335965e1,subscription_not_cancelled,home_goods,card,221.6,2,17,signed_confirmation,True,0.491,0.348,0,368,0.5228,True
acf8d2ae-ef56-4006-8b81-d6444b99e653,not_as_described,home_goods,upi,443.64,8,11,signed_confirmation,False,0.426,0.67,0,87,0.7396,True
89a0d70a-1bfd-4331-b766-330e5877ac90,duplicate_charge,digital_goods,card,1645.75,8,20,delivered_no_signature,False,0.262,0.599,2,123,0.4558,False
f95484be-98cd-4e09-9647-78203ed05a3b,item_not_received,digital_goods,wallet,4031.05,2,8,delivered_no_signature,False,0.375,0.808,1,80,0.8936,True
0f5a30e7-3f74-414f-9ddf-f9541ee1c97c,fraud_card_not_present,digital_goods,upi,1435.45,4,1,delivered_no_signature,True,0.082,0.567,1,182,0.5112,False
76bcaa19-cb63-4c9c-a2b3-2e758c14b476,fraud_card_not_present,beauty,card,1397.58,18,13,signed_confirmation,True,0.745,0.577,0,83,0.6105,False
e7839a13-4cfe-4efb-9344-32011cf974f5,not_as_described,groceries,upi,267.07,12,2,delivered_no_signature,False,0.528,0.603,0,382,0.5113,True
afa50b2c-72c8-46b0-b382-cac1b7a8eb02,not_as_described,apparel,card,2341.06,22,21,signed_confirmation,False,0.493,0.843,0,247,0.8975,True
7230a45b-f11a-4f81-8a5e-a680656c732a,item_not_received,digital_goods,netbanking,510.54,33,3,signed_confirmation,False,0.747,0.794,0,76,0.7174,True
341bd0a2-1d8b-47d5-8042-a0a8bc6fcf8d,subscription_not_cancelled,digital_goods,card,365.33,3,3,delivered_no_signature,False,0.228,0.86,1,458,0.2596,False
ef724dea-d24c-4114-865c-de84e2efcdc9,fraud_card_not_present,apparel,upi,1177.97,14,15,signed_confirmation,True,0.666,0.414,0,8,0.5831,False
8fb662ed-4d01-479a-8ca4-a84b2ff9b482,fraud_card_not_present,electronics,upi,1177.44,1,13,delivered_no_signature,False,0.305,0.51,0,2062,0.3337,False
bcdf7d18-73a5-4fa2-8944-bb2c65f9f145,item_not_received,electronics,netbanking,996.45,5,17,delivered_no_signature,True,0.414,0.749,1,139,0.8361,False
e16e8351-ec5a-48b4-92da-f5638c9b5c2b,not_as_described,beauty,card,2289.56,4,21,signed_confirmation,False,0.382,0.138,0,174,0.4009,False
1e307ed7-fa60-4887-9360-2477a9d29cf3,item_not_received,electronics,upi,286.39,2,18,signed_confirmation,False,0.859,0.807,1,903,0.6994,True
08456200-4248-40d9-91fc-e022376ab695,item_not_received,electronics,netbanking,3960.76,7,17,signed_confirmation,True,0.738,0.804,1,710,0.8694,True
adc594f4-dbed-4a1c-86c2-b21586626523,fraud_card_not_present,digital_goods,upi,2277.62,15,9,signed_confirmation,False,0.227,0.73,0,1253,0.5981,True
34dac0fc-ea42-45bb-92b5-af39c4173c25,fraud_card_not_present,home_goods,card,1027.58,2,3,delivered_no_signature,True,0.512,0.618,0,549,0.7417,True
df31e80f-b55c-414d-9058-b893fbccfbdb,fraud_card_not_present,groceries,wallet,1124.74,16,10,in_transit,True,0.468,0.784,0,62,0.0565,False
0c31068b-5ddb-4113-83fc-b755205d338a,not_as_described,apparel,card,630.18,23,1,signed_confirmation,False,0.384,0.427,0,344,0.4546,False
b98c09e8-3acd-40d9-b068-9532dc0b77e7,duplicate_charge,electronics,card,542.27,10,15,signed_confirmation,False,0.348,0.898,2,309,0.5729,True
8f87e144-5ab8-4390-a2c2-821c0ecd3b41,fraud_card_not_present,groceries,card,4459.64,5,19,delivered_no_signature,True,0.676,0.527,0,251,0.5844,True
68e41f96-f2ca-4ef0-92b7-3ceb61168f1c,fraud_card_not_present,home_goods,card,2040.55,2,9,signed_confirmation,False,0.23,0.746,0,354,0.2131,False
e00489f9-6b7d-4d50-b3e2-4f544cab1ea6,item_not_received,groceries,card,1115.23,3,12,delivered_no_signature,True,0.931,0.848,0,106,0.8306,True
6903a07f-0ffd-4803-9ab6-83cdf6517a9c,subscription_not_cancelled,digital_goods,upi,1109.82,4,16,delivered_no_signature,False,0.403,0.932,2,245,0.8285,True
bd75017d-0b92-4e85-8e6c-e1713e6b5ba0,item_not_received,apparel,upi,847.01,3,14,signed_confirmation,True,0.322,0.234,2,194,0.4684,False
8318bcf7-7e30-497f-912a-a1eb7dee39db,fraud_card_not_present,digital_goods,card,1195.77,8,11,signed_confirmation,False,0.819,0.916,2,169,0.4223,False
83447826-3b6c-4876-8360-6ac0f97db8a4,duplicate_charge,groceries,wallet,194.88,19,5,signed_confirmation,True,0.931,0.634,0,767,0.6087,True
498a01b3-4ee2-4f38-9fd7-ac52dab9317d,fraud_card_not_present,beauty,wallet,703.39,1,12,signed_confirmation,False,0.504,0.732,0,16,0.5521,False
c8859508-639e-4491-9ea6-97fb98001ef6,duplicate_charge,home_goods,card,305.31,13,1,signed_confirmation,False,0.698,0.657,0,985,0.4986,True
3d1ed006-34d0-4d42-977c-bced681dc55a,item_not_received,digital_goods,wallet,978.29,1,10,delivered_no_signature,False,0.831,0.791,2,421,0.3815,True
89251b6e-365a-4dde-becf-5e3e0076924f,duplicate_charge,apparel,upi,25550.88,16,5,in_transit,False,0.498,0.657,1,200,0.3196,False
5fc08991-5e4e-4b4a-bb13-f8dc20c8bd42,fraud_card_not_present,home_goods,card,1936.28,1,7,delivered_no_signature,True,0.733,0.761,0,274,0.7271,True
d6254aa3-e166-4a2a-8895-32f4c624b36a,not_as_described,digital_goods,upi,1134.68,1,5,delivered_no_signature,False,0.821,0.533,1,59,0.7542,True
6034b1c5-829a-4c87-b87f-8503d3f8c93d,fraud_card_not_present,groceries,wallet,272.42,3,9,not_shipped,False,0.499,0.555,0,358,0.5637,False
4d9bc415-189d-4af5-b136-4026ba28a5c3,fraud_card_not_present,groceries,upi,429.84,4,19,delivered_no_signature,False,0.783,0.828,0,719,0.4722,False
57d0893c-f40c-4840-9fc4-8e539984f72b,duplicate_charge,groceries,upi,1132.48,3,17,signed_confirmation,True,0.91,0.693,1,398,0.8387,True
fcbc51a6-2f38-421f-ac7d-f74ebe1b352a,fraud_card_not_present,apparel,card,831.08,1,19,delivered_no_signature,False,0.191,0.861,1,81,0.292,True
0043463b-fd0d-49c3-bbbc-9416274f9701,fraud_card_not_present,electronics,upi,819.26,10,1,in_transit,True,0.801,0.673,1,663,0.353,False
8bf36dc8-9385-4724-9670-1e56317065b6,duplicate_charge,home_goods,upi,303.86,14,12,in_transit,True,0.129,0.771,0,280,0.5369,False
b25174d0-7c20-4304-a37b-c5c3fc49ccc9,not_as_described,groceries,card,828.74,6,16,signed_confirmation,False,0.552,0.568,0,56,0.5661,False
450d2ad4-877b-4894-9f69-04fb3eb060eb,item_not_received,beauty,upi,2257.41,1,17,not_shipped,False,0.09,0.306,1,466,0.0707,False
d650137c-2cfb-41e4-977e-cc98834fe1b1,duplicate_charge,groceries,card,1357.06,5,4,delivered_no_signature,False,0.227,0.333,0,553,0.6923,True
57985af9-4e90-4c6d-9bbe-4f57e5779f3f,subscription_not_cancelled,digital_goods,upi,617.74,3,17,delivered_no_signature,True,0.759,0.536,1,279,0.7011,True
33c3867e-9c0f-44b3-af7f-1fa50bb86da6,fraud_card_not_present,beauty,card,109.0,6,15,in_transit,False,0.625,0.564,1,2330,0.7343,True
bf9cceae-1435-4cfb-b1a5-79aa39bdb8fb,item_not_received,beauty,upi,576.84,4,12,signed_confirmation,False,0.849,0.838,0,206,0.8619,True
45f0db4c-7617-473e-9433-79eb171420b7,item_not_received,home_goods,netbanking,1355.79,4,14,signed_confirmation,True,0.231,0.409,0,420,0.8383,False
f77241b5-e9a0-4840-935d-de725a496aee,duplicate_charge,groceries,upi,937.21,6,16,in_transit,True,0.15,0.729,0,310,0.7099,True
9a1c7f32-3925-47d4-8a21-503026375d47,item_not_received,electronics,upi,917.26,32,10,delivered_no_signature,False,0.085,0.61,1,183,0.6967,False
9122a859-1f9b-4a51-ac7e-e7272aae5912,fraud_card_not_present,beauty,upi,231.22,9,5,signed_confirmation,False,0.331,0.943,1,296,0.5863,True
d9e6a847-fd06-4b8c-8774-b99afbb1c57a,fraud_card_not_present,electronics,card,1081.55,1,12,signed_confirmation,False,0.606,0.879,3,158,0.6816,False
581fe6f8-ff40-46dc-abc2-903e4ab800cd,item_not_received,electronics,card,617.39,6,14,delivered_no_signature,False,0.658,0.553,0,6,0.24,True
1fd09b33-6220-4df7-8dda-dd71c7ef29ab,fraud_card_not_present,groceries,upi,1232.26,23,14,in_transit,False,0.833,0.773,0,320,0.6278,True
933c2a63-4c61-4e31-aa59-4c7318cf7368,item_not_received,beauty,upi,1773.86,13,15,in_transit,True,0.462,0.307,0,359,0.7162,True
08550fc4-338a-4b3e-af22-da203e88b2cb,fraud_card_not_present,digital_goods,card,4108.8,16,19,signed_confirmation,False,0.907,0.507,2,35,0.5674,True
ddf11159-59e6-4f8b-8be9-a9f057276c64,item_not_received,electronics,card,3385.07,29,3,signed_confirmation,True,0.51,0.814,1,175,0.9452,True
43aad12c-4428-42fc-8ca5-c82cb052061b,duplicate_charge,apparel,card,2120.78,9,21,delivered_no_signature,False,0.453,0.909,1,342,0.38,False
d28f0f9a-d0b8-4f6d-9764-d6554e6c738d,fraud_card_not_present,apparel,upi,1414.78,5,5,signed_confirmation,False,0.234,0.772,0,311,0.5344,True
1fa4a866-bb59-49f8-9519-09f165883cab,subscription_not_cancelled,groceries,card,632.74,6,3,signed_confirmation,False,0.258,0.483,2,29,0.4536,False
6b65e0fc-4d4a-4902-8df1-6efef7b11d5e,duplicate_charge,beauty,card,68.75,4,16,signed_confirmation,False,0.208,0.783,1,128,0.6149,True
6cf6d3ef-3753-44fa-a41a-f614b1ac7abf,fraud_card_not_present,digital_goods,card,1208.47,19,21,signed_confirmation,False,0.548,0.726,1,995,0.4747,False
29c877b3-f8d3-4c79-ade1-0ef88d6ad04e,fraud_card_not_present,groceries,wallet,1169.32,5,8,signed_confirmation,True,0.219,0.539,0,12,0.3105,True
8e3a9307-8f58-4131-81cd-95e306862ef3,fraud_card_not_present,groceries,upi,928.03,2,4,delivered_no_signature,True,0.548,0.629,0,772,0.5257,False
ad7c88f4-c559-48ba-938d-82d9e9056ee1,not_as_described,apparel,card,191.0,17,15,delivered_no_signature,False,0.326,0.827,0,317,0.7488,False
c6f77f10-c162-4087-ad6d-080bad1ec1ae,item_not_received,home_goods,upi,787.0,16,21,signed_confirmation,False,0.638,0.462,2,28,0.8422,True
7acca91e-4994-4bf1-848c-10034393ffaf,subscription_not_cancelled,apparel,netbanking,365.78,5,12,not_shipped,False,0.416,0.894,0,301,0.503,True
0cbe2d5c-ae48-40ba-8256-3fde147a224e,not_as_described,beauty,wallet,544.45,16,20,in_transit,False,0.575,0.392,2,523,0.1177,False
5e4d88b2-bb7e-4645-92e8-d861b491892c,fraud_card_not_present,electronics,card,536.25,19,3,signed_confirmation,True,0.576,0.946,0,149,0.4065,True
8e7ca88f-9b0b-49f5-a62c-4b7813ba9e7b,duplicate_charge,beauty,card,421.95,16,2,delivered_no_signature,True,0.725,0.751,0,403,0.6591,True
bba51f9e-04bf-4db4-b9a2-6ecf6f639410,subscription_not_cancelled,beauty,wallet,305.71,28,3,delivered_no_signature,False,0.169,0.666,2,129,0.2146,False
9fa185ca-6310-4006-9f0a-d4ad82d24948,item_not_received,apparel,upi,1450.19,13,13,signed_confirmation,True,0.935,0.567,1,135,0.7239,True
bc82efdd-88d1-4aa2-b400-983de190b1b5,fraud_card_not_present,home_goods,netbanking,3494.18,4,10,signed_confirmation,True,0.176,0.795,1,757,0.5129,True
330661c0-cca8-4485-ae79-18e8a1880b20,subscription_not_cancelled,home_goods,card,1194.29,19,9,signed_confirmation,False,0.409,0.648,0,259,0.7387,True
b51aa5d0-bed7-42df-a735-176ff44d47c1,fraud_card_not_present,beauty,upi,8105.36,15,13,delivered_no_signature,True,0.57,0.441,0,97,0.3895,True
b656f0e9-e6b0-411e-80f4-6c20faf41e1a,subscription_not_cancelled,groceries,card,1546.89,6,11,signed_confirmation,False,0.367,0.731,0,653,0.6803,False
68904aef-ace9-4640-90af-e604c9a253f8,item_not_received,apparel,wallet,107.5,6,13,delivered_no_signature,False,0.393,0.219,1,672,0.5598,True
814a7e41-a94c-4f7e-ac5b-8bb1c45b0a49,fraud_card_not_present,beauty,card,4677.51,6,4,in_transit,True,0.714,0.425,2,492,0.1213,False
e513d671-b8a6-451d-9723-4e88307244a1,subscription_not_cancelled,beauty,card,3008.47,26,1,signed_confirmation,False,0.449,0.364,2,148,0.4038,False
1b8c978c-2dd0-43a6-930f-949fd698ed87,item_not_received,home_goods,upi,1876.09,11,12,delivered_no_signature,False,0.279,0.829,1,19,0.6803,True
2512427a-c475-4293-8227-cc77f5cb112b,item_not_received,groceries,wallet,1200.96,7,6,in_transit,True,0.453,0.691,0,201,0.0721,False
1bf0e7da-8b71-4b28-86d7-8562975f0dbf,not_as_described,beauty,card,1918.98,24,7,delivered_no_signature,True,0.969,0.848,2,366,0.5122,True
4da73b50-19cf-4a7b-9f28-1faaf9a1af73,not_as_described,apparel,wallet,926.11,3,11,signed_confirmation,True,0.655,0.291,1,937,0.5393,False
1e3e0a4a-360d-40e2-81c8-deacb0947f2a,duplicate_charge,digital_goods,upi,360.32,11,19,delivered_no_signature,True,0.537,0.429,0,419,0.7201,True
8324f5fe-9201-42c1-87ad-e8b7bb81a3a7,item_not_received,groceries,upi,1158.48,2,6,signed_confirmation,True,0.639,0.55,2,612,0.7552,True
6f66310c-b66f-459f-b2b6-dc50ee2ca7d3,item_not_received,home_goods,upi,746.89,38,8,signed_confirmation,False,0.449,0.863,1,108,0.8247,True
350ee8f1-e5f8-4d7d-baea-783e2bf20a56,fraud_card_not_present,beauty,wallet,3090.56,3,3,signed_confirmation,True,0.11,0.493,0,782,0.1555,False
c41bf2cb-3721-4726-a074-0b87bc279f92,fraud_card_not_present,groceries,card,2203.77,12,11,signed_confirmation,False,0.523,0.553,0,516,0.9011,True
65ac8972-0c6b-4cd3-bd9f-d20600629525,fraud_card_not_present,home_goods,card,1044.66,9,20,signed_confirmation,True,0.882,0.631,0,837,0.8139,True
3d95928c-529d-4a02-9bd4-58c4c48d93ba,subscription_not_cancelled,beauty,card,246.78,7,17,signed_confirmation,True,0.376,0.514,0,490,0.5247,False
9a8c77f8-bb62-46c8-a841-b87028e659b9,fraud_card_not_present,groceries,card,1204.66,1,12,signed_confirmation,True,0.506,0.374,0,416,0.4208,False
c37f0a0c-8646-4bbb-94db-6e803cc6be8b,item_not_received,digital_goods,card,1578.92,2,21,signed_confirmation,False,0.47,0.588,0,1022,0.5556,False
f72d9e8e-c62b-4f9b-9f8f-35dfb529b67e,duplicate_charge,beauty,upi,1804.09,8,16,not_shipped,True,0.426,0.344,2,294,0.8837,True
460430fe-42c2-4aa3-9b3e-f938ef2947bc,item_not_received,groceries,card,345.26,39,5,in_transit,True,0.742,0.837,2,1016,0.2786,False
280b6725-c095-4a3d-b8ad-97cdac936703,fraud_card_not_present,apparel,upi,159.71,2,1,signed_confirmation,False,0.677,0.841,0,173,0.9248,True
6ca69c1a-e4cb-4684-bcfd-ce31050d2813,item_not_received,electronics,upi,1005.93,4,5,signed_confirmation,True,0.205,0.417,0,825,0.8742,True
254afd63-94de-498f-a8d5-e37c5e4fa248,fraud_card_not_present,electronics,upi,379.68,27,5,signed_confirmation,True,0.16,0.653,1,368,0.3447,False
5dc0d44b-f797-48d0-9e78-55390df9ecdd,fraud_card_not_present,electronics,card,243.26,6,10,delivered_no_signature,True,0.85,0.814,0,57,0.3086,False
80a0cdf2-de4f-4029-8e11-db035f8bc7e4,subscription_not_cancelled,beauty,upi,528.71,1,2,signed_confirmation,False,0.488,0.561,1,302,0.423,False
6a45a3d7-d2d8-4db2-bbe3-9f9c4051186f,item_not_received,home_goods,card,490.51,7,14,delivered_no_signature,True,0.366,0.825,1,317,0.8447,False
3edca750-e6f9-475c-bae8-dfaa5547ec5f,subscription_not_cancelled,home_goods,netbanking,1289.02,3,15,signed_confirmation,True,0.247,0.779,1,400,0.2984,False
3a0b9766-100f-4ef8-9dc6-00f75d64f624,not_as_described,digital_goods,card,539.33,5,16,in_transit,False,0.6,0.804,1,247,0.3857,True
98899471-93d4-4024-8413-c6ce74440f0b,fraud_card_not_present,home_goods,netbanking,1118.99,11,12,delivered_no_signature,False,0.144,0.891,0,78,0.3096,False
d98252a4-faa0-416e-9487-7e2e4df01156,item_not_received,home_goods,upi,304.67,7,20,in_transit,False,0.376,0.859,0,639,0.295,False
36b77aeb-4897-4b3b-82e8-137813d24d09,fraud_card_not_present,beauty,netbanking,467.46,12,5,signed_confirmation,False,0.39,0.532,1,88,0.566,True
2de54237-9252-43dd-b8dd-af41ad6ed95f,not_as_described,beauty,netbanking,685.11,4,9,signed_confirmation,True,0.673,0.436,1,670,0.3269,False
deec843e-a464-41c5-8a9c-84969c67b40f,item_not_received,groceries,card,3338.61,32,19,signed_confirmation,True,0.647,0.496,0,928,0.735,True
2799ffeb-1d3d-434c-bf12-5b639f407256,duplicate_charge,electronics,card,357.97,6,19,in_transit,True,0.952,0.67,1,239,0.6743,True
20c63114-139a-44dc-87e7-ee1b96a27e81,subscription_not_cancelled,beauty,card,1242.51,4,17,delivered_no_signature,True,0.286,0.57,0,373,0.8489,True
904ea6a1-e5e7-4f90-b339-c43ced53c454,fraud_card_not_present,apparel,upi,630.47,1,15,signed_confirmation,False,0.545,0.734,2,370,0.3659,True
3a6d0458-4ff5-46b2-92d7-8eaf8c60d2a3,fraud_card_not_present,electronics,card,1319.3,2,7,signed_confirmation,True,0.304,0.843,0,241,0.226,False
6f0fb5d3-b93a-4a04-8808-bf6ab75a0a42,item_not_received,home_goods,card,676.88,33,10,delivered_no_signature,True,0.613,0.584,0,912,0.7007,True
e08686ed-949c-48c1-9554-504eb13cfaa7,fraud_card_not_present,beauty,upi,1738.01,12,6,signed_confirmation,False,0.748,0.373,2,823,0.5141,False
b3fa122a-09a9-4d0b-9f46-06cea3536594,item_not_received,digital_goods,card,596.43,21,12,signed_confirmation,True,0.301,0.741,1,568,0.8176,False
2f395190-f5aa-426a-b2e8-b9060e2d6534,fraud_card_not_present,digital_goods,wallet,1236.73,23,17,signed_confirmation,True,0.341,0.53,0,741,0.4295,True
73948c3b-ab87-4f43-9e7e-b06144d4dcc0,item_not_received,electronics,card,464.3,3,5,delivered_no_signature,True,0.75,0.618,0,324,0.6747,True
eba3b50e-5211-4eca-99d5-16888896443d,item_not_received,home_goods,card,678.69,7,4,in_transit,False,0.624,0.774,2,430,0.4105,False
3b5dae82-a600-4400-a6ce-d5080dd58894,subscription_not_cancelled,home_goods,card,620.26,1,19,in_transit,False,0.378,0.617,0,136,0.2389,False
14875d01-9147-4b30-837a-c238a8abd88a,not_as_described,electronics,upi,1445.86,2,16,signed_confirmation,False,0.674,0.36,1,31,0.4222,True
f943e90d-7a3c-4381-8af8-14e92e298b17,subscription_not_cancelled,electronics,wallet,398.6,11,18,delivered_no_signature,True,0.387,0.805,0,35,0.952,True
c5468e8b-46ee-4d9d-a7b5-18371a41d5df,item_not_received,digital_goods,upi,449.87,2,1,delivered_no_signature,True,0.959,0.661,0,210,0.7355,True
50d08d38-efd2-44ef-89fe-a72548be7c5c,not_as_described,beauty,upi,279.51,12,19,in_transit,False,0.629,0.915,1,103,0.6155,True
8290d3c6-22cd-4420-b548-fed12f334d4e,item_not_received,groceries,card,364.45,24,21,in_transit,True,0.265,0.451,0,148,0.3877,False
46f01b04-08f0-4cac-948a-328de4bf807e,item_not_received,home_goods,wallet,1075.84,11,7,signed_confirmation,False,0.323,0.661,2,67,0.8725,True
414bb1c7-71d7-41fc-81b5-19d009739842,fraud_card_not_present,electronics,card,214.43,10,13,in_transit,False,0.597,0.809,1,363,0.2558,True
47608668-40b4-44ed-8295-85befd110723,not_as_described,apparel,card,591.06,11,19,delivered_no_signature,True,0.435,0.827,1,183,0.6721,False
915d4d32-4235-4398-bac0-7ab13ef29054,item_not_received,groceries,card,751.61,14,20,signed_confirmation,False,0.042,0.901,1,116,0.8874,True
c0c4762a-4d5e-4371-98e6-c4afafad3e21,subscription_not_cancelled,electronics,card,1255.83,15,21,delivered_no_signature,True,0.445,0.559,2,44,0.3082,False
65edd25a-46d7-41b8-83ca-7e00af0c82ac,fraud_card_not_present,apparel,netbanking,2213.09,3,17,in_transit,False,0.681,0.389,1,1796,0.4737,True
01d32759-fb9a-4e7b-8013-2eb63e6b918c,not_as_described,electronics,wallet,5236.97,6,21,delivered_no_signature,False,0.684,0.804,0,390,0.5388,True
d68a8539-49b4-4080-8464-71995556dba0,fraud_card_not_present,groceries,wallet,907.89,7,10,delivered_no_signature,False,0.896,0.731,2,22,0.6076,True
e0e8a606-cb23-44e6-8708-a08b909da894,duplicate_charge,home_goods,card,915.5,25,15,delivered_no_signature,False,0.607,0.947,0,686,0.425,False
5d0f5205-b612-47c7-8a57-c93e8c709880,duplicate_charge,digital_goods,upi,1610.04,45,8,signed_confirmation,True,0.288,0.64,1,84,0.8742,True
1684ae6b-0d70-466b-a0d5-ab5e7fda2a75,item_not_received,electronics,card,605.73,25,17,signed_confirmation,True,0.867,0.491,0,2836,0.7295,True
20e5cb90-be5f-479b-be30-108bcfbebf44,subscription_not_cancelled,beauty,upi,1536.11,10,15,signed_confirmation,True,0.529,0.691,0,51,0.7338,False
8522d591-b40d-4d88-833d-b4ddfbb52715,item_not_received,apparel,card,576.55,5,14,signed_confirmation,False,0.345,0.726,0,949,0.8842,True
abd64633-1e95-4943-b309-8e971e9578af,fraud_card_not_present,digital_goods,wallet,4313.88,3,7,signed_confirmation,False,0.691,0.664,0,421,0.7757,False
b9f406a8-5cda-4b79-8e2d-1f0fa4ba6896,subscription_not_cancelled,groceries,upi,862.95,22,5,in_transit,True,0.201,0.838,0,237,0.901,True
d0fa79ec-54b5-461c-bcec-156edc4406df,fraud_card_not_present,home_goods,card,761.82,8,4,delivered_no_signature,False,0.311,0.528,0,750,0.1439,False
ac1c4e80-bf9f-4743-8a2f-487ca26e3d1f,not_as_described,electronics,upi,250.4,4,13,signed_confirmation,False,0.693,0.368,0,933,0.6075,False
cf2b1401-2a0e-4e72-b3f6-7f70484e2925,not_as_described,electronics,upi,2504.52,4,11,delivered_no_signature,True,0.439,0.533,0,231,0.2335,True
286d389f-3d01-45d1-9405-d82886f74384,subscription_not_cancelled,apparel,upi,1372.69,3,17,not_shipped,True,0.461,0.9,0,669,0.7744,True
10b9bb56-1e48-4193-9945-b1fbb26036db,subscription_not_cancelled,beauty,upi,836.16,12,1,signed_confirmation,False,0.313,0.632,0,1868,0.5674,False
32312b92-bddd-4373-8a83-e8c5eb354190,fraud_card_not_present,home_goods,upi,1024.07,9,14,signed_confirmation,False,0.758,0.685,1,226,0.6925,False
415ae4bb-f95c-4060-b55d-0c9564736218,subscription_not_cancelled,apparel,card,3072.99,5,1,not_shipped,True,0.914,0.569,0,93,0.6627,False
7ece0c4e-a9d6-49f9-b443-e643a9fa8dc7,subscription_not_cancelled,apparel,card,735.46,5,12,in_transit,True,0.241,0.777,2,510,0.7598,True
90c0b2b3-12f5-4692-a64a-0567be2eecf5,subscription_not_cancelled,home_goods,card,1698.41,2,12,not_shipped,True,0.414,0.657,2,176,0.5442,False
08ba5306-00af-4ab4-8f04-87cebdbc1042,duplicate_charge,groceries,upi,3323.77,2,11,signed_confirmation,False,0.559,0.688,0,278,0.7565,False
f05c88ff-5287-4ada-a222-3692a5fb1884,fraud_card_not_present,home_goods,upi,1101.46,6,4,in_transit,True,0.265,0.662,0,1116,0.2551,False
1ea29cc2-7317-4083-80fa-8fe0ac9c8616,item_not_received,electronics,upi,82.54,4,9,in_transit,True,0.77,0.686,0,405,0.1626,False
99bc9e9f-518d-4dae-b92c-31cb8652aeef,not_as_described,beauty,card,789.07,4,2,signed_confirmation,True,0.422,0.222,1,469,0.4058,True
52879bf9-7a2c-4fd6-a60f-22f358c203dc,fraud_card_not_present,groceries,card,491.1,5,11,signed_confirmation,True,0.687,0.391,1,770,0.7615,False
d3c00ba3-624f-43a3-8358-0c89c170caea,fraud_card_not_present,electronics,card,1184.85,13,8,signed_confirmation,False,0.786,0.598,1,26,0.5161,False
2a6435b5-dab9-4f7d-a9e5-f849c0869355,duplicate_charge,beauty,netbanking,2275.78,4,2,in_transit,True,0.514,0.356,0,712,0.7365,True
e61e7d22-5c41-4037-804e-5c0f9de468d3,duplicate_charge,electronics,wallet,608.27,4,14,delivered_no_signature,False,0.458,0.537,1,249,0.6671,False
0a20a3a9-74c4-43f5-9537-d737c4400bf0,fraud_card_not_present,groceries,card,1405.93,10,5,signed_confirmation,False,0.535,0.673,0,165,0.3328,True
9d33d250-cd14-4325-9b5b-cfe75e95f52f,item_not_received,groceries,netbanking,1319.21,1,11,not_shipped,False,0.246,0.63,1,51,0.0417,False
b0bd3a48-2f4b-4d37-95ba-6e60212cb94c,not_as_described,digital_goods,upi,1153.55,4,16,signed_confirmation,False,0.477,0.537,0,345,0.3707,False
57fcdbe3-ede6-4f1c-8162-cb8a62900939,subscription_not_cancelled,digital_goods,card,550.68,21,10,not_shipped,True,0.724,0.652,2,351,0.3941,False
1b76bab9-6c29-4b68-bc73-a8aab14fd932,not_as_described,apparel,upi,691.78,11,11,signed_confirmation,False,0.267,0.703,1,288,0.5739,False
7b36541b-e46a-486b-b798-42bd4b12b353,duplicate_charge,groceries,card,2475.4,13,21,delivered_no_signature,False,0.777,0.849,0,342,0.4286,True
be8f3f97-098e-40fd-bdf4-d8e3f4723c46,fraud_card_not_present,groceries,upi,1819.32,10,4,signed_confirmation,False,0.763,0.703,2,418,0.4606,False
1df4a807-5571-4f00-b458-b47db2200ad2,fraud_card_not_present,groceries,card,737.47,17,9,signed_confirmation,False,0.463,0.589,1,141,0.5793,True
3703d67b-9de9-49c6-961f-6ff00202a9d9,item_not_received,beauty,card,3098.17,1,19,delivered_no_signature,False,0.53,0.873,0,347,0.6376,True
5c8d903b-256a-4e75-b333-fd4e42e4da07,subscription_not_cancelled,home_goods,upi,1628.62,4,18,delivered_no_signature,True,0.72,0.513,1,211,0.7344,True
eea11163-b606-4846-8fc6-2be839359e64,subscription_not_cancelled,digital_goods,upi,3449.64,5,17,signed_confirmation,False,0.506,0.238,1,229,0.2598,False
e67cbb54-69c8-4f12-afd7-d887948c898d,item_not_received,apparel,upi,264.19,19,13,delivered_no_signature,False,0.446,0.592,0,130,0.6803,False
1081a10a-f996-4774-a31d-bbc2230864d8,item_not_received,groceries,card,1796.85,19,6,signed_confirmation,True,0.497,0.171,0,27,0.9383,True
7731c6b0-5d4c-49c3-a869-15f41eaf42bb,item_not_received,groceries,card,616.51,4,18,signed_confirmation,True,0.254,0.777,0,276,0.8067,True
1d9594e3-f828-4011-bfa1-c622985eb7bb,not_as_described,beauty,upi,3221.96,1,21,delivered_no_signature,False,0.569,0.803,1,401,0.8159,True
6a92f3d1-7eaf-4c7a-8544-2f61de29fe76,item_not_received,home_goods,card,537.09,21,13,signed_confirmation,False,0.914,0.831,1,16,0.738,True
110d3098-d467-472a-95cf-a4bc6cae5a49,fraud_card_not_present,apparel,upi,282.65,20,10,signed_confirmation,False,0.559,0.702,1,165,0.373,False
a4ccb4ff-38b2-4aba-9dd3-923378ade6bb,fraud_card_not_present,beauty,card,2332.37,5,8,signed_confirmation,False,0.407,0.299,1,688,0.4333,False
f7cbadca-9342-45b4-a9bc-4792e2a2d58e,fraud_card_not_present,electronics,upi,410.87,1,20,in_transit,False,0.658,0.635,1,49,0.2542,False
0be20f85-a565-4a20-8974-cdc1778b6993,duplicate_charge,apparel,upi,3227.52,9,7,delivered_no_signature,False,0.495,0.924,0,211,0.5987,True
d1206c5b-aeda-49fe-98af-13c728558ff1,duplicate_charge,digital_goods,upi,367.38,15,6,delivered_no_signature,False,0.47,0.705,0,659,0.6741,True
78f57440-cb32-4692-8840-056c8f562ed7,fraud_card_not_present,apparel,upi,1385.46,7,8,signed_confirmation,False,0.252,0.809,1,9,0.5439,False
3531168f-67e0-4527-90f2-8faf05a30426,item_not_received,groceries,card,1008.26,21,17,not_shipped,False,0.277,0.49,0,353,0.0366,False
cd939f43-d48a-443c-abcb-32f62c9b0763,fraud_card_not_present,apparel,upi,202.75,6,2,in_transit,True,0.297,0.082,0,531,0.1044,False
70594281-2e14-46b9-a7e7-3182c04fbb7a,subscription_not_cancelled,electronics,upi,1574.7,11,7,signed_confirmation,False,0.167,0.466,0,530,0.5051,True
eddc97a4-ba71-4591-bfa8-5e3490d2534d,not_as_described,apparel,card,1890.62,24,10,delivered_no_signature,False,0.289,0.874,1,671,0.4123,True
9d6f6ce8-3f3d-4e85-a5a9-f1546f4e28de,duplicate_charge,digital_goods,upi,569.69,2,11,delivered_no_signature,False,0.719,0.64,1,150,0.2509,True
09b5a6d5-87d0-4954-9cf7-158db7e3e916,not_as_described,beauty,card,1191.58,23,20,not_shipped,False,0.855,0.293,0,79,0.2887,False
a3c037ce-d1ef-4f46-a349-bc7ec6d56f24,subscription_not_cancelled,home_goods,netbanking,589.27,7,21,delivered_no_signature,False,0.519,0.62,0,99,0.6374,True
ba3450cb-9f11-4064-a65e-f6ee3148d7c8,subscription_not_cancelled,home_goods,upi,1085.05,6,7,delivered_no_signature,False,0.81,0.411,1,701,0.2497,True
e11c87aa-bb8c-486a-9ea3-d4acc0eacadb,fraud_card_not_present,digital_goods,netbanking,756.41,9,3,signed_confirmation,True,0.884,0.992,0,382,0.788,True
5a7f4284-753e-44ff-b405-0b6e0eac61b0,item_not_received,electronics,card,1874.37,12,7,signed_confirmation,False,0.565,0.782,1,297,0.6703,False
b3dd28a4-b0a7-4352-a716-fbda9db44ff4,item_not_received,apparel,upi,1201.92,12,18,delivered_no_signature,True,0.607,0.467,1,355,0.6212,True
d6af5dc6-4c29-4865-b919-8d05bc418a96,item_not_received,electronics,card,719.37,6,10,delivered_no_signature,True,0.709,0.818,2,121,0.8757,True
c3885cd0-d542-422f-90b3-ac434262143f,not_as_described,electronics,upi,2359.07,17,1,signed_confirmation,False,0.724,0.397,0,471,0.714,True
9310864e-ba53-4702-ae17-7b4bd3bb33ad,subscription_not_cancelled,digital_goods,netbanking,1615.67,4,14,delivered_no_signature,False,0.251,0.871,1,96,0.2469,True
4c933f38-21e5-4f34-a8b0-447013a88b63,fraud_card_not_present,digital_goods,wallet,346.28,11,16,delivered_no_signature,False,0.541,0.271,0,162,0.5329,True
28274d26-6594-4f8c-b60d-e7e18464abfe,item_not_received,groceries,wallet,1830.75,5,13,not_shipped,False,0.817,0.876,0,1108,0.0797,False
2d04eeaf-34bb-4ac5-bb5c-3f19a0266344,subscription_not_cancelled,home_goods,card,1079.32,14,14,delivered_no_signature,False,0.876,0.519,0,551,0.7048,True
fba22186-b60f-471b-8aff-c311caaa090f,fraud_card_not_present,home_goods,netbanking,2245.68,16,17,in_transit,False,0.491,0.898,0,94,0.3263,True
322b8032-9313-42c3-819c-ad5feca39d08,subscription_not_cancelled,home_goods,upi,825.39,16,16,delivered_no_signature,True,0.564,0.676,1,538,0.8305,False
ffa97cb8-887a-4d03-835c-58d199f2f4a7,item_not_received,electronics,card,1457.53,2,2,delivered_no_signature,True,0.301,0.649,1,753,0.9133,True
6cec3f61-dd10-4dad-b4ba-b390da731b96,fraud_card_not_present,digital_goods,card,1122.8,6,12,not_shipped,False,0.43,0.785,2,21,0.0765,False
20a07f13-0e13-4c42-845e-8fa385a91d93,fraud_card_not_present,home_goods,upi,1423.77,3,16,delivered_no_signature,False,0.841,0.465,0,229,0.8347,False
74f9789b-78a1-4a24-a244-2a344e867421,fraud_card_not_present,beauty,upi,679.53,10,6,signed_confirmation,False,0.587,0.83,2,188,0.3828,True
e92af3a3-e9ba-4f3f-8638-176728f2a885,fraud_card_not_present,beauty,netbanking,1550.06,7,11,signed_confirmation,True,0.373,0.641,0,522,0.8672,True
54a69993-62f7-4dde-bc78-21b8c8b95018,not_as_described,groceries,upi,514.62,10,7,signed_confirmation,False,0.547,0.705,2,223,0.626,True
94e0a87f-2dbf-4d3f-8b83-581743e92188,fraud_card_not_present,beauty,upi,1006.28,15,9,signed_confirmation,True,0.24,0.588,0,41,0.217,False
54878932-f306-435a-8eaf-ed50f93f7840,not_as_described,digital_goods,upi,7570.76,37,11,signed_confirmation,False,0.648,0.816,2,764,0.5627,True
c69f4ff1-091e-4052-b15f-c7dcdcb96733,item_not_received,groceries,card,563.48,13,6,signed_confirmation,True,0.741,0.661,0,354,0.911,True
9d7feff2-63fa-48c5-91b5-c6d192817aaf,not_as_described,apparel,card,581.41,8,18,signed_confirmation,True,0.606,0.739,0,280,0.7956,True
92c53381-118d-4d41-a99a-98729d73f29e,fraud_card_not_present,groceries,wallet,942.08,6,6,signed_confirmation,False,0.38,0.773,0,350,0.7025,False
4d59e202-26a0-43c7-a1b7-1a867c72b036,duplicate_charge,electronics,card,233.14,1,18,delivered_no_signature,False,0.357,0.508,0,27,0.5433,True
fc095d9c-7a55-4472-a197-1cbe03a28236,item_not_received,apparel,wallet,183.81,3,18,signed_confirmation,False,0.779,0.762,0,417,0.5391,False
ae2d4692-1363-4428-908d-852514c19ae5,not_as_described,beauty,card,616.98,9,20,signed_confirmation,False,0.255,0.442,0,385,0.5024,True
a49a4078-f2c1-4dca-b42c-4f451a679bd2,item_not_received,digital_goods,upi,343.43,1,3,not_shipped,True,0.189,0.233,0,1825,0.0696,False
b8f73402-0c1a-450b-88ae-1eabe6c8a813,not_as_described,electronics,upi,1199.25,8,20,not_shipped,False,0.134,0.572,0,691,0.468,False
e4f83a3a-7ec9-44c1-8856-49e1e2a16fd7,item_not_received,beauty,wallet,2300.55,5,3,signed_confirmation,True,0.561,0.203,1,191,0.846,True
b1d07db1-ecb8-4a18-b9da-3f24692277bb,fraud_card_not_present,beauty,upi,6132.36,11,17,signed_confirmation,True,0.332,0.317,0,1192,0.5459,False
e7746ae4-f464-4aa2-aa6d-311fec0978ca,item_not_received,home_goods,card,1285.13,6,1,not_shipped,False,0.315,0.378,0,13,0.1042,False
e87ca6ee-5ff2-4aae-ada4-1852ae1ebe87,not_as_described,digital_goods,upi,342.51,32,1,signed_confirmation,False,0.578,0.738,1,286,0.8774,True
a6764329-d870-4b63-9f2a-e680797ebae1,not_as_described,beauty,card,698.96,3,19,delivered_no_signature,False,0.3,0.169,1,1095,0.1209,False
66edf122-2d14-4433-8328-b4ac20fc9924,item_not_received,beauty,upi,211.99,12,15,delivered_no_signature,False,0.741,0.394,1,255,0.5597,True
a9329a76-5b51-4840-b046-dee94f3c1691,item_not_received,electronics,wallet,984.35,3,16,signed_confirmation,False,0.631,0.331,0,2355,0.657,False
093ffc0f-0361-47a6-a403-1ea61baa3149,item_not_received,groceries,card,1968.84,4,6,signed_confirmation,False,0.915,0.64,0,545,0.8019,True
6b6e6818-f76a-4a3d-b5f9-0b7df7bdb005,fraud_card_not_present,home_goods,upi,1075.58,9,11,signed_confirmation,False,0.488,0.444,1,8,0.4461,True
ac1e3c4b-2c4d-421d-a491-feed261ed8e4,item_not_received,apparel,card,981.84,2,10,delivered_no_signature,True,0.743,0.213,1,142,0.5811,True
